source,title,link,description,published,entry_id,authors,domain,fetched_at,text
The Guardian,TikTok influencer killed in public ‘execution’ as Mali’s jihadist crisis worsens,https://www.theguardian.com/world/2025/nov/11/tiktok-influencer-executed-mali-town-square-suspected-jihadists-mariam-cisse,"Mariam Cissé, who posted videos in support of ruling junta, received death threats before being abducted and killed A TikTok influencer has been shot dead in front of a crowd by suspected jihadists in Mali, underlining how state control has been eroded in the west African nation. Mariam Cissé often wore combat attire to post videos in support of the country’s military to more than 100,000 followers on TikTok. According to Yehia Tandina, the mayor of Timbuktu region, she was abducted in a market on Friday by unknown gunmen. Continue reading...","Tue, 11 Nov 2025 14:07:11 GMT",https://www.theguardian.com/world/2025/nov/11/tiktok-influencer-executed-mali-town-square-suspected-jihadists-mariam-cisse,Eromo Egbejule West Africa correspondent,www.theguardian.com,2025-11-11T22:15:02.657378+00:00,"A TikTok influencer has been shot dead in front of a crowd by suspected jihadists in Mali, underlining how state control has been eroded in the west African nation.
Mariam Cissé often wore combat attire to post videos in support of the country’s military to more than 100,000 followers on TikTok. According to Yehia Tandina, the mayor of Timbuktu region, she was abducted in a market on Friday by unknown gunmen.
At dusk the next day, “the same men brought her back to Independence Square in Tonka and executed her in front of a crowd”, Tandina told the Associated Press. The mayor said Cissé, who is believed to have been in her 20s, received death threats before her death.
No one has claimed responsibility for the killing but Jama’at Nusrat al-Islam wal-Muslimin (JNIM), a group linked to al-Qaida, is known to patrol Tonka, which is about 90 miles from Timbuktu.
“This young woman simply wanted to promote her community through her TikTok posts and encourage the Malian army in its missions to protect people and their property,” said a report on state TV.
The conflict in Mali began in 2012 when an uprising by Tuareg rebels was hijacked by jihadist groups linked to al-Qaida and later Islamic State. Despite French-led interventions and a UN peace mission, violence spread southward as insurgents exploited local grievances, corruption and weak governance.
The military took control of the country in back-to-back coups in 2020 and 2021, after which tensions with western allies deepened. The junta expelled French and UN forces, accusing them of interfering over human rights issues, and turned to Russia for support, including from Wagner mercenaries.
The army has failed to end the insurgency, despite its promises to improve security, and tensions have developed within its ranks.
“The power grab only deepened its divisions, splitting the army between privileged loyalists of the regime and those sent to the frontlines,” said Rama Yade, senior director of the Africa Centre at the Atlantic Council thinktank. “Coupled with the departure of international forces from Mali, this fragmentation led to abandoned positions, weapons falling into the hands of separatists, and jihadists expanding their hold over the rural north.”
The jihadists have tightened control over key supply routes from neighbouring Côte d’Ivoire, Mauritania and Senegal. Fighters from JNIM have imposed a fuel blockade since September, crippling transport and leaving hospitals struggling, and the government has been forced to shut down schools indefinitely. In Bamako, the capital, and other cities, queues stretch for miles for increasingly costly fuel and food.
France, the US, Germany and Italy have issued warnings to their citizens to leave Mali urgently on commercial flights, saying the roads around the capital were unsafe.
Although the junta is holding on for now, analysts and observers say the fall of the regime is likely within weeks or months.
In a statement on Sunday, the African Union “expressed deep concern over the rapidly deteriorating security situation in Mali”, calling for urgent international coordination and intelligence-sharing to help the junta restore stability.
The worsening insecurity has led to a spike in kidnappings: five Indian workers were abducted last Thursday near Kobri in western Mali. On Sunday, JNIM claimed responsibility for the abduction of three Egyptian nationals and demanded $5m to release them."
The Guardian,Violent reprisals after DRC whistleblowers discover profiteering in protected land,https://www.theguardian.com/environment/2025/nov/11/violent-reprisals-after-drc-whistleblowers-discover-profiteering-in-protected-land,"Environmentalists seeking to end logging, smuggling and pollution in DRC’s Mangrove Marine park faced threats, violence and rape People who have tried to expose unlawful ownership and profit-making from protected land in the Democratic Republic of Congo (DRC) have faced threats, violence and rape, an investigation has found. The DRC government hired the conservation worker Kim Rebholz in 2022 to safeguard the Mangrove Marine park, an internationally recognised nature reserve on the country’s tiny coastline. The Congo basin rainforest, to the east, is the largest rainforest after the Amazon. Continue reading...","Tue, 11 Nov 2025 08:00:12 GMT",https://www.theguardian.com/environment/2025/nov/11/violent-reprisals-after-drc-whistleblowers-discover-profiteering-in-protected-land,Josephine Moulds and Sonia Rolley,www.theguardian.com,2025-11-11T22:15:03.701456+00:00,"People who have tried to expose unlawful ownership and profit-making from protected land in the Democratic Republic of Congo (DRC) have faced threats, violence and rape, an investigation has found.
The DRC government hired the conservation worker Kim Rebholz in 2022 to safeguard the Mangrove Marine park, an internationally recognised nature reserve on the country’s tiny coastline. The Congo basin rainforest, to the east, is the largest rainforest after the Amazon.
Rebholz hoped to extend the protected area across the region. “I was very hopeful that we could do a good job,” he told the Bureau of Investigative Journalism and the Platform to Protect Whistleblowers in Africa.
The Mangrove Marine park is home to manatees and endangered sea turtles, and is where the River Congo finishes its 3,000-mile journey from the highlands of Zambia to the Atlantic Ocean. It was designated protected in 1992 and subsequently recognised under the Ramsar convention of conservation. It is subject to strict regulations, although those restrictions can be lifted for certain people in certain circumstances, “provided that these remain compatible with conservation objectives”. The inland area allows for some fishing but nothing that would “disturb the natural environment”.
So Rebholz was shocked when, patrolling the park a few months into the job, he came across what appeared to be an industrial-sized palm oil plantation, and an expanse of tens of thousands of palm trees. Rebholz says he asked his deputies: “What exactly is this?” and they told him that it belonged to the company of the former president Joseph Kabila, who had spent almost two decades in power before stepping down in 2019 after a series of deadly protests.
The plantation that Rebholz had stumbled across is large enough to be seen from space. Clearly within the boundaries of the park, in what should be a wilderness, are neat rows of the tell-tale star shapes of palm trees covering more than 400 hectares (988 acres). As of summer 2025, it was still thriving. A mapped document dated 2023 states that it was created by the department of forestry management, marking out the plantation: “Land appropriated by a private plantation of palm trees belonging to the former head of state within the Marine Mangroves park, which considerably reduces the park’s surface area,” and local people confirmed the land grabbing: “It still belongs to Kabila … His base is here”. Rebholz says that as well as violating the park’s protected status, the plantation robs large mammals of a vital habitat and that buffaloes have almost disappeared from the area.
Rebholz had also spotted on satellite images an illegal logging port owned by Congo Dihao, a Chinese group closely linked to a logging company called Maniema Union, as identified by a recent study commissioned by international and Congolese conservation agencies, which has been linked to one of Kabila’s most brutal enforcers, General Amisi. Farther west he found another illegal port, this one for oil. An oil industry executive told him the traffic accounted for nearly a third of fuel sold in Kinshasa.
But after Rebholz demanded that a commission of inquiry be set up, he says “the reprisals came thick and fast”. On 2 February 2023, he says seven hooded men armed with machetes and guns broke into his house in the middle of the night. They dragged out Rebholz, his wife and his young son. Then they put the gun to Rebholz’s head and faked his execution. “All this happened in front of our little boy,” he says.
Two of the men led his wife away to the couple’s bedroom. They raped her while her husband and son were under gun point in the other room and threatened to kill her if she resisted. Looking back, Rebholz says: “I didn’t know she had been raped until they left because she was sure that if she had yelled and cried, I would have got mad and got shot, cut into pieces.”
At some point the men left. The bandits said they had come for Rebholz – a “white bastard” – and knew about his role at the Mangrove Marine park. Sitting in a hotel in Paris several months later, he shakes his head. “So they were there for me, but the worst happened to my wife.” He says his wife is “as well as she can be” and his son’s nightmares have started to ease.
This was not the first time violence had followed a finger being pointed at power; in 2021, after a Congolese NGO published a report alleging that a farm owned by Kabila encroached on a national park in eastern DRC, the NGO received a summons to the magistrates court for defamation. The night the case was dismissed, “a commando unit of about 15 people climbed over the fence and broke into my house”, Timothée Mbuya, president of the NGO, told the Platform to Protect Whistleblowers in Africa, a Paris-based anti-corruption group. “They threatened my family with kalashnikovs and assaulted some of them. They pointed a gun at my wife and children and searched the entire house, saying that when I was found, my body would be taken to the morgue.” No investigation into the attack took place.
It remains unclear who carried out the attack on Rebholz’s family. He filed a complaint, but no investigation ever took place, and he left the country with his family. But first he wrote to DRC’s environment minister – copying in president Felix Tshisekedi – to lay out the environmental destruction he had discovered in the park and the people he believed responsible for it. They included Cosma Wilungula, who as former director general of the Congolese Institute for Nature Conservation (ICCN), was ultimately responsible for the Mangroves park; Augustin Ngumbi, DRC’s representative to the high-profile international wildlife protection agency CITES; and the former president of the DRC, Joseph Kabila.
Ngumbi said he was not informed of Rebholz’s allegations about the environmental issues within the park at the time and that they were “pure fabrication”. Wilungula said the allegations were “false, misleading and politically motivated” and that he had left the ICCN before Rebholz started as director of the park. He said Kabila’s company never posed a threat to the park and that the former president had helped combat poaching there.
Kabila, Amisi, the ICCN, and representatives for the DRC government, did not respond to requests for comment. Congo Dihao said it owns a legal port for which it has all the necessary authorisations. It said Maniema Union is not affiliated with its company.
Rebholz looks back on his time at Mangrove Marine park with resolve. “Of course, I regret what happened to my family,” he says. “But I don’t regret the experience. I hope this will have served some purpose.”
The US government subsequently said Ngumbi and Wilungula would be ineligible for entry to the US “due to their involvement in significant corruption” related to wildlife trafficking. Both denied the allegations and said no evidence had been provided to back them up.
Kabila, meanwhile, was last month tried in absentia by the DRC government on charges of treason, crimes against humanity and corruption, and found guilty. Human Rights Watch has criticised the trial as “a political vendetta”.
Rebholz appears grimly vindicated. “I hope that by denouncing what happened, I can raise awareness of the issues at stake at both a local and international level, so a more responsible vision [for the park] can emerge.
“I hope it can contribute to a brighter future.”
To read the full story at the Bureau of Investigative Journalism click here"
The Guardian,US has sent $7.5m to Equatorial Guinea to accept noncitizen deportees,https://www.theguardian.com/us-news/2025/nov/10/deportations-equatorial-guinea-money,"Country is one of world’s most repressive and corrupt, raising concerns over rights abuses of those deported The United States has sent $7.5m to the government of Equatorial Guinea, one of the world’s most repressive and corrupt regimes, to accept noncitizen deportees from the US to the west African nation, according to a leading congressional Democrat, current and former state department officials, and public government data. The money sent to Equatorial Guinea is the first taken from a fund apportioned by Congress to address international refugee crises – and sometimes to facilitate the resettlement of refugees in the US – that has instead been repurposed under the Trump administration to hasten their deportation. Continue reading...","Mon, 10 Nov 2025 23:18:05 GMT",https://www.theguardian.com/us-news/2025/nov/10/deportations-equatorial-guinea-money,Andrew Roth and Joseph Gedeon in Washington,www.theguardian.com,2025-11-11T22:15:04.730001+00:00,"The United States has sent $7.5m to the government of Equatorial Guinea, one of the world’s most repressive and corrupt regimes, to accept noncitizen deportees from the US to the west African nation, according to a leading congressional Democrat, current and former state department officials, and public government data.
The money sent to Equatorial Guinea is the first taken from a fund apportioned by Congress to address international refugee crises – and sometimes to facilitate the resettlement of refugees in the US – that has instead been repurposed under the Trump administration to hasten their deportation.
According to government data, the sum from the Migration and Refugee Assistance (MRA) emergency fund was sent directly to the government of Equatorial Guinea, whose president, Teodoro Obiang Nguema Mbasogo, has been in power for the last 46 years, and who is accused along with his son, Nguema Obiang, the vice-president, of embezzling millions of dollars from the impoverished nation to fuel their lavish lifestyles.
In a letter sent to Marco Rubio, the US secretary of state, Jeanne Shaheen, the top-ranking Democratic senator on the Senate foreign relations committee, called the payment “highly unusual” and noted the country’s “history of corruption” and government officials’ “complicity in human trafficking” that raised “serious concerns over the responsible, transparent use of American taxpayer dollars”.
She also asked what protections, if any, would ensure that the deportees would not be “vulnerable to human trafficking, human smuggling or human rights abuses”.
A copy of the letter was obtained by the Guardian. The letter was first reported by the Associated Press.
The deal fits the administration’s contentious third-country deportation push, which has alarmed human rights monitors. UN experts warned in July the policy could see people removed to foreign countries within a single day, without adequate legal safeguards or chance to raise torture or persecution concerns.
Washington has approached at least 58 governments about accepting deportees, often securing agreements through cash payments or diplomatic pressure including travel ban threats. Nearly all the countries involved – including Eswatini, South Sudan and El Salvador – feature in state department reports for serious human rights abuses.
“Implementing the Trump administration’s immigration policies is a top priority for the Department of State,” said a state department spokesperson in response to an inquiry from the Guardian. “As Secretary Rubio has said, we remain unwavering in our commitment to end illegal and mass immigration and bolster America’s border security.
“We have no comment on the details of our diplomatic communications with other governments,” the response added.
Christopher Landau, the US deputy secretary of state, met in September with Obiang, the vice-president, who was convicted by a Parisian court in 2017 of embezzling tens of millions of euros and laundering the proceeds in France. The US Department of Justice in 2012 determined he had spent $315m around the world on properties, supercars and other luxury goods. The US ultimately seized more than $27m from the official, including properties, luxury cars and a white jewel-encrusted glove worn by Michael Jackson during his Bad tour.
During the meeting on the sidelines of the UN general assembly, Landau and Obiang “reaffirmed joint commitments to deepen commercial and economic ties, combat illegal immigration and advance security cooperation”, the state department said. Obiang in late October confirmed he would cooperate with the Trump administration on the “orderly reception of undocumented immigrants, under strict joint protocols designed to guarantee a safe and coordinated process”.
Observers noted that the deal was conducted in relative secrecy for an administration that has been proud of its efforts to hammer out agreements for the deportation of third-country nationals (TCNs) who could not be sent back to their home countries.
“Knowing that this was a direct transfer of money to a government that is highly corrupt … was a red flag,” said a congressional aide, who called the deal a “notable, egregious agreement”.
Funds for Migration and Refugee Assistance are traditionally used for “responding to refugee and humanitarian crises overseas”, said the aide, such as those in Gaza or Sudan, rather than the removal of noncitizens from the US.
There are “plenty of places where these funds should be used to support refugees overseas in the midst of conflict or humanitarian crises. There’s certainly need. So again, why are we sending this to Equatorial Guinea?”
Another congressional Democratic aide said it’s possible the state department only shared the agreement with Republican lawmakers, who have been “grossly partisan recently – even more than usual”.
The office of James Risch, a Republican senator who chairs the foreign relations committee, did not immediately return a request for comment on how long the agreement has been on the table."
The Guardian,Protesters target major new Nigerian museum embroiled in looted artefacts row,https://www.theguardian.com/world/2025/nov/10/protesters-disrupt-event-at-nigeria-museum-mowaa-embroiled-in-looted-artefacts-row,"Protest at Mowaa comes amid dispute over ownership of Benin bronzes looted by British colonial forces Protesters have disrupted a preview event at a major new museum in the Nigerian city of Benin that has become embroiled in a row over the restitution of artefacts looted by British colonial forces. The demonstrators asserted that the opening of the Museum of West African Art (Mowaa) is a violation of Benin City’s cultural heritage, which falls under the authority of its traditional ruler, the Oba of Benin, Ewuare II. Continue reading...","Mon, 10 Nov 2025 15:19:20 GMT",https://www.theguardian.com/world/2025/nov/10/protesters-disrupt-event-at-nigeria-museum-mowaa-embroiled-in-looted-artefacts-row,Eromo Egbejule West Africa correspondent,www.theguardian.com,2025-11-11T22:15:05.774250+00:00,"Protesters have disrupted a preview event at a major new museum in the Nigerian city of Benin that has become embroiled in a row over the restitution of artefacts looted by British colonial forces.
The demonstrators asserted that the opening of the Museum of West African Art (Mowaa) is a violation of Benin City’s cultural heritage, which falls under the authority of its traditional ruler, the Oba of Benin, Ewuare II.
In a video circulating on social media, protesters were seen loudly chanting “Oba ghato kpere ise” (“Long live the king” in the Bini language) while foreign and local visitors were ushered out by security personnel.
Reporters at the scene said there was minor damage to the museum, which is due to open to the public on Tuesday.
Phillip Ihenacho, Mowaa’s director, told Agence France-Presse: “Protesters entered and began vandalising part of the reception pavilion, where we receive visitors, then they stormed inside the front section, where the exhibition area is located.”
In a statement, the museum said it was deeply grateful to guests for their patience. “We sincerely apologise for any inconvenience this situation may have caused,” it said.
Mowaa comprises conservation labs, galleries, and studios aimed at fostering exchanges around west African art. Originally called the Edo Museum of West African Art, it is in what was once the capital of the ancient Benin empire, whose vassal states included modern-day Lagos. Benin City is now the capital of Edo state.
The museum, which is co-funded by the French and German governments as well as private donors, was supposed to host several of the Benin bronzes – the name given to artefacts looted by British soldiers during a punitive expedition in 1897 that were then scattered across collections in Europe and America. About 40 miles (65km) north of Mowaa is a smaller museum dedicated to the victim of a similar British expedition four years earlier.
More than 150 original bronzes have been returned to Nigeria over the last five years from European state museums and private collections, as the west attempts to atone for its past.
However, a rivalry between Edo state’s former and current governors, who belong to different political parties, means none of the bronzes will be on public display at Mowaa.
The current administration is allied to Ewuare II, the spiritual and cultural leader of the Edo people. In March 2023, Nigeria’s federal government sided with Ewuare, a former diplomat who has long posited that the artefacts should be housed at the Benin palace because they were looted from there.
In its statement, Mowaa distanced itself from the state government, saying it was an independent, nonprofit institution, of which the former governor had no interest financial or otherwise. It also advised against any visits to the campus until further notice.
Nigeria’s culture minister, Hannatu Musawa, said: “The reported disruption at Mowaa not only endangers a treasured cultural asset but also threatens the peaceful environment necessary for cultural exchange and the preservation of our artistic patrimony.”
The incident drew mixed reactions across Nigeria, with some calling for a quick resolution as the country seeks to consolidate its standing as a cultural superpower.
“This is not good optics for Edo state and not also for Nigeria,” the Lagos-based Zero Prive gallery said in a post on Instagram. “We stand in support of Mowaa as an independent body. Whatever political issues or differences let it be sorted out in the interest of the people of Edo state and the country.”"
The Guardian,Terrorist turf war battle in north-eastern Nigeria leaves about 200 dead,https://www.theguardian.com/world/2025/nov/10/terrorist-turf-war-battle-north-eastern-nigeria,"Fighting between Boko Haram and rival militants from Islamic State West Africa Province broke out on shores of Lake Chad As many as 200 terrorists were killed in a turf war on Sunday between rival jihadists in north-east Nigeria. The fighting between Boko Haram and rival militants from Islamic State West Africa Province (Iswap) broke out over the weekend in the village of Dogon Chiku, which lies on the shores of Lake Chad, a restive area located at the junction of Nigeria, Niger, Chad and Cameroon. Continue reading...","Mon, 10 Nov 2025 15:05:02 GMT",https://www.theguardian.com/world/2025/nov/10/terrorist-turf-war-battle-north-eastern-nigeria,Eromo Egbejule West Africa correspondent,www.theguardian.com,2025-11-11T22:15:06.817033+00:00,"As many as 200 terrorists were killed in a turf war on Sunday between rival jihadists in north-east Nigeria.
The fighting between Boko Haram and rival militants from Islamic State West Africa Province (Iswap) broke out over the weekend in the village of Dogon Chiku, which lies on the shores of Lake Chad, a restive area located at the junction of Nigeria, Niger, Chad and Cameroon.
The lake’s riverine corridors serve as operational zones for jihadists who also bank on revenues from taxing fishers, loggers and herders.
The violent episode was the latest in a fight between the groups for territory and influence as more non-state actors stake a claim for dominance in the wider Sahel region. According to reports, Iswap reportedly incurred more personnel losses and several boats used in the assault were seized by Boko Haram forces.
“From the toll we got, around 200 Iswap terrorists were killed in the fight,” Babakura Kolo, a member of a vigilante group that works with the Nigerian military, told Agence France-Presse.
“We are aware of the fighting which is good news to us,” AFP also quoted a Nigerian intelligence source as saying. The source added that the casualty total was “more than 150”.
Iswap began as a splinter group from Boko Haram that allied with IS. Since the split in 2016, both factions have fought repeatedly, primarily in the Lake Chad basin area. Other groups have since split from Boko Haram, drifting to other parts of northern Nigeria.
The lake has lost more than 90% of its surface area since the 1960s, according to the UN Environment Programme. As the water recedes, new land routes across the territory open up.
By many analyst accounts, Iswap was long considered the stronger and more resourceful of the two factions, but Boko Haram was seen as successful in the fight to occupy the Lake Chad area. Sunday’s clash was potentially the deadliest between them yet.
In May 2021, Iswap launched an offensive on Sambisa, the forest enclave that was Boko Haram’s longtime base, and where it kept abducted schoolgirls. It is believed that Abubakar Shekau, the infamous leader of Boko Haram, killed himself during a clash with Iswap in Sambisa.
Between December 2022 and January 2023, Boko Haram also launched big raids on two Iswap bases in Borno state, the birthplace of the group’s radical ideology. Caches of weapons were seized as more than 100 Iswap fighters were killed and 35 others injured, according to reports by local newspapers the Guardian Nigeria and Punch.
After the extrajudicial killing in 2009 of Shekau’s predecessor, Mohammed Yusuf, a jihadist conflict has killed more than 40,000 people and displaced around 2 million in Nigeria’s predominantly Muslim north-east."
The Guardian,"World must ‘honour 1.5C’, small island states insist at Cop30 summit – as it happened",https://www.theguardian.com/environment/live/2025/nov/11/cop30-live-negotiations-begin-after-agenda-agreed,"This live blog is now closed. You can read the full Guardian coverage of the climate talks in Brazil here In the run-up to Cop30, the Guardian published a series of articles looking at the ten biggest polluters of greenhouse gas, and their plans to clean up. Here’s a piece my colleague Jonathan Watts wrote in September about China, which according to an analysis published today has plateaued its emissions. Chinese power took on an old-fashioned hue in the past week with a huge military parade, a gathering of former allies Russia and North Korea, and President Xi Jinping’s defiant vow not to be intimidated by bullies. Continue reading...","Tue, 11 Nov 2025 21:01:36 GMT",https://www.theguardian.com/environment/live/2025/nov/11/cop30-live-negotiations-begin-after-agenda-agreed,"Damien Gayle (now), and Ajit Niranjan (earlier)",www.theguardian.com,2025-11-11T22:15:07.893545+00:00,"World must ""honour 1.5C"", small island states insist
Small island states have described the 1.5C limit for global heating as “a lifeline” and demanded that the world honours it, amid increasing gloom that the symbolic target has already been breached.
“Small island states are here to demand we honour 1.5,” Toiata Apelu-Uili, mitigation coordinator for the Alliance of Small Island States (Aosis), was quoted as saying by the Reuters news agency.
“It is not a political slogan. This is a lifeline for our survival, for our small islands. We’re here because our survival, our people, our lives are not negotiable.”
Apelu-Uili, who travelled for two days to get to Belem from Samoa, spoke at a side event on day one of Cop30, where representatives of small island states offered delegates a start reminder of what failure at the climate talks looks like.
“Hurricane Melissa slammed into Jamaica a week-and-a-half ago and every single Jamaican now knows the word catastrophic,” said UnaMay Gordon, a former director of climate change for the Jamaican government and adviser to the Caribbean Community Climate Change Center, which coordinates climate action.
The strongest ever storm to hit Jamaica left dozens dead and caused billions of dollars worth of damage, roughly equivalent to 28% to 32% of last year’s gross domestic product, according to the island’s prime minister.
“We lost cultural heritage, 300-year-old churches are lost. A part of our identity was lost with it. People are hurting,” Gordon told reporters.
Scientists say that breaching 1.5C would lead to several irreversible changes, like melting ice caps driving faster sea level rises of the kind that supercharged the winds driving Hurricane Melissa. Antonio Guterres, the UN secretary general, last week described its breaching as a “moral failure and deadly negligence”.
We’re going to wind up the blog for the day now. After the conference reached agreement on the agenda, the notable events today included:
Kayapo chief Raoni, Brazil’s most prominent indigenous leader, has urged the country’s government to empower indigenous peoples to preserve the Amazon rainforest
Removing carbon from the atmosphere will be necessary to avoid catastrophic tipping points, one of the world’s leading scientists Johan Rockström has warned
California will prioritise green tech and climate, governor Gavin Newsom told Cop30
Small island states have described the 1.5C limit for global heating as “a lifeline” and demanded that the world honours it
For the first time in the history of these annual UN climate talks, the US has not sent a single official delegate, an analysis by Carbon Brief has confirmed
“Ciao, bambino!” was the message Christiana Figueres, former executive secretary of the United Nations framework convention on climate change, had for the US
And Cop32 will be hosted in Addis Ababa, the capital of Ethiopia, Reuters reports.
It’s been a pleasure and we look forward to seeing you all tomorrow!
More than 100 people gathered outside the Cop29 venue on Tuesday evening calling for an end to Israel’s siege on Gaza, reports my colleague Dharna Noor.
“Stop, stop ecocide,” they chanted. “Stop, stop genocide.”
At the UN climate talks, some activists are calling for Israel to be removed from the United Nations Framework Convention on Climate Change. “A state committing genocide and apartheid cannot participate in the UNFCCC negotiations without threatening their credibility,” one activist said, noting that UN bodies have said Israel is committing genocide in Gaza.
The organizers also called for an energy embargo on Israel, blocking the fuel that sustains the country. As of November 10, the latest figures from the Palestinian Ministry of Health in Gaza, confirm that at least 69,ooo people have been killed. Two thirds of Gaza’s farmland has been destroyed by Israeli forces.
Many at the protest said they had been directly impacted by Israel’s war on Gaza. “The Israeli regime has killed my entire father’s side of my family and has displaced my entire mother’s side,” said Mohammed Usrof of the Palestinian Institute for Climate Strategy.
Organizers said they were not permitted to have the protest in the halls of Cop29. This has not deterred the movement, said Jamal Juma of the Boycott Divest Sanctions movement and Stop the Wall Coalition.
Meanwhile, in case you missed this powerful piece yesterday, Reuters reported on how land erosion is affecting people in Bangladesh.
Every year, hundreds of families in northern Bangladesh’s Kurigram district face the same fate. As riverbanks collapse, people lose not only their homes but also their land, crops, and livestock. The Brahmaputra, Teesta, and Dharla rivers — once lifelines for millions — have become unpredictable, eroding land faster than ever before.
The chars — sandy, shifting islands scattered across the country’s northern plains — are among the most fragile places in Bangladesh. Families rebuild again and again, only for the river to take everything they have.
It appears there has been some kind of mix up and Gavin Newsom, the California governor, won’t actually be speaking at Cop30 for another hour or so. Sorry about that!
Brazil’s most prominent indigenous leader has urged the country’s government to empower indigenous peoples to preserve the Amazon rainforest, Reuters reports.
In an interview with the news agency, Raoni Metuktire warned that plans to build infrastructure in Amazon region – including proposed highways, rail projects and oil wells – are a direct threat to the forest and its people, and would harm people across the world.
Speaking in his native language of Kayapo, with his grandson translating, Chief Raoni told Reuters:
These projects destroy rivers and lands and they are continuing to do it. I don’t like it. I had said long ago that there will be many very bad consequences for us.
It will be very bad for us. And for you too. You are bringing the consequences upon yourselves.
Dozens of indigenous leaders have travelled to Belém for this year’s UN Cop30 climate summit, which had been billed as the “Amazonian Cop”, with promises of greater representation for indigenous peoples.
A key demand of indigenous groups worldwide is for a greater say in how the lands they live on are managed. Chief Raoni urged Brazil’s government to give legal protections to tribal lands. He said:
I had spoken to Lula when we met before he took office and told him that it was necessary to do it so, that finally my people, my relatives, could have their lands by right.
He also criticised a number of projects, including a plan to pave a highway through the forest, and a license granted a few weeks ago allowing Brazil’s state-run oil company Petrobras to explore for offshore oil 500km from the mouth of the Amazon River.
Raoni is no stranger to international environmental summits. He attended the 1992 Earth Rio Summit, which produced the UN climate treaty under the auspices of which the Cop summits take place. He was downbeat on progress since then.
When there were forests everywhere, I went to that meeting to talk about the forest. I said that our forest had to be preserved. And even so, they continued to destroy everything.
You non-Indigenous people, perhaps you should have listened and thought about your children, thought about your grandchildren, so that the forest can live and contribute to the lives of new generations, of your grandchildren.
California governor Gavin Newsom will be speaking at Cop30 in a few minutes.
Embedded at the top of the blog is a live feed of the summit’s session on adaptation, cities and climate innovation, at which Newsom will speak alongside Christiana Figueres, the former UN climate chief.
Newsom is in Belem representing America Is All In and the US Climate Alliance, two organisations trying to keep America relevant in the fight against climate breakdown.
Removing carbon from the atmosphere will be necessary to avoid catastrophic tipping points, one of the world’s leading scientists has warned, as even in the best-case scenario the world will heat by about 1.7C, writes Jonathan Watts, the Guardian’s global environment writer.
Johan Rockström of the Potsdam Institute for Climate Impact Research, who is one of the chief scientific advisers to the UN and the Cop30 presidency, said 10bn tonnes of carbon dioxide needed to be removed from the air every year even to limit global heating to 1.7C (3.1F) above preindustrial levels.
To achieve this through technological means, such as direct air capture, would require the construction of the world’s second biggest industry, after oil and gas, and require expenditures of about a trillion dollars a year, scientists said. It would need to be done alongside much more drastic emissions cuts and could also have unintended consequences.
Rockström was among several leading climate experts who spoke at a first public event for the Science Council, which was set up as an advisory body by the Belém Cop30 presidency.
California will prioritise green tech and climate, governor tells Cop30
California will continue to prioritise green technology and climate policy, the state’s governor, Gavin Newsom, told delegates at Cop30, in defiance of Donald Trump’s opposition to the green agenda.
“The United States of America is as dumb as we want to be on this topic, but the state of California is not,” Newsom said, in the first of several scheduled appearances at the U.N. climate summit in Brazil.
“And so we are going to assert ourselves, we’re going to lean in, and we are going to compete in this space.”
Newsom, one of Trump’s most strident opponents, who has for months been teasing a run for the White House in 2028, arrived this week in Belém with a message that his state will continue to be a “reliable partner” on green policy.
Though California is just one of 50 US states, the size of its economy – the world’s fourth-largest – makes it a key player in influencing markets and energy policy.
Newsom is expected to meet with officials from some of the 195 governments taking part in Cop30, as well as a series of subnational leaders, including the governor of Brazil’s state of Para, the location of the summit.
Trump, who has declared climate change a hoax, made withdrawing the US from the Paris Agreement one of his first acts on resuming the presidency at the beginning of this year, and he has not sent a single official to this year’s climate summit.
“The reason I’m here is in the absence of leadership coming from the United States,” Newsom said at an investors summit in Brazil’s financial hub of Sao Paulo on Monday, according to Reuters. “This vacuum, it’s rather jaw-dropping.”
Visitors to the Cop30 climate summit may have tried the Amazon’s famous acai berry before. But they are likely to be in for a surprise when they taste its authentic preparation in Belém, according to a report by the Associated Press.
The US-based news agency reports that acai bowls served by local vendors in the Amazonian city are served – true to the dish’s rainforest roots – unadulterated and without sugar.
Punters more used to the frozen and sweetened acai cream sold in other countries, and elsewhere in Brazil, are finding it an acquired taste.
“I can’t say this is bad and I totally respect the cultural importance of it, but I still prefer the ice creamy version,” Catherine Bernard, from France, told AP as she tasted a traditional acai berry bowl in downtown Belem on Thursday.
Indigenous people in the Amazon have cultivated the acai berry for hundreds of years. The nutrient-rich fruit is blended into a thick liquid and served at room temperature with a sprinkling of tapioca flour.
Tainá Marajoara, an activist and owner of a restaurant, told AP: “The acai coming from Indigenous people is the food when there’s no food. It was never a drink or an extra. It can be the main course for us.”
Marajoara’s restaurant at the Cop3- pavilion charges 25 Brazilian reais ($5) for a bowl, about the same as bowls in other parts of Brazil that use industrially processed and sweetened acai cream, often with toppings.
World must ""honour 1.5C"", small island states insist
Small island states have described the 1.5C limit for global heating as “a lifeline” and demanded that the world honours it, amid increasing gloom that the symbolic target has already been breached.
“Small island states are here to demand we honour 1.5,” Toiata Apelu-Uili, mitigation coordinator for the Alliance of Small Island States (Aosis), was quoted as saying by the Reuters news agency.
“It is not a political slogan. This is a lifeline for our survival, for our small islands. We’re here because our survival, our people, our lives are not negotiable.”
Apelu-Uili, who travelled for two days to get to Belem from Samoa, spoke at a side event on day one of Cop30, where representatives of small island states offered delegates a start reminder of what failure at the climate talks looks like.
“Hurricane Melissa slammed into Jamaica a week-and-a-half ago and every single Jamaican now knows the word catastrophic,” said UnaMay Gordon, a former director of climate change for the Jamaican government and adviser to the Caribbean Community Climate Change Center, which coordinates climate action.
The strongest ever storm to hit Jamaica left dozens dead and caused billions of dollars worth of damage, roughly equivalent to 28% to 32% of last year’s gross domestic product, according to the island’s prime minister.
“We lost cultural heritage, 300-year-old churches are lost. A part of our identity was lost with it. People are hurting,” Gordon told reporters.
Scientists say that breaching 1.5C would lead to several irreversible changes, like melting ice caps driving faster sea level rises of the kind that supercharged the winds driving Hurricane Melissa. Antonio Guterres, the UN secretary general, last week described its breaching as a “moral failure and deadly negligence”.
Hello this is Damien Gayle, once again taking the reins on the Guardian’s live coverage of the Cop30 circus in Belém, Brazil, with thanks to Ajit for bringing you through the last few hours.
As ever, if you have any suggestions about what we should be covering on here please do feel free to drop me a line at damien.gayle@theguardian.com.
Here are a few photos of campaigners protesting today at Cop30. They include calls for a “just transition” away from fossil fuels, feminists demanding climate justice, and a push to get oil and gas lobbyists out of UN climate talks.
For the first time in the history of these annual UN climate talks, the US has not sent a single official delegate, an analysis by Carbon Brief has confirmed.
The US is in rare company at this year’s Cop summit in Belem, with only Afghanistan, Myanmar and San Marino also sending no delegates to the Amazon. Carbon Brief drew the numbers from the provisionallists of delegates published by the United Nations Framework Convention on Climate Change (UNFCCC).
The lack of US representation is in line with the Trump administration confirming it would send no high-level officials to the talks, after the president had lambasted concerns over the climate crisis as a “con job” and a “hoax.”
Trump has spent recent months cajoling other countries to purchase US oil and gas, weakening their climate policies in order to do so. Despite the American absence, there has been nervousness in Belem that the administration will attempt to try to derail aspects of the climate talks by putting pressure on other countries from afar.
Overall, Cop30 is among the largest ever of the climate summits in terms of delegates, second only to Dubai in 2023. More than 56,000 people registered to come to Belem, near the mouth of the Amazon river, despite worries about exorbitant accommodation costs.
The figures are so far provisional, as some registered delegates will have not ultimately made the trip. The UNFCCC will release the final list at the end of the conference."
The Guardian,Pentagon’s largest warship enters Latin American waters as US tensions with Venezuela rise,https://www.theguardian.com/us-news/2025/nov/11/navy-carrier-trump-drugs-caribbean-latin-america,"USS Gerald R Ford’s arrival marks the largest US military presence in the region since the invasion of Panama in 1989 The US navy has announced that the USS Gerald R Ford, regarded as the world’s newest and largest aircraft carrier, has entered the area of responsibility of the US Southern Command, which covers Latin America and the Caribbean . The deployment of the ship and the strike group it leads – which includes dozens of aircraft and destroyer ships – had been announced nearly three weeks ago, and its arrival marks an escalation in the military buildup between the US and Venezuela . Continue reading...","Tue, 11 Nov 2025 17:47:36 GMT",https://www.theguardian.com/us-news/2025/nov/11/navy-carrier-trump-drugs-caribbean-latin-america,"Tiago Rogero, South America correspondent",www.theguardian.com,2025-11-11T22:15:08.935502+00:00,"The US navy has announced that the USS Gerald R Ford, regarded as the world’s newest and largest aircraft carrier, has entered the area of responsibility of the US Southern Command, which covers Latin America and the Caribbean.
The deployment of the ship and the strike group it leads – which includes dozens of aircraft and destroyer ships – had been announced nearly three weeks ago, and its arrival marks an escalation in the military buildup between the US and Venezuela.
The regime of the Venezuelan president, Nicolás Maduro, meanwhile, announced what it called a “massive deployment” of land, sea, air, river and missile forces, as well as civilian militia, to counter the US naval presence off its coast.
The US carrier joins other warships, a nuclear-powered submarine and aircraft based in Puerto Rico, forming the largest US military presence in the region in decades – seen as the biggest since the invasion of Panama in 1989.
Donald Trump has sought to justify the massive military buildup as part of his “war on drugs”, targeting traffickers allegedly smuggling narcotics through Caribbean and Pacific waters. That campaign has included airstrikes on boats that have so far killed at least 76 people in South American waters since September.
Sean Parnell, the chief Pentagon spokesperson, said in a statement released by the US navy that the arrival of the USS Gerald R Ford, with “more than 4,000 sailors and dozens of tactical aircraft aboard”, will “bolster US capacity to detect, monitor, and disrupt illicit actors and activities” in the region.
“These forces will enhance and augment existing capabilities to disrupt narcotics trafficking and degrade and dismantle transnational criminal organisations,” he added.
Many analysts see the attacks on boats and the growing military buildup as a way to pressure Maduro to step down after stealing last year’s election.
Maduro has accused the US of “fabricating a new war” and said the naval deployment represents “the greatest threat our continent has faced in the past 100 years”.
On Tuesday, before the US navy confirmed the carrier’s arrival, the Venezuelan regime announced a new phase of its military deployment against what it called the US “imperial threats”, with state television broadcasting footage of military leaders giving speeches across several states.
On Sunday, at the close of the Community of Latin American and Caribbean States (Celac) summit in Colombia, a joint declaration signed by 58 of the 60 nations present rejected “the use or threat of use of force and any action not in accordance with international law and the Charter of the United Nations” – without making any direct reference to the US.
Venezuela and Nicaragua were the only countries not to sign the declaration, but Maduro’s regime had reportedly expected a stronger condemnation of the US.
Brazil’s president, Luiz Inácio Lula da Silva, who is negotiating a deal with Trump to cut tariffs on Brazilian imports by more than 50%, also avoided any direct mention of Washington.
He said: “We are a zone of peace. We don’t need war here. The problem in Venezuela is a political one, and it must be resolved through politics.”"
The Guardian,Man and daughter flying hurricane relief supplies to Jamaica identified as victims of crash,https://www.theguardian.com/us-news/2025/nov/11/florida-plane-crash-victims-hurricane-supplies,"Alexander Wurm, 53, and his daughter Serena died in Florida crash as they were flying supplies to Jamaica The founder of a church ministry and his 22-year-old daughter have been identified as the victims of a deadly plane crash in Florida on Monday as they were flying hurricane relief supplies to Jamaica . Alexander Wurm, 53, and his daughter Serena died when their twin-engined Beechcraft King Air crashed into a residential neighborhood in Coral Springs on Monday morning shortly after takeoff from Fort Lauderdale’s executive airport. Continue reading...","Tue, 11 Nov 2025 16:06:40 GMT",https://www.theguardian.com/us-news/2025/nov/11/florida-plane-crash-victims-hurricane-supplies,Richard Luscombe in Coral Springs,www.theguardian.com,2025-11-11T22:15:09.980266+00:00,"The founder of a church ministry and his 22-year-old daughter have been identified as the victims of a deadly plane crash in Florida on Monday as they were flying hurricane relief supplies to Jamaica.
Alexander Wurm, 53, and his daughter Serena died when their twin-engined Beechcraft King Air crashed into a residential neighborhood in Coral Springs on Monday morning shortly after takeoff from Fort Lauderdale’s executive airport.
A resident’s security video caught the moment the plane plunged into a lake after narrowly avoiding houses. Officials said nobody on the ground was injured.
Wurm was the founder of Ignite the Fire, a Cayman Islands-based Christian ministry that supports the empowerment of youth in the Caribbean. He had made multiple trips to Jamaica in recent days to deliver humanitarian relief in the aftermath of Hurricane Melissa, the devastating category 5 storm that made landfall on 28 October.
According to a post to his personal Facebook page on 2 November, Wurm, an experienced aviator, had only recently purchased the plane. “It can carry a lot and it is a very reliable aircraft. Perfect for the mission to bring relief goods into Montego Bay and the plane is ready just in time,” he wrote.
“We are in absolute shock and disbelief,” said Sean Malone, the director of Crisis Relief International (CRI), an aid agency with which Wurm had been working, in a video statement on Facebook.
“When this hurricane happened, he didn’t hesitate – he sprung into action and did what he could with what he had in his hand. He saved lives and he gave his life for the people of the nations that were on his heart.”
Undated video accompanying the statement showed the plane on the ground in Montego Bay, with workers unloading boxes.
Ferrin Cole, CRI’s team leader in Jamaica, said partnering with Wurm and his daughter had been “an honor”.
“He kept showing up over and over, repeatedly flying in supplies that we couldn’t get anywhere else,” Cole said. “Here in Jamaica, he just kept landing and we would unload his plane – he would give us these huge hugs and pray for us.
“He just delivered a bunch of medical supplies, water filters, screws for roofs, so many things that this community has needed. He wanted us to know Jesus, that was his reason for helping people.”
A statement on Ignite the Fire’s Facebook page called Serena Wurm “a beacon of empathy and hope, inspiring all with her commitment to humanitarian work” – and said she was following in her father’s footsteps.
“Alex leaves behind his beautiful wife, Candace, and two children, son James, 17, and daughter Christiana, 20,” the statement added.
Recovery operations at the scene of the crash were continuing on Tuesday after crews worked overnight to try to locate and retrieve wreckage of the plane, a 1976 King Air that can seat up to 12 people.
According to FlightAware, a flight-tracking website, the plane traveled regularly over the last week between George Town, Cayman Islands, where the Wurms lived, and Montego Bay and Negril airports in Jamaica. It landed in Fort Lauderdale on Friday.
The bodies of the victims, believed to be the only persons onboard, have not yet been recovered, officials said. Investigators with the National Transportation Safety Board will look into the cause of the crash."
The Guardian,Canada no longer measles-free as outbreaks spread,https://www.theguardian.com/world/2025/nov/11/canada-loses-measles-free-elimination-status,"Canada has lost its measles elimination status as vaccination rates have slipped below the 95% coverage rate needed to stop outbreaks Canada is no longer measles-free because of ongoing outbreaks , international health experts said on Monday, as childhood vaccination rates fall and the highly contagious virus spreads across North and South America. The loss of the country’s measles elimination status comes more than a year after the highly contagious virus started spreading. Continue reading...","Tue, 11 Nov 2025 02:23:30 GMT",https://www.theguardian.com/world/2025/nov/11/canada-loses-measles-free-elimination-status,Associated Press,www.theguardian.com,2025-11-11T22:15:11.027028+00:00,"Canada is no longer measles-free because of ongoing outbreaks, international health experts said on Monday, as childhood vaccination rates fall and the highly contagious virus spreads across North and South America.
The loss of the country’s measles elimination status comes more than a year after the highly contagious virus started spreading.
Canada has logged 5,138 measles cases this year and two deaths. Both were babies who were exposed to the measles virus in the womb and born prematurely.
Measles elimination is a symbolic designation, but it represents a hard-won battle against the infectious disease. It is earned when a country shows it stopped continuous spread of the virus within local communities, though occasional cases might still pop up from travel.
Measles typically begins with a high fever followed by a telltale rash that starts on the face and neck. Most people recover, but it’s one of the leading causes of death among young children, according to the World Health Organization. Serious complications, including blindness and swelling of the brain, are more common in young children and adults over age 30.
It is prevented by a vaccine administered routinely and safely to children around the world.
“It’s a deeply disheartening development. It’s a deeply worrisome development. And, frankly, it’s an embarrassing development,” said Jennifer Nuzzo, a Brown University infectious disease expert. “No country with the amount of resources of Canada – or other countries in North America even – should lose their measles elimination status.”
Canada eliminated measles in 1998, followed by the United States two years later. After hugely successful vaccination campaigns, the Americas became the first region in the world to be free of measles in 2016. Health officials estimate the measles vaccine prevented 6.2 millions deaths in the Americas between 2000 and 2023.
But vaccination rates have since slipped below the 95% coverage rate needed to stop outbreaks. Large outbreaks in Venezuela and Brazil in 2018 and 2019 cost the region its elimination status. It was reclaimed in 2024, but ends again with Canada’s loss.
Experts from the Pan American Health Organization, an independent health agency, made the determination after analyzing data on Canada’s outbreaks that showed the virus has spread continuously for a year.
It has never been easy to stop measles from circulating in local communities, Dr. Jarbas Barbosa, director of the Pan American Health Organization, said in a briefing Monday.
“As a region, we have eliminated measles twice,” Barbosa said. “We can do it a third time.”
In a statement, Canadian health officials said they were working with government and community partners to improve vaccination coverage, share data and provide evidence-based guidance."
The Guardian,Two dead after small plane on hurricane relief trip to Jamaica crashes in Florida,https://www.theguardian.com/us-news/2025/nov/10/plane-crash-florida-hurricane-melissa-jamaica-relief,"Aircraft headed to island on Hurricane Melissa aid mission crashed into a pond in a neighborhood in Coral Springs A small turboprop plane on a hurricane relief mission to Jamaica crashed into a pond in a gated residential neighborhood of the Fort Lauderdale suburb of Coral Springs, killing two people shortly after takeoff and narrowly missing homes, authorities and a local resident said. The Coral Springs police department confirmed the deaths in a statement Monday afternoon. But police did not provide further details about the occupants of the plane and did not immediately return messages seeking more details. Continue reading...","Mon, 10 Nov 2025 22:51:52 GMT",https://www.theguardian.com/us-news/2025/nov/10/plane-crash-florida-hurricane-melissa-jamaica-relief,Associated Press,www.theguardian.com,2025-11-11T22:15:12.074698+00:00,"A small turboprop plane on a hurricane relief mission to Jamaica crashed into a pond in a gated residential neighborhood of the Fort Lauderdale suburb of Coral Springs, killing two people shortly after takeoff and narrowly missing homes, authorities and a local resident said.
The Coral Springs police department confirmed the deaths in a statement Monday afternoon. But police did not provide further details about the occupants of the plane and did not immediately return messages seeking more details.
Mike Moser, the Coral Springs-Parkland fire department deputy chief, said emergency crews responded within minutes of a call reporting the crash. Initially, no victims were located during rescue efforts and they shifted to a recovery operation. Moser said no homes were damaged, but crews spotted some debris near the retention pond. Local aerial televised footage showed a broken fence in the back yard of one home bordering the pond where the plane went down.
“There was no actual plane to be seen,” Moser said. “They followed the debris trail to the water. We had divers that entered the water and tried to search for any victims and didn’t find any.”
Kenneth DeTrolio told the South Florida Sun Sentinel he and his wife were in their home when the plane crashed through their back yard, destroying his fence and toppling palm trees before hitting the water. He said the impact left debris scattered across his yard and that his pool and back porch were “contaminated” with spilled fuel.
The fuel smell was so strong inside his home that it took a few hours to dissipate, he added.
“We heard the strangest sound. I never heard anything like it before, and apparently that was when this plane must have flown between my home and my neighbor’s house,” DeTrolio told the newspaper.
Officials cautioned residents that police would maintain a significant presence in the area as investigators continue collecting evidence.
Broward county, where the plane took off from and where the crash occurred, is home to a vibrant Caribbean American community that sprang into action to collect relief supplies after Hurricane Melissa. A powerful category 5 hurricane, Melissa slammed into Jamaica late last month, leaving a path of destruction.
Moser said police would take over recovery efforts, and federal aviation officials would investigate the cause of the crash.
The small Beechcraft King Air plane took off from the Fort Lauderdale executive airport at approximately 10.14am, according to a spokesperson for the city of Fort Lauderdale, which owns and operates the airport. The crash occurred soon after takeoff, with Coral Springs police officers and firefighters responding at 10.19am, just five minutes later.
According to Federal Aviation Administration records, the plane was manufactured in 1976. King Air models can seat between seven and 12 people, according to the Aircraft Owners and Pilots Association.
Federal records showed the registered owner of the plane was listed as International Air Services, a company that markets itself as specializing in providing trust agreements to non-US citizens that enable them to register their aircraft with the FAA. A person who answered the company’s phone declined to answer questions from a reporter, stating “no comment” and ending the call.
The flight tracking website FlightAware shows the plane made four other trips to or from Jamaica in the past week, traveling between George Town in the Cayman Islands and Montego Bay and Negril in Jamaica, before landing in Fort Lauderdale on Friday. It was not immediately clear who was organizing the trips.
Hurricane Melissa made landfall in Jamaica on 28 October, tied for the strongest landfalling Atlantic hurricane in history. The storm also caused devastation in Cuba, Haiti and the Dominican Republic and prompted relief organizations to mobilize.
Local government officials in Jamaica said in the days after the storm that Melissa had ripped the roofs off 120,000 structures, affecting about 90,000 families in the island’s especially hard-hit western region. A week after Melissa’s landfall in Jamaica, more than 2,000 people were still reported to be in shelters."
The Guardian,China removes two popular gay dating apps from Apple and Android stores,https://www.theguardian.com/world/2025/nov/11/china-removes-gay-dating-apps-blued-finka-apple-android-lgbt-rights,"Withdrawal of Blued and Finka raises fears of further crackdowns on LGBT rights amid growing restrictions Two of China’s most popular gay dating apps have disappeared from app stores in the country, raising fears of a further crackdown on LGBT communities. As of Tuesday, Blued and Finka were unavailable on Apple’s app store and several Android platforms. Users who had already downloaded the apps appeared to still be able to use them. Continue reading...","Tue, 11 Nov 2025 16:50:57 GMT",https://www.theguardian.com/world/2025/nov/11/china-removes-gay-dating-apps-blued-finka-apple-android-lgbt-rights,Amy Hawkins,www.theguardian.com,2025-11-11T22:15:13.543974+00:00,"Two of China’s most popular gay dating apps have disappeared from app stores in the country, raising fears of a further crackdown on LGBT communities.
As of Tuesday, Blued and Finka were unavailable on Apple’s app store and several Android platforms. Users who had already downloaded the apps appeared to still be able to use them.
Both apps were still available for download from their official websites. The apps have not released public statements about the removals.
In a statement to Wired, Apple said: “We follow the laws in the countries where we operate. Based on an order from the Cyberspace Administration of China, we have removed these two apps from the China storefront only.”
In accordance with the country’s laws, Apple operates a separate app store in China. Several popular apps such as Facebook, Instagram and other western social media platforms are unavailable to Chinese users. International dating apps such as Grindr and Tinder are also blocked.
Founded in 2012 in China, Blued is the country’s most popular dating app for gay men. It has more than 40 million registered users worldwide. In recent years, it has diversified into other services such as livestreaming, but it is still primarily considered an app for gay men.
In 2020, Blued’s parent company acquired Finka.
Homosexuality is legal in China. But after decades of opening and liberalisation, open displays of LGBT identity have been pushed further underground. LGBT civil society organisations have been forced to close and Shanghai Pride, the country’s biggest pride event, was suspended in 2020. In September, a horror film was digitally altered to turn a gay couple into a straight couple for its release in China.
A founder of an LGBT community organisation, who asked to remain anonymous over fears about his safety, said he was “extremely shocked” to see Blued and Finka removed from the app stores.
“The living space for sexual minorities has been shrinking over the past few years … but hearing this news now, it caught me off guard that online spaces are also shrinking,” he said.
“Don’t apps like Blued contribute to social stability and harmony? Why remove them from app stores? I find it difficult to understand their underlying thinking,” he added.
It is not clear why the apps were removed or whether it is to be a permanent move. But internet users immediately expressed their concern.
One WeChat user wrote that Blued “made countless people realise for the first time that they weren’t alone; it brought a group from the margins to being seen”.
The Cyberspace Administration of China could not be reached for comment.
Additional research by Lillian Yang"
The Guardian,Nauruan president makes surprise visit to meet Albanese government as another man quietly deported to Pacific island,https://www.theguardian.com/australia-news/2025/nov/11/nauruan-president-makes-surprise-visit-to-meet-albanese-government-as-another-man-quietly-deported-to-pacific-island,"President David Adeang was spotted by ABC cameras as Nauru received its fourth member from the NZYQ cohort Follow our Australia news live blog for latest updates Get our breaking news email , free app or daily news podcast The Nauruan president has stopped by Parliament House for a brief unannounced meeting amid media reports of alleged links between security contracts offered to an Australian bikie gang and his Pacific island government. The president, David Adeang, was spotted by ABC cameras with a small entourage heading into Capital Hill on Tuesday afternoon to meet the home affairs minister, Tony Burke. Continue reading...","Tue, 11 Nov 2025 09:35:07 GMT",https://www.theguardian.com/australia-news/2025/nov/11/nauruan-president-makes-surprise-visit-to-meet-albanese-government-as-another-man-quietly-deported-to-pacific-island,Sarah Basford Canales and Ben Doherty,www.theguardian.com,2025-11-11T22:15:14.604163+00:00,"The Nauruan president has stopped by Parliament House for a brief unannounced meeting amid media reports of alleged links between security contracts offered to an Australian bikie gang and his Pacific island government.
The president, David Adeang, was spotted by ABC cameras with a small entourage heading into Capital Hill on Tuesday afternoon to meet the home affairs minister, Tony Burke.
In a post on social media, Burke said the meeting was “productive” and that ties between the two countries were “critical on a range of issues”.
Adeang also met the foreign affairs minister, Penny Wong, on Monday evening, at a reception in Parliament House. The Nauruan president was in Canberra with other Pacific representatives for a leadership program hosted by the Pacific Security College.
Wong confirmed the two met separately at the event to discuss “recent media reports”.
Adeang’s visit to the national capital on Remembrance Day comes as Nauru received its fourth member from the NZYQ cohort as part of a $2.5bn deal over 30 years.
Guardian Australia understands the fourth man, a South Sudanese national, joined the three other men in temporary accommodation set up within a regional processing centre.
The man was flown from Yongah Hill immigration centre outside Perth to Nauru last week.
Sign up: AU Breaking News email
Australia and Nauru signed a $2.5bn deal in August for the tiny Pacific island to accept members of the 350-odd group of NZYQ-affected people.
The secretive dealings with Nauru have been heavily criticised due to a lack of transparency, and concerns over a history of corrupt and overvalued deals.
Some of the NZYQ cohort have served jail terms for violent crimes, including murder, but others have never been convicted of a crime, or have historical, minor convictions for non-violent offences such as cannabis use.
Some have been refused a visa but cannot be deported because they are refugees or stateless. Many have lived in Australia for years, even decades, and have Australian citizen children and other family members.
The Nine newspapers revealed further alleged ties between the Nauruan government and bikie gangs this week, with the Greens senator, David Shoebridge, saying he will refer the matter to the National Anti-Corruption Commission.
The media reports have centred around a labour hire business allegedly subcontracted by Nauruan authorities to provide temporary staff. The reports allege the business is being run by the Finks bikie gang.
The shadow home affairs minister, Jonathon Duniam, questioned why the government’s meetings with Adeang in Canberra had been kept under wraps.
“It is bizarre to have a head of state from one of our closest neighbours visit without any prior notice or proper diplomatic protocol,” Duniam said.
Guardian Australia also contacted the prime minister’s office."
The Guardian,"Tatsuya Nakadai, Japanese actor of Ran, Yojimbo and Harakiri, dies aged 92",https://www.theguardian.com/film/2025/nov/11/tatsuya-nakadai-japan-actor-kurosawa-ran-yojimbo-kobayashi-cause-of-death,"Star of Japan’s cinematic golden age, who collaborated with Kurosawa and played the lead in Kobayashi’s Human Condition trilogy, died from pneumonia The Japanese stage and screen actor Tatsuya Nakadai, whose celebrated performances symbolised a golden age for the country’s cinema, has died aged 92. Nakadai garnered more than 100 screen credits during a career spanning seven decades, but is perhaps best known internationally for his role in Ran, Akira Kurosawa ’s 1985 epic set in the Sengoku “warring states” period that took its inspiration from Shakespeare’s King Lear. Continue reading...","Tue, 11 Nov 2025 08:25:01 GMT",https://www.theguardian.com/film/2025/nov/11/tatsuya-nakadai-japan-actor-kurosawa-ran-yojimbo-kobayashi-cause-of-death,Justin McCurry in Tokyo,www.theguardian.com,2025-11-11T22:15:15.647916+00:00,"The Japanese stage and screen actor Tatsuya Nakadai, whose celebrated performances symbolised a golden age for the country’s cinema, has died aged 92.
Nakadai garnered more than 100 screen credits during a career spanning seven decades, but is perhaps best known internationally for his role in Ran, Akira Kurosawa’s 1985 epic set in the Sengoku “warring states” period that took its inspiration from Shakespeare’s King Lear.
The film, in which Nakadai played the warlord Hidetora Ichimonji, earned Kurosawa his only Oscar nomination for best director.
Nakadai died from pneumonia in a Tokyo hospital on Saturday, the Kyodo news agency reported on Tuesday, citing sources close to the actor.
While he professed to prefer stage acting – and refused to contractually bind himself to a particular film studio so he could work with a variety of directors – Nakadai is closely associated with chanbara “sword-fighting” roles in films with strong samurai themes.
He appeared in the 1962 jidaigeki period drama Harakiri – a highlight of a long and successful artistic collaboration with director Masaki Kobayashi that also brought him prominent roles in Samurai Rebellion and Kwaidan.
He starred in Kurosawa’s 1980 film Kagemusha – the story of a thief who is hired to impersonate a dying samurai warlord that won the Palme d’Or at the Cannes film festival the same year.
Nakadai, though, owed much of his success to Kobayashi, who cast him as the lead in The Human Condition trilogy (1959-1961), in which he played a pacifist-socialist struggling to come to terms with Japan’s militarist rule during the second world war.
Nakadai’s talents arguably shone brightest in his appearances with Toshiro Mifune, including Kurosawa’s acclaimed 1963 police procedural High and Low, in which he played Inspector Tokura, who investigates the kidnapping of the son of Mifune’s wealthy businessman Kingo Gondo. He also played Hanbei opposite Mifune’s Sanjuro in Kurosawa’s 1961 samurai film Yojimbo, regarded as one of the director’s greatest works.
A year later, Kurosawa reunited his leading men in Sanjuro, the sequel to Yojimbo. The film famously ends with a sword fight in which Sanjuro slices through Hanbei’s torso with lightning speed, unleashing a cascade of blood – a display of graphic violence that shocked audiences at the time. Kurosawa later denied claims that the geyser of blood had been caused by a malfunctioning prop. Whether it happened by accident or design, the scene had an enduring influence on action films and video games.
Born into a working-class family in Chiba, east of Tokyo, in 1932, Nakadai decided to take up acting as an alternative to a prohibitively expensive university education, enrolling in acting school in the early 1950s.
One of his first major film roles – reportedly the result of a chance meeting with Kobayashi when Nakadai was working as a shop assistant in Tokyo – was an uncredited part as a prisoner in Kobayashi’s 1953 war drama The Thick-Walled Room – the start of a partnership that would last three decades.
In later life Nakadai, whose stage credits included Death of a Salesman, Don Quixote, Hamlet and Macbeth, helped nurture young actors with his wife and fellow actor, Yasuko Miyazaki, with whom he opened the Mumeijuku school in Tokyo in 1975.
In 2015, Nakadai was awarded the Order of Culture – Japan’s highest honour for contributions to the arts and science – by the emperor. The Yomiuri Shimbun newspaper reported that Nakadai had performed on stage as recently as this year."
The Guardian,Japan and China in growing row after PM Takaichi says Taiwan conflict could trigger military deployment,https://www.theguardian.com/world/2025/nov/11/japan-china-row-takaichi-taiwan-conflict-military-deployment,"New prime minister says an attack on Taiwan could trigger the deployment of her country’s self-defence forces if the conflict poses threat to Japan Japan and China are embroiled in a row about Tokyo’s potential military involvement in the event of a conflict over Taiwan. Beijing reacted angrily this month after Japan’s new prime minister, Sanae Takaichi , said an attack on Taiwan could trigger the deployment of her country’s self-defence forces if the conflict posed an existential threat to Japan. Continue reading...","Tue, 11 Nov 2025 04:17:49 GMT",https://www.theguardian.com/world/2025/nov/11/japan-china-row-takaichi-taiwan-conflict-military-deployment,Justin McCurry in Tokyo and Helen Davidson in Taipei,www.theguardian.com,2025-11-11T22:15:16.693451+00:00,"Japan and China are embroiled in a row about Tokyo’s potential military involvement in the event of a conflict over Taiwan.
Beijing reacted angrily this month after Japan’s new prime minister, Sanae Takaichi, said an attack on Taiwan could trigger the deployment of her country’s self-defence forces if the conflict posed an existential threat to Japan.
Insisting that Japan could exercise its right to collective self-defence – or coming to the aid of an ally – Takaichi said Tokyo had to “anticipate a worst-case scenario” in the Taiwan Strait.
If an emergency in Taiwan involved “warships and the use of force, then that could constitute a situation threatening [Japan’s] survival, whichever way you look at it”, she told a parliamentary committee. “The so-called Taiwan contingency has become so serious that we have to anticipate a worst-case scenario.”
Beijing has not ruled out the use of force to annex Taiwan – a self-governing democracy it regards as a Chinese province – under what it calls “reunification”.
The row intensified at the weekend after the Chinese consul general in Osaka, Xue Jian, said in a post on X that referenced a news article about her Taiwan comments: “We have no choice but cut off that dirty neck that has been lunged at us without hesitation. Are you ready?”
Officials in Tokyo condemned Xue’s post, which has since been removed, as “extremely inappropriate”.
“We strongly protested and urged that it be taken down immediately,” Japan’s senior government spokesperson, Minoru Kihara, told reporters this week, adding that he was “aware of multiple other inappropriate remarks” by Xue.
The dispute comes soon after Takaichi, a conservative with hawkish views on China, met Chinese leader Xi Jinping at the Apec summit in South Korea, where they vowed to build “constructive and stable” relations.
On Monday, Takaichi – who last month became Japan’s first female prime minister – refused to back down, but told MPs she would exercise caution when referring to specific situations involving security.
Japan has long wrestled with the question of how it would respond to a conflict between China and Taiwan, which lies just 100km from its westernmost island, Yonaguni, in the East China Sea.
While Japan’s postwar constitution forbids it from using force as a means of settling international disputes, a 2015 law – passed when Takaichi’s mentor, Shinzo Abe, was prime minister – permits it to exercise collective self-defence in certain situations, even if it is not directly under attack.
That scenario would most likely involve Japanese support for US-led military action in the region.
Lin Jian, a Chinese foreign ministry spokesperson, said Xue’s post was a response to Takaichi’s “wrongful and dangerous” remarks on Taiwan.
“China strongly urges Japan to reflect on its historical culpability on the Taiwan issue … and stop sending any wrong signals to Taiwan independence separatist forces,” he said.
Karen Kuo, a spokesperson for the presidential office in Taiwan, said in a statement that Taiwan’s government “takes seriously the threatening remarks made by Chinese officials toward Japan. Such behaviour clearly exceeds diplomatic etiquette.”
In a post on X, the US ambassador to Japan, George Glass, said in reference to Xue’s comments: “The mask slips – again,” adding that the Chinese diplomat’s words “threatened” Takaichi and the Japanese people.
This latest spat started just a week after Beijing accused Takaichi of “egregious” behaviour by meeting with a senior adviser to Taiwan’s president, Lai Ching-te, on the sidelines of Apec, and posting photos of it on social media."
The Guardian,"China’s CO2 emissions have been flat or falling for past 18 months, analysis finds",https://www.theguardian.com/world/2025/nov/11/china-co2-emissions-flat-or-falling-for-past-18-months-analysis-finds,"World’s biggest polluter on track to hit peak emissions target early but miss goal for cutting carbon intensity Cop30: click here for full Guardian coverage of the climate talks in Brazil China’s carbon dioxide emissions have been flat or falling for 18 months, analysis reveals, adding evidence to the hope that the world’s biggest polluter has managed to hit its target of peak CO 2 emissions well ahead of schedule. Rapid increases in the deployment of solar and wind power generation – which grew by 46% and 11% respectively in the third quarter of this year – meant the country’s energy sector emissions remained flat, even as the demand for electricity increased. Continue reading...","Tue, 11 Nov 2025 00:01:03 GMT",https://www.theguardian.com/world/2025/nov/11/china-co2-emissions-flat-or-falling-for-past-18-months-analysis-finds,Amy Hawkins Senior China correspondent,www.theguardian.com,2025-11-11T22:15:17.742379+00:00,"China’s carbon dioxide emissions have been flat or falling for 18 months, analysis reveals, adding evidence to the hope that the world’s biggest polluter has managed to hit its target of peak CO2 emissions well ahead of schedule.
Rapid increases in the deployment of solar and wind power generation – which grew by 46% and 11% respectively in the third quarter of this year – meant the country’s energy sector emissions remained flat, even as the demand for electricity increased.
China added 240GW of solar capacity in the first nine months of this year, and 61GW of wind, putting it on track for another renewable record in 2025. Last year, the country installed 333GW of solar power, more than the rest of the world combined.
The analysis by Lauri Myllyvirta at the Centre for Research on Energy and Clean Air (Crea), for the science and climate policy website Carbon Brief, found China’s CO2 emissions were unchanged from a year earlier in the third quarter of 2025, thanks in part to declining emissions in the travel, cement and steel industries.
The findings come as global leaders gather in Brazil for Cop30, which is taking place against a backdrop of increasing urgency in the fight against the climate crisis. China’s president, Xi Jinping, did not attend the leaders’ summit at the UN climate conference, but the Chinese delegation are present for the talks. Xi’s US counterpart, Donald Trump, also did not attend and has not sent a negotiation team.
Last week, the UN secretary general, António Guterres, said the world was facing a “moral failure and deadly negligence” if governments failed to limit global heating to 1.5C.
On Monday, André Corrêa do Lago, the Brazilian diplomat and president of Cop30, praised Chinese progress on green technologies. “China is coming up with solutions that are for everyone, not just China,” he said, adding that rich countries had lost their enthusiasm for tackling the climate crisis.
“Solar panels are cheaper, they’re so competitive [compared with fossil fuel energy] that they are everywhere now. If you’re thinking of climate change, this is good.”
Myllyvirta, the lead analyst at Crea, noted that China’s overall emissions trend for 2025 could still record a small rise, depending on what happened in the last quarter of the year. But assuming that 2025 follows the trend of previous years of Chinese electricity demand and associated emissions growing fastest in the summer months, then its CO2 emissions could record a fall for the full year.
China’s dual carbon goals are peak emissions by 2030 and net neutrality by 2060. In September, the country released its latest climate targets, to cut overall greenhouse gas emissions by between 7% and 10% of their peak by 2035. Experts say those targets are too modest to stave off global catastrophe and a long way from the 30% cut that is feasible and necessary.
But China has a record of underpromising and overdelivering on climate targets. Li Shuo, the director of the China Climate Hub at the Asia Society Policy Institute, a US-based thinktank, said in a recent note that the latest Chinese climate targets should be seen as a baseline and not a ceiling.
Although China is probably on track to reach its peak emissions target ahead of schedule, Myllyvirta said some areas of the economy were bucking the decarbonisation trend. Oil demand and emissions in the transport sector fell by 5% in the third quarter, but grew elsewhere by 10%, as the production of plastics and other chemicals surged.
China is also on track to miss its target for cutting carbon intensity – the CO2 emissions per unit of gross domestic product – between 2020 and 2025. This means steeper reductions will be necessary if the country is to hit its 2030 goal of reducing carbon intensity by 65%, compared with 2005.
In China, all eyes are now on the 15th five-year plan, which lays out the government’s priority and policies for the 2026-2030 period. The full text will not be published until next year but Chinese officials have hinted that low-carbon energy systems will be a focus of the plan."
The Guardian,Australia news live: Liberal senator says nation ‘can’t afford’ net zero target as party gathers to debate policy; banks tip $43bn into fossil fuels,https://www.theguardian.com/australia-news/live/2025/nov/12/australia-news-live-fossil-fuel-lending-banks-net-zero-emissions-coalition-sussan-ley-liberals-nationals-anthony-albanese-labor-ntwnfb,"Analysis says $30bn given to expand existing coal, oil and gas projects. Follow today’s news live Get our breaking news email , free app or daily news podcast Removing CO 2 from atmosphere vital to avoid catastrophic tipping points, leading scientist says Removing carbon from the atmosphere will be necessary to avoid catastrophic tipping points, one of the world’s leading scientists has warned, as even in the best-case scenario the world will heat by about 1.7C. Continue reading...","Tue, 11 Nov 2025 21:57:28 GMT",https://www.theguardian.com/australia-news/live/2025/nov/12/australia-news-live-fossil-fuel-lending-banks-net-zero-emissions-coalition-sussan-ley-liberals-nationals-anthony-albanese-labor-ntwnfb,Nick Visser,www.theguardian.com,2025-11-11T22:15:18.821617+00:00,"Liberal senator describes atmosphere as Coalition descends on Canberra to debate net zero policy
Leah Blyth, a Liberal senator for South Australia, said predictions for how the Coalition moves forward on net zero remains the “million-dollar question” as members descend on Canberra today.
Blyth spoke to RN Breakfast, saying while she personally doesn’t believe net zero is “working for the Australian people”, she was looking forward to the broader opposition discussing if they should abandon the policy. She said:
It will certainly be a very good process for us to have a genuine debate and come up with a position that’s in the best interests of the Australian people. …
I think all of my colleagues are absolutely in favour of us doing our bit and to certainly have the minimal impact that we can on our natural environment. … I think the really important thing is everyone in the Coalition is committed to doing what’s right for our economy, for the environment and for the Australian people.
Blyth said her major hurdle with net zero remained the price tag:
I don’t think that we can be stewards of the environment if we can’t afford it.
NSW confirms state funeral for John Laws next week
The family of broadcaster John Laws has accepted an offer for a state funeral in New South Wales, the premier said this morning. Laws, a titan of talkback radio, died at home on Sunday. He was 90.
The funeral will be held on 19 November at St Andrew’s Cathedral in Sydney.
Premier Chris Minns said in a statement:
On behalf of the NSW Government, I extend my deepest condolences to John’s family, friends, colleagues, and all who listened, learned and were challenged by him.
His legacy lies not only in the thousands of hours on air, but in the connection he forged with millions of Australians.
Climate 200 relaunches fund for community groups supporting independent candidates
Ahead of today’s meeting of Liberal MPs on the hot-button issue of net zero by 2050 emissions policies, campaign outfit Climate 200 has relaunched its fund for community groups looking to support climate-friendly independent candidates.
The Community Accelerator Fund is designed to raise and distribute more than $1m for community groups working ahead of the next federal election. Groups who did well at this year’s federal election but fell short against major party candidates, could again receive early-stage funding from Climate 200.
Climate 200’s post-election review found early funding was critical to success for local groups around the country, and that the sooner groups got to work, the more likely they would be successful. The moves come as some Liberal branches undertake early preselection and after the prime minister, Anthony Albanese, told Labor officials to move quickly to lock in candidates, giving them the best chance to build name recognition in key seats.
Climate 200’s money can go to recruitment of community organisers, placement of candidate recruitment ads, local events, volunteer training, and communications campaigns.
“As the Liberal party tears itself apart over net zero, community groups are getting on with the job of real leadership, working to get the political leaders they deserve,” co-convener Kate Hook said.
Removing CO2 from atmosphere vital to avoid catastrophic tipping points, leading scientist says
Removing carbon from the atmosphere will be necessary to avoid catastrophic tipping points, one of the world’s leading scientists has warned, as even in the best-case scenario the world will heat by about 1.7C.
Johan Rockström of the Potsdam Institute for Climate Impact Research, who is one of the chief scientific advisers to the UN and the Cop30 presidency, said 10bn tonnes of carbon dioxide needed to be removed from the air every year even to limit global heating to 1.7C (3.1F) above preindustrial levels.
To achieve this through technological means, such as direct air capture, would require the construction of the world’s second-biggest industry, after oil and gas, and require expenditures of about a trillion dollars a year, scientists said. It would need to be done alongside much more drastic emissions cuts and could also have unintended consequences.
Rockström was among several leading climate experts who spoke at a first public event for the Science Council, which was set up as an advisory body by the Belém Cop30 presidency.
Tim Wilson warns Liberals of becoming ‘Nationals-lite’
Shadow minister Tim Wilson says his party would be “Nationals-lite” if they dumped or watered down their emissions reduction targets, ahead of the crucial party room meeting today.
Liberals will meet in Canberra at midday to discuss the net zero target. The meeting is expected to run for some time. We’re hearing comments from Liberal MPs arriving in Canberra, and Wilson wrote on X that: “Today is going to be a great day.”
“Liberals face a choice,” he continued.
“We can be Nationals-lite & outsource our emissions policy to globalists. Or we can lead, choose hope, a sovereign target, build energy, reindustrialise Australia & back small business!”
Wilson finished his post with a cheeky sign-off: “Welcome to Liberal country.”
Liberal senator describes atmosphere as Coalition descends on Canberra to debate net zero policy
Leah Blyth, a Liberal senator for South Australia, said predictions for how the Coalition moves forward on net zero remains the “million-dollar question” as members descend on Canberra today.
Blyth spoke to RN Breakfast, saying while she personally doesn’t believe net zero is “working for the Australian people”, she was looking forward to the broader opposition discussing if they should abandon the policy. She said:
It will certainly be a very good process for us to have a genuine debate and come up with a position that’s in the best interests of the Australian people. …
I think all of my colleagues are absolutely in favour of us doing our bit and to certainly have the minimal impact that we can on our natural environment. … I think the really important thing is everyone in the Coalition is committed to doing what’s right for our economy, for the environment and for the Australian people.
Blyth said her major hurdle with net zero remained the price tag:
I don’t think that we can be stewards of the environment if we can’t afford it.
Ken Henry says he hopes Coalition reflects on what they owe to future Australians during net zero debate
Ken Henry, the former federal Treasury secretary and now chair of the Nature Finance Council, said this morning he hopes members of the Coalition debating the opposition’s stance on net zero have a moment to “pause and reflect” on how they serve Australians.
Henry spoke to RN Breakfast this morning as MPs are set to meet in Canberra today to discuss the policy, a major thorn for opposition leader Sussan Ley and her hold over the Coalition.
Henry said:
If 25 years ago somebody had told me that this would be happening right now, in November 2025, I would have just simply laughed at them. I would hope that the people who are involved in the debates in the Coalition at the moment at some stage this week take the opportunity to pause and reflect and ask themselves what their role is.
And I would hope that in contemplating that reason, they understand the awesome responsibility that they owe to future generations of Australians.
He went on:
That their job is not all about worrying about the cost of living in the present, but that they do whatever they can in a functioning democracy to ensure that future generations of Australians enjoy even more opportunity than has been available to us.
And there’s no way they’re going to be able to argue that they’re looking after future generations whilst they continue to avoid achieving net zero in a timely fashion.
NT childcare staff charged over death of toddler Ebony Thompson
Caitlin Cassidy
Staff at a childcare centre in the Northern Territory have been charged over the death of a toddler in 2023.
The NT education department said last night two charges had been laid against the Humpty Doo Community & Child Care Centre near Darwin and the three nominated supervisors who were on staff when Ebony Thompson died.
They included one count of inadequately supervising children and one count related to the protection of children from harm and hazards. Both charges were under the Education and Care Services National Law.
The infant was just 22 months old when she was found unresponsive at the childcare centre on 31 August 2023 after being unaccounted for during a period of around 10 minutes. She died in intensive care days later of a brain injury due to cardiac arrest.
A coroner’s findings, released in late October, determined Ebony was trying to get over a chicken-coop gate by standing on a tricycle and fell prior to her death.
The divisional commander of New South Wales/ACT Salvation Army, Major Robyn Black, said the charity is seeing people experiencing homelessness that they’ve “never seen before”.
“People who used to be volunteers at the Salvos are now finding themselves homeless, and people who are the working poor, people who still have a job and cannot afford rent in Sydney. We have the working homeless,” Black told Guardian Australia.
Black described the $130m funding and additional 200 crisis accommodation beds, announced by the NSW government today, as “a tangible and compassionate” response to homelessness.
“I think this is a fantastic step in the right direction. There are other factors at play [like] family and domestic violence, there’s a severe rental affordability crisis, there’s the increased cost of living. But at least this gives a chance of people having a roof over their head.”
Minns government invests $130m to expand crisis accommodation
Jessica O'Bryan
The NSW government has today announced a $130m investment to add at least 200 crisis accommodation beds across the state for those in critical need of safe shelter.
Crisis accommodation will be expanded and upgraded to increase capacity and better support people experiencing homelessness, including domestic and family violence victims, young people and Aboriginal communities. The first of the 200 additional beds are expected to be available from next year.
The minister for housing and homelessness, Rose Jackson, said the plan was “about making sure that when someone reaches out for help, there’s a door open, a bed ready, and the support they need to get back on their feet”.
The NSW premier, Chris Minns, said: “Whether it’s a mum and her kids escaping domestic violence, or a young person facing a night on the streets, this plan will deliver more safe and secure beds. Every new bed means one fewer person sleeping rough.”
Big four banks have handed fossil fuels $43bn in decade, analysis claims
Luca Ittimani
Australia’s big four banks have provided $43bn to fossil fuel companies in the last decade, with ANZ and Westpac continuing to fund further gas expansion.
Expansions of coal, oil and gas projects accounted for $30bn of the funding, according to analysis by green advocacy group Market Forces released nearly 10 years on from the Paris agreement’s signing.
Each bank has endorsed the agreement and CBA has reduced its fossil fuel financing since changing its policies in 2024, with NAB indicating it will do the same, Market Forces’ report found.
ANZ has provided the most fossil fuel funding of the big four, accounting for over $10bn from 2016 to 2021 and a further $5.7bn since 2022. Westpac has become the second largest, lending $3.8bn since 2022 to companies such as Woodside and BP.
The report concluded the two banks’ policies were “little more than window dressing and greenwashing”. The big four would be breaking their own promises if they offered further financing to any of the 23 active customers with “egregious” fossil fuel expansion plans incompatible with the Paris agreement, it found.
Kyle Robertson, head of research at Market Forces, said ANZ and Westpac could still stop enabling the industry:
“Australia’s biggest banks have well and truly given their fossil fuel clients long enough to prepare. If they’re still not transitioning, it’s time to turn the money tap off once and for all.”
An ANZ spokesperson said the bank was a significant lender for the energy sector and aimed to move towards a lending portfolio accounting for net zero emissions in line with the Paris agreement. Westpac was contacted for comment.
Good morning and welcome to our live news blog. I’m Martin Farrer with the best overnight stories and then Nick Visser will take up the slack.
Australia’s big four banks have provided $43bn to fossil fuel companies in the last decade, with ANZ and Westpac continuing to fund further gas expansion. A study by the green advocacy group Market Forces showed the expansion of coal, oil and gas projects accounted for $30bn of the funding. More details in a moment.
The NSW government is going spend $130m to add at least 200 crisis accommodation beds across the state for those in critical need of safe shelter. The Salvation Army said the move was a response to a system “under enormous strain”. More details coming up."
The Guardian,Children could face life sentences for serious offences under Victorian government ‘adult time’ plan,https://www.theguardian.com/australia-news/2025/nov/12/children-to-be-face-life-sentences-for-serious-offences-under-new-victorian-government-plan,"Youth offenders, aged as young as 14, could face 20-year jail terms for violent crimes under proposal Follow our Australia news live blog for latest updates Get our breaking news email , free app or daily news podcast Children as young as 14 who commit “serious crimes” will be sentenced as adults under a Victorian government plan to combat youth crime. The state government said on Wednesday that it will adopt an “adult time for violent crime” laws similar to those in Queensland , which implemented the tough approach in 2024. Continue reading...","Tue, 11 Nov 2025 21:43:18 GMT",https://www.theguardian.com/australia-news/2025/nov/12/children-to-be-face-life-sentences-for-serious-offences-under-new-victorian-government-plan,Australian Associated Press,www.theguardian.com,2025-11-11T22:15:19.866938+00:00,"Children as young as 14 who commit “serious crimes” will be sentenced as adults under a Victorian government plan to combat youth crime.
The state government said on Wednesday that it will adopt an “adult time for violent crime” laws similar to those in Queensland, which implemented the tough approach in 2024.
Children as young as 14 could be tried in adult courts, and possibly face life sentences under the proposed changes to be announced by the premier on Wednesday.
“We’re introducing Adult Time for Violent Crime,” the Victorian premier, Jacinta Allan, announced in a social media post.
Sign up: AU Breaking News email
A former chair of the Law Institute of Victoria’s criminal law section, Mel Walker, described the proposal as “extraordinary, bad policy and counterintuitive”.
“As a community, are we content to deal with children in that way, and in how many years in the future, when they’re affected in such a profound way by going into adult custody, are we prepared for those consequences?” Walker told ABC radio Melbourne.
Walker said a high percentage of children coming before the courts had been exposed to family violence or had violence perpetrated upon them, or were being managed by child protection services with little or no family support.
“There’s a real sense of a want of belonging by a lot of these children, which motivates their involvement,” she said.
“But they don’t have the capacity … for this consequential thinking, because obviously and legitimately, their brains are just simply underdeveloped.”
The state’s opposition leader, Brad Battin, said the premier had no credibility and that Victorians can’t trust her to deliver what she promises.
“Today’s announcement is the premier chasing another headline with no plan to follow through and deliver,” Battin said.
Victoria has been in the grip of surging crime rates, with criminal offences spiking by 15.7% in the year to mid-2025, fuelled by thefts, home invasions and repeat youth offenders.
About 1,100 youths aged between 10 and 17 were arrested a combined 7,000 times, according to the latest crime statistics, as Victoria police declared children were quickly turning to extreme violence.
Queensland implemented its tougher “adult crime, adult time” laws in response to a 17-year-old teenager fatally stabbing mother Emma Lovell in a home invasion in 2022.
That legislation allows for youth offenders to face a mandatory life sentence for serious offences such as murder, with a minimum of 20 years before parole.
The Victorian announcement follows the state government backing down on plans to ban face coverings at protests.
Allan previously signalled a blanket ban on face masks and balaclavas at protests, but on Tuesday said police will be able to order the removal of masks if they suspect a protester was committing or about to commit a criminal offence."
The Guardian,"First-in-family uni students should be recognised as disadvantaged or risk being left behind, report says",https://www.theguardian.com/australia-news/2025/nov/11/first-in-family-uni-students-should-be-recognised-as-disadvantaged-or-risk-being-left-behind-author-of-new-report-says,"People without university-educated parents are 36% likely to enrol in degree, compared with 59% of students whose parents are tertiary educated Follow our Australia news live blog for latest updates Get our breaking news email , free app or daily news podcast Jason Clare was the first person in his family to go to university, finish high school or graduate year 10, he told the Universities Australia’s annual gala dinner in 2022. “My mum and dad never even dreamt of going to university,” the education minister said in his first address to the peak body for the higher education sector. Continue reading...","Tue, 11 Nov 2025 14:00:05 GMT",https://www.theguardian.com/australia-news/2025/nov/11/first-in-family-uni-students-should-be-recognised-as-disadvantaged-or-risk-being-left-behind-author-of-new-report-says,Caitlin Cassidy Education reporter,www.theguardian.com,2025-11-11T22:15:20.910364+00:00,"Jason Clare was the first person in his family to go to university, finish high school or graduate year 10, he told the Universities Australia’s annual gala dinner in 2022.
“My mum and dad never even dreamt of going to university,” the education minister said in his first address to the peak body for the higher education sector.
His parents “grew up at a time when most working-class kids in western Sydney didn’t even finish school”, he said. “We are a different country today.”
Since that speech, the Labor government has introduced a series of reforms aimed at improving equity in higher education – from paid practical placements and a needs-based funding model to study hubs in regional and outer suburban areas.
But new research from the University of Queensland (UQ) has found one cohort is being left behind: people without university-educated parents.
Australian higher education currently recognises six disadvantaged groups, including people from low socioeconomic backgrounds, Aboriginal and Torres Strait Islander people or those from non-English speaking backgrounds, people from regional and remote areas, people with disability, and women in non-traditional areas of study such as Stem.
But first-in-family students, which constitute around two-thirds of the student population, haven’t been recognised as an official equity group in Australian higher education policy.
The study, released by UQ’s Institute for Social Research with support from the Australian Centre for Student Equity and Success at Curtin University on Wednesday, found first-in-family Australians were less likely to attend university and more likely to struggle or drop out of their degrees.
Using a statistical analysis of 443,609 people, researchers found first-in-family students had a 36% likelihood of enrolling in a university undergraduate degree compared with 59% of students with tertiary-educated parents.
Sign up: AU Breaking News email
The report’s author, Dr Tomasz Zajac, said only people with disability were more disadvantaged in terms of their enrolment rate, at 31%. And as Australia’s higher education system becomes increasingly “massified”, there will be fewer and fewer students that were first-in-family, which could concentrate their disadvantage.
“Parental education is a really important factor, far more than economic factors,” Zajac said. “First-in-family students find it harder to navigate the university system. You have to know how to apply, where to apply, what you can expect if you apply.”
Zajac is calling upon the federal government to recognise first-in-family students as disadvantaged within the education system. Doing so would offer financial benefits through grants and scholarships, admission advantages such as adjustment factors, and allow for better performance tracking over time.
He said first-in-family students should also receive outreach and career counselling programs early in their education, and additional mentoring and guidance once arriving on campus.
“The Australian government and other stakeholders need to consider funding further research exploring why attitudes and aspirations of [first-in-family] young people differ and how they shape educational outcomes,” Zajac said.
“University education has a pivotal role to play in enhancing the socioeconomic status and quality of life for disadvantaged individuals.”
The barriers go beyond access, Zajac said. First-in-family individuals are also less likely to secure a spot at a first-tier university or to enrol in prestigious degrees such as medicine, instead favouring education and care programs.
Over half of non-first-in-family students attended selective universities, compared with just 39% of first-in-family students.
“This is important because it means elite spaces remain exclusive,” Zajac said.
“They shy away from the most prestigious and highest-earning degrees but they’re also less likely to study degrees with the lowest earning capacity, likely because of the lack of financial security.”
Prof Ian Li, the research and policy program director of Australian Centre for Student Equity and Success, said being first-in-family should be considered in government policies aimed at levelling the educational playing field.
“Students who do not have university-educated parents make up a large part of the student population and often have to navigate the school and university systems without parental advice and role models,” he said."
The Guardian,55m-year-old eggshells unearthed in Queensland may be older relative of infamous ‘drop crocs’,https://www.theguardian.com/environment/2025/nov/11/these-weird-crocs-were-all-over-the-place-australias-oldest-crocodile-eggshells-unearthed-in-queensland-back-yard,"Scientists believe new discovery to be the oldest crocodilian eggshells ever found in Australia Follow our Australia news live blog for latest updates Get our breaking news email , free app or daily news podcast Scientists have identified what are believed to be the oldest crocodilian eggshells ever found in Australia, unearthed in a grazier’s back yard in regional Queensland. The 55m-year-old eggshells – found at a fossil deposit in Murgon, approximately 270km north-west of Brisbane – likely belong to a group of extinct crocodiles known as mekosuchines, new research suggests. Continue reading...","Tue, 11 Nov 2025 14:00:04 GMT",https://www.theguardian.com/environment/2025/nov/11/these-weird-crocs-were-all-over-the-place-australias-oldest-crocodile-eggshells-unearthed-in-queensland-back-yard,"Donna Lu Assistant editor, climate, environment and science",www.theguardian.com,2025-11-11T22:15:21.963868+00:00,"Scientists have identified what are believed to be the oldest crocodilian eggshells ever found in Australia, unearthed in a grazier’s back yard in regional Queensland.
The 55m-year-old eggshells – found at a fossil deposit in Murgon, approximately 270km north-west of Brisbane – likely belong to a group of extinct crocodiles known as mekosuchines, new research suggests.
Modern saltwater and freshwater crocodiles only arrived in Australia about 3.8m years ago. “Before they got here, these weird mekosuchine crocs were all over the place,” said study co-author Prof Michael Archer, a palaeontologist at the University of New South Wales.
Some mekosuchines were partial tree dwellers, such as the ridge-headed crocodile, which has been nicknamed the “drop croc” because it may have climbed trees and dropped on to animals passing below.
“The idea of ‘drop crocs’ isn’t as crazy as it sounds. We probably did have crocodiles that were spending time in the trees and jumping out on prey,” Archer said.
Sign up: AU Breaking News email
The fossil eggshells found at Murgon likely belonged to an earlier genus of mekosuchines known as Kambara.
“We know we’re looking at the oldest crocodile eggshells certainly in Australia … the Kambara mekosuchines are the first ones we know of this whole group,” Archer said.
The research focused on 12 fossil eggshells that were incidentally collected over several years in the 1990s, but which were only recently analysed by study lead author, Dr Xavier Panadès i Blas of the Miquel Crusafont Catalan Institute of Palaeontology in Barcelona.
He said eggshells “preserve microstructural and geochemical signals that tell us not only what kinds of animals laid them, but also where they nested and how they bred”.
“Eggshells should be a routine, standard component of palaeontological research – collected, curated and analysed alongside bones and teeth,” he said in a statement.
The structure of the mekosuchine eggshells “do not resemble any other crocodilian eggshells”, Archer said, pointing to their association with a crocodile group unique to Australia.
“We still do not know what the relationships of this group of crocodiles is to all the other crocodiles of the world. All we do know is that when the salt and freshwater crocodiles did get into Australia … that was the beginning of the end for this particular group.”
Dr Matthew McCurry, a vertebrate palaeontologist at the Australian Museum who was not involved in the research, said mekosuchines were “representative of the fact that crocodiles in the past did a lot more than they do in modern ecosystems”.
“If we go right back to the Cretaceous [period, 66m to 143m years ago], crocodiles did a huge range of different things: some were fully marine and had paddle-like limbs, some fed on plants exclusively,” he said.
“When most people think palaeontology, they think of the bones and the teeth of the organisms – they’re often the parts that fossilise the most easily. Trackways are probably the second most common thing … footprints left behind.
“We occasionally do find the bones of these animals, but eggs are comparatively more rare.”
The study was published in the Journal of Vertebrate Paleontology."
The Guardian,NSW premier Chris Minns announces fresh laws restricting protests near places of worship as questions continue over Sydney neo-Nazi rally,https://www.theguardian.com/australia-news/2025/nov/11/chris-minns-announces-fresh-laws-restricting-protests-near-places-of-worship-as-questions-continue-over-neo-nazi-protest,"Chris Minns reveals plan to give police new move-on powers one month after supreme court struck down similar legislation Get our breaking news email , free app or daily news podcast The New South Wales government will introduce fresh laws restricting protests outside places of worship, a month after the state’s supreme court struck down legislation giving police expanded powers to move on protesters. In question time on Tuesday, the NSW premier, Chris Minns, announced the government’s plan to give police powers to issue move on orders to people who harass, block or intimidate people from entering a place of worship. Continue reading...","Tue, 11 Nov 2025 09:24:34 GMT",https://www.theguardian.com/australia-news/2025/nov/11/chris-minns-announces-fresh-laws-restricting-protests-near-places-of-worship-as-questions-continue-over-neo-nazi-protest,Jordyn Beazley and Penry Buckley,www.theguardian.com,2025-11-11T22:15:23.004251+00:00,"The New South Wales government will introduce fresh laws restricting protests outside places of worship, a month after the state’s supreme court struck down legislation giving police expanded powers to move on protesters.
In question time on Tuesday, the NSW premier, Chris Minns, announced the government’s plan to give police powers to issue move on orders to people who harass, block or intimidate people from entering a place of worship.
The details of the new legislation remain unclear, with the bill to be introduced next week. Guardian Australia understands it was not discussed in Labor caucus on Tuesday morning.
The fresh legislation would narrow police powers which had allowed police to move on protesters who were “in or near” a place of worship, regardless of what the protest was about.
Sign up: AU Breaking News email
Last month, justice Anna Mitchelmore ruled that this power impermissibly burdened the freedom of political communication implied in Australia’s constitution, after a challenge.
The catalyst for the original places of worship bill was a protest outside the Great Synagogue where a member of the Israel Defense Forces was speaking. Guardian Australia understands this protest remains the government’s rationale for the new law.
Minns announced the changes in question time alongside a raft of other changes being considered in response to a neo-Nazi rally which was held outside parliament on Saturday which called for the abolition of the “Jewish Lobby”.
The state government is already considering expanding a ban on Nazi symbols to include chants and slogans, after the Hitler Youth chant “blood and honour” was reportedly used on Saturday.
On Tuesday, Minns said the government was also looking into removing a “sunset clause”. Under that clause a provision to the Crimes Act outlawing the incitement of racial hatred would expire in 2028.
The NSW attorney general, Michael Daley, said he believed the government’s fresh attempt to restrict protests outside places of worship would not be captured by the supreme court decision.
He told parliament on Tuesday it was never the government’s intention to restrict peaceful protests “that happened to be near a place of worship”.
“The supreme court’s decision did not affect the offence of intentionally blocking, impeding, harassing, intimidating or threatening a person accessing a place of worship, and that is important.
“The amendments in the bill balance community protections with the freedom of political expression, sometimes that is difficult.”
The government passed a suite of anti-protest laws in February after a wave of antisemitic attacks over the summer, which included a caravan being found laden with explosives in Dural, on the outskirts of Sydney.
As he announced the laws on Tuesday, Minns challenged the Australian federal police’s belief that the Dural caravan incident was “a hoax” by organised crime.
“We also need to address directly the assertion that antisemitism is a hoax, that the Dural caravan plot, the so-called Dural caravan plot, was a hoax … it emboldens extremists, and they used that rhetoric to justify their appalling, obnoxious behaviour on Macquarie Street.”
Minns said on Tuesday there was “no doubt” the rally on Saturday had been “divisive, bigoted, racist and antisemitic”. NSW police confirmed on Tuesday afternoon that no charges had been laid.
Jack Eltis, who submitted the form 1 application for Saturday’s rally on behalf of “White Australia, formerly the National Socialist Network” claimed the group received “paid and free advice” from constitutional and criminal lawyers and barristers who “support what we’re doing”.
They were advised that the banner they were proposing to display didn’t meet the threshold for hate speech laws, “which ironically we were protesting”, Eltis said on Tuesday.
He claimed the group was seeking to register as a political party at state and federal level.
“It’s something we are heavily interested in pursuing.”
The premier and police minister, Yasmin Catley, continued to field questions on Tuesday about why neither they nor the NSW police commissioner, Mal Lanyon, were aware of the rally before it happened. Minns and Catley said they did not know of anyone in their offices being warned.
On Monday, Minns told reporters a review into Saturday’s event, as well as another by the same group outside parliament in June, “would look at what communication took place between police and the premier’s department and the premier’s office”.
“I don’t know whether an email, an errant email in the scores of communications, referenced either of the rallies in the previous month. We’ll have a closer look at that.”
Both the NSW speaker, Greg Piper, and NSW police deputy commissioner Peter Thurtell revealed that they were advised about the rally before it took place.
Thurtell told the Sydney Morning Herald he had apologised to the commissioner after failing to notify him after he was notified five days in advance."
The Guardian,Milan prosecutors investigate alleged ‘sniper tourism’ during Bosnian war,https://www.theguardian.com/world/2025/nov/11/milan-prosecutors-investigate-alleged-sniper-tourism-during-bosnian-war,"Groups from Italy and elsewhere alleged to have paid Serb soldiers to shoot Sarajevo residents during siege Prosecutors in Milan have opened an investigation into Italians who allegedly paid members of the Bosnian Serb army for trips to Sarajevo so that they could kill citizens during the four-year siege of the city in the 1990s. More than 10,000 people were killed in Sarajevo by constant shelling and sniper fire between 1992 and 1996 in what was the longest siege in modern history, after Bosnia and Herzegovina declared independence from Yugoslavia. Continue reading...","Tue, 11 Nov 2025 17:20:22 GMT",https://www.theguardian.com/world/2025/nov/11/milan-prosecutors-investigate-alleged-sniper-tourism-during-bosnian-war,Angela Giuffrida in Rome and Kim Willsher in Paris,www.theguardian.com,2025-11-11T22:15:24.129720+00:00,"Prosecutors in Milan have opened an investigation into Italians who allegedly paid members of the Bosnian Serb army for trips to Sarajevo so that they could kill citizens during the four-year siege of the city in the 1990s.
More than 10,000 people were killed in Sarajevo by constant shelling and sniper fire between 1992 and 1996 in what was the longest siege in modern history, after Bosnia and Herzegovina declared independence from Yugoslavia.
The snipers were perhaps the most feared element of life under siege in Sarajevo because they would pick off people on the streets, including children, at random, as if it was a video game or a safari.
Groups of Italians and other nationalities, so-called “sniper tourists”, are alleged to have participated in the massacre after paying large sums of money to soldiers belonging to the army of Radovan Karadžić, the former Bosnian Serb leader who in 2016 was found guilty of genocide and other crimes against humanity, to be transported to the hills surrounding Sarajevo so that they could shoot at the population for pleasure.
Sarajevo is in a basin surrounded by mountains, which made cutting it off and attacking it particularly easy.
Milan prosecutors, led by Alessandro Gobbi, launched an investigation aimed at identifying the Italians involved on charges of voluntary murder aggravated by cruelty and abject motives.
The investigation originated from a legal complaint submitted by Ezio Gavazzeni, a Milan-based writer who gathered evidence on the allegations, as well as a report sent to the prosecutors by the former mayor of Sarajevo, Benjamina Karić.
Gavazzeni said he had first read reports about the alleged sniper tourists in the Italian press in the 1990s, but it was not until he watched Sarajevo Safari, a 2022 documentary by the Slovenian director Miran Zupanič, that he began to investigate further.
In the documentary, a former Serb soldier and a contractor claimed that groups of westerners would shoot at the civilian population from the hills around Sarajevo. Its claims have been vehemently denied by Serbian war veterans.
“Sarajevo Safari was the starting point,” said Gavazzeni. “I began a correspondence with the director and from there expanded my investigation until I collected enough material to present to the Milan prosecutors.”
Gavazzeni claimed “many, many, many Italians” were alleged to have been involved, without providing a figure. “There were Germans, French, English … people from all western countries who paid large sums of money to be taken there to shoot civilians.”
Gavazzeni added: “There were no political or religious motivations. They were rich people who went there for fun and personal satisfaction. We are talking about people who love guns who perhaps go to shooting ranges or on safari in Africa.”
He claimed the Italian suspects would meet in the northern city of Trieste and travel to Belgrade, from where the Bosnian Serb soldiers would accompany them to the hills of Sarajevo. “There was a traffic of war tourists who went to there to shoot people,” he said. “I call it an indifference towards evil.”
Gavazenni said he had identified some of the Italian individuals alleged to have been involved and who are expected to be questioned by the prosecutors in the coming weeks.
Probably the most high-profile deaths by sniper fire were Bošco Brkić and Admira Ismić, a couple documented in the film Romeo and Juliet in Sarajevo, who were killed by a sniper in 1993 while trying to cross a bridge. Their bodies remained in no-man’s land between the Bosnian and Bosnian Serb positions for several days. Photographs were published widely and became symbolic of the randomness and inhumanity of the war.
The main street running into Sarajevo, Meša Selimović Boulevard, was nicknamed “Sniper Alley” because it became extremely dangerous but could not be avoided as it was the way to Sarajevo airport. Trams and buses had their windows shot out and all around there were sniper warning signs.
Nicola Brigida, a lawyer who helped Gavazzeni prepare his case, said: “The evidence accumulated after a long investigation [by Gavazzeni] is well substantiated and could lead to serious investigation to identify the culprits. There is also the report from the former Sarajevo mayor.”"
The Guardian,"ChatGPT violated copyright law by ‘learning’ from song lyrics, German court rules",https://www.theguardian.com/technology/2025/nov/11/chatgpt-violated-copyright-laws-german-court-rules,"OpenAI ordered to pay undisclosed damages for training its language models on artists’ work without permission A court in Munich has ruled that OpenAI’s chatbot ChatGPT violated German copyright laws by using hits from top-selling musicians to train its language models in what creative industry advocates described as a landmark European ruling. The Munich regional court sided in favour of Germany’s music rights society GEMA, which said ChatGPT had harvested protected lyrics by popular artists to “learn” from them. Continue reading...","Tue, 11 Nov 2025 17:00:39 GMT",https://www.theguardian.com/technology/2025/nov/11/chatgpt-violated-copyright-laws-german-court-rules,"Deborah Cole in Berlin and Philip Oltermann, European culture editor",www.theguardian.com,2025-11-11T22:15:25.176814+00:00,"A court in Munich has ruled that OpenAI’s chatbot ChatGPT violated German copyright laws by using hits from top-selling musicians to train its language models in what creative industry advocates described as a landmark European ruling.
The Munich regional court sided in favour of Germany’s music rights society GEMA, which said ChatGPT had harvested protected lyrics by popular artists to “learn” from them.
The collecting society GEMA, which manages the rights of composers, lyricists and music publishers and has approximately 100,000 members, filed the case against OpenAI in November 2024.
The lawsuit was seen as a key European test case in a campaign to stop AI scraping of creative output. OpenAI can appeal against the decision.
ChatGPT allows users to ask questions and type commands into a chatbot, which responds with text that resembles human language patterns. The model underlying ChatGPT is trained on widely available data.
The case revolved around nine of the most recognisable German hits of recent decades, which were used by ChatGPT to hone its language capabilities.
They included Herbert Grönemeyer’s 1984 synth-pop sendup of masculinity, Männer (Men), and Helene Fischer’s Atemlos Durch die Nacht (Breathless Through the Night), which was the unofficial anthem of the German side during the 2014 football World Cup.
The presiding judge ordered OpenAI to pay undisclosed damages for using copyrighted material without permission.
The GEMA legal adviser Kai Welp said the organisation now hoped to negotiate with OpenAI on how rights holders could be compensated.
The San Francisco-based company, whose founders include Sam Altman and Elon Musk, had said its language learning models absorbed entire training sets of data rather than storing or copying specific songs, the Munich court said.
Because its output is generated by users of the chatbot via their prompts, OpenAI said, they were the ones who should be held legally liable for it – an argument rejected by the court.
GEMA welcomed the decision as “the first landmark AI ruling in Europe”, saying it could have implications for other types of creative output.
Its chief executive, Tobias Holzmüller, said the decision proved “the internet is not a self-service store and human creative achievements are not free templates”.
“Today, we have set a precedent that protects and clarifies the rights of authors: even operators of AI tools such as ChatGPT must comply with copyright law. Today, we have successfully defended the livelihoods of music creators.”
The Berlin law firm Raue, which represented GEMA, said in a statement that the court’s decision “sets an important precedent for the protection of creative works and sends a clear signal to the global tech industry” while creating “legal certainty for creators, music publishers and platforms across Europe”.
The ruling “is likely to have an impact far beyond Germany as a precedent”, it said.
The German Journalists’ Association also hailed the ruling as “a milestone victory for copyright law”.
OpenAI said in a statement it would weigh an appeal. “We disagree with the ruling and are considering next steps,” it said. “The decision is for a limited set of lyrics and does not impact the millions of people, businesses and developers in Germany that use our technology every day.”
It added: “We respect the rights of creators and content owners and are having productive conversations with many organisations around the world, so that they can also benefit from the opportunities of this technology.”
OpenAI has faced litigation in the US from authors and media groups claiming ChatGPT has been trained on their work without permission."
The Guardian,Catherine Connolly sworn in as Ireland’s president on day of pomp and celebration,https://www.theguardian.com/world/2025/nov/11/catherine-connolly-sworn-in-as-ireland-president-on-day-of-pomp-and-celebration,"New president pledges ‘all voices’ will be heard and vows to promote climate action, tolerance and a Gaelic revival Catherine Connolly has vowed to make Ireland a “republic worthy of its name” by using her presidency to champion diversity, the Irish language and the legacy of decolonisation. Connolly spelled out a leftwing alternative to centre-right orthodoxy in her inauguration speech after being sworn in to office on Tuesday. Continue reading...","Tue, 11 Nov 2025 16:27:04 GMT",https://www.theguardian.com/world/2025/nov/11/catherine-connolly-sworn-in-as-ireland-president-on-day-of-pomp-and-celebration,Rory Carroll Ireland correspondent,www.theguardian.com,2025-11-11T22:15:26.214192+00:00,"Catherine Connolly has vowed to make Ireland a “republic worthy of its name” by using her presidency to champion diversity, the Irish language and the legacy of decolonisation.
Connolly spelled out a leftwing alternative to centre-right orthodoxy in her inauguration speech after being sworn in to office on Tuesday.
“We were led to believe that it was too great a leap, that our ideas were too far out, too left – at odds with the prevailing narrative,” she said, referencing her landslide victory in last month’s election.
“In shared conversations all over the country, however, it became evident that the dominant narrative did not reflect or represent people’s values and concerns. Time and time again, people spoke of how it served to silence, to other, to label, to exclude and to stifle critical thinking.”
On a day of pomp and celebration at Dublin Castle, formerly the seat of British rule, the 68-year-old former barrister said that as Ireland’s 10th president she would ensure “all voices” were heard and would promote climate action, tolerance and a Gaelic revival.
“The people have spoken and have given their president a powerful mandate to articulate their vision for a new republic, a republic worthy of its name where everyone is valued and diversity is cherished, where sustainable solutions are urgently implemented, and where a home is a fundamental human right.”
Connolly’s election shocked the political establishment. The independent leftwing legislator united opposition leftwing parties, energised young voters and trounced the ruling Fine Gael party’s candidate, Heather Humphreys, by winning 64% of the vote.
The presidency is a largely ceremonial post but the outgoing president, Michael D Higgins, stretched the constraints and turned it into a platform for domestic and international issues, a practice Connolly is expected to continue.
In a ballroom packed with government figures, ambassadors and other dignitaries, including former presidents Mary Robinson and Mary McAleese, Connolly lamented “the normalisation of war and genocide”.
Lauding Ireland’s neutrality – a potential source of friction with the government, which wants to cooperate with EU security initiatives, she said: “Our experience of colonisation and resistance of a catastrophic man-made famine and forced immigration gives us a lived understanding of dispossession, hunger and war and a mandate for Ireland to lead.”
Connolly also hailed the Good Friday agreement and referenced article 3 of Ireland’s constitution, which espouses a united Ireland with consent. The Democratic Unionist party (DUP) declined to send a representative to the inauguration but said no snub was intended.
Switching to Irish, Connolly repeated a commitment to prioritise the language in Áras an Uachtaráin, the presidential office and residence. “Irish will not be spoken in a low voice in the Áras, it will have first place as a working language.”
No country can express its desires or values if the native language spoken by ancestors was extinguished, she said. “It has been put in second place without sufficient respect or recognition. The hearts of our people were quenched when they were made to stop using their own language. It’s a language that expresses feelings and sentiment with every word.”
A 21-gun salute was fired as the new president received the seal of office."
The Guardian,"100,000 take part in controversial Poland independence march, authorities say – as it happened",https://www.theguardian.com/world/live/2025/nov/11/europe-armistice-day-russia-ukraine-romania-france-live-updates,Thousand attend event organised primarily by nationalist and far-right groups to mark 107th anniversary of independence You can watch the live stream of the Irish presidential inauguration here: Irish president-elect Catherine Connolly has just arrived at the Dublin Castle for her presidential inauguration. Continue reading...,"Tue, 11 Nov 2025 16:14:47 GMT",https://www.theguardian.com/world/live/2025/nov/11/europe-armistice-day-russia-ukraine-romania-france-live-updates,Jakub Krupa,www.theguardian.com,2025-11-11T22:15:27.333207+00:00,"100,000 people taking part in Polish Independence March, authorities say
Warsaw police estimate that around 100,000 people are taking part in the Independence March in the Polish capital (15:03), Poland’s public broadcaster TVP said.
Thousand attend event organised primarily by nationalist and far-right groups to mark 107th anniversary of independence
… and on that note, it’s a wrap!
68-year-old Catherine Connolly has inaugurated her term as the 10th president of Ireland, saying she wants to be “a steady hand” and “a catalyst for change,” “reflecting our desire for a republic that lives up to its name” (13:00, 14:02, 14:25). She also warned against “existential” threats from climate change and armed conflicts, stressing Ireland’s neutrality (13:48, 13:51, 13:54, 14:01).
Around 100,000 people, including Poland’s president Karol Nawrocki, have taken part in the controversial Independence March in the Polish capital of Warsaw this afternoon, according to early police estimates, as the country celebrated 107th anniversary of its independence (15:03, 15:33, 16:01, 16:56).
Thousands also took part in Armistice Day commemorations in France, led by French president Emmanuel Macron (11:38).
And happy birthday to German chancellor, Friedrich Merz, who turns 70 today, and hosts a big birthday bash this evening as he faces growing questions about his track record in government (16:40).
And that’s all from me, Jakub Krupa, for today.
If you have any tips, comments or suggestions, email me at jakub.krupa@theguardian.com.
I am also on Bluesky at @jakubkrupa.bsky.social and on X at @jakubkrupa.
Warsaw police estimate that around 100,000 people are taking part in the Independence March in the Polish capital (15:03), Poland’s public broadcaster TVP said.
in Berlin
Germany’s chancellor Friedrich Merz celebrates his 70th today, making him the oldest head of government in the EU and joining global septuagenarian leaders club including China’s Xi Jinping and presidents Donald Trump of the US and Vladimir Putin of Russia.
Taking a beating in opinion polls and facing stiff competition from the far-right Alternative für Deutschland, Merz told media he would treat it as a “normal work day”.
After a slightly extended breakfast with his wife, Charlotte, Merz reported to his desk at the chancellery in central Berlin and from 5pm will join a reception of 300 of his closest political allies and a few family members.
Former chancellor Angela Merkel, a Christian Democrat who governed Germany for 16 years, was originally not on the guest list. Her office last month confirmed the snub. “Former chancellor Dr Merkel would not be able to attend anyway due to a trip abroad.” She is in Israel this week to accept an honorary doctorate.
A spokesperson for the former chancellor said an invitation later arrived and Merkel sent him a handwritten birthday greeting.
Merz and Merkel have been locked in a bitter political rivalry for more than 20 years after she iced him out of key posts, leading him to quit politics for over a decade.
Since he took office in May, Merz has touted his hardline immigration stance as an intentional break with Merkel’s “We can do it” welcome at the height of the 2015-16 refugee influx. Merkel has repeatedly voiced criticism of his border policy and views on integration.
Merz has reserved this evening for loved ones. “As a family person, I look forward to celebrating my birthday with my wife, the children and grandchildren,” he said.
He is the first German chancellor to turn 70 in office – postwar West German leader Konrad Adenauer was elected at 73 – and attributes his relatively youthful appearance to cycling, golfing and eating well.
“I basically don’t drink alcohol any more,” he told the Rheinische Post newspaper.
While he says he works 16 hours a day, he reserves six hours for sleep and tries to get out in the fresh air in his home region of Sauerland on weekends.
With the economy in the doldrums and the ruling coalition with the Social Democrats at loggerheads, political consultant Johannes Hillje put Merz’s weakness in office not down to clearing the 70 mark but to his often impulsive rhetoric, leading to a German neologism merzen, meaning talking big with little to show for it.
“This discrepancy between rhetoric and results has nothing to do with his age, but rather with his character,” he told public broadcaster rbb. “But I believe he needs to find a better balance, because so far this has caused a great deal of frustration and disappointment.”
Germany’s chief federal prosecutor has announced the arrest of a German-Polish national with alleged neo-Nazi ties who is accused of calling on the darknet for the assassination of top politicians and seeking donations for bounties on their heads.
More than 20 people were on the list of potential targets, including former chancellors Angela Merkel and Olaf Scholz as well as judges and ex-government ministers, local media reported.
On his platform Assassination Politics, the 49-year-old suspect, identified only as Martin S, is alleged to have published personal data of prominent people as well as “charge sheets” and “death sentences”.
The suspect, who was arrested late on Monday in the western city of Dortmund, where he lives with his family, faces charges including financing terrorism, inciting others to commit a serious act of violence that endangers the state and committing the dangerous dissemination of personal data.
Lithuanian foreign minister Kęstutis Budrys said he recommended refusing talks with Belarus on reopening border checkpoints between the countries, after Belarus’ president told his foreign minister to hold talks with Lithuania on the matter, Reuters reported.
The border crossings between Lithuania and Belarus will remain closed for most travellers until the end of November in response to recent airspace disruptions from smugglers’ balloons, Lithuania said earlier.
Let’s now take a look at other events across Europe.
To give you a better idea of the atmosphere at the Warsaw demonstration, Sławomir Mentzen, leader of the far-right Confederation party which is involved in its organisation, said in a social media post that “the crowds at the Independence March are showing their devotion to the Fatherland.”
“We are proud to be Poles and will always defend our nation against foreign powers! Long live a strong, proud, and independent Poland!”
He also posted a picture of himself standing with a red hand flare in front of a banner, saying:
“Poland demands today – send Tusk back to Berlin!”
The banner refers to the conservatives and far right’s criticism of prime minister Donald Tusk’s approach to Polish-German relations.
Mentzen came third in the Polish presidential election in May, with 14.8% of the vote, and could play a key role in the government-forming process after the next parliamentary election in 2027.
Poland’s conservative nationalist president Karol Nawrocki is now confirmed as taking part in the Independence March, posting a video of himself walking the streets of Warsaw with a white-red flag as part of the procession.
In contrast, his predecessor, conservative Andrzej Duda, steered clear of the event, joining it only once – in 2018 – when it was part of a larger, 250,000-strong and partially state-organised commemoration of Poland’s 100 years of independence.
Meanwhile over in Poland, tens of thousands of people are taking part in the Independence March in Warsaw, organised primarily by nationalist and far-right groups under the slogan “One nation, strong Poland.”
Despite the solemn occasion of the 107th anniversary of the Polish independence day, the event continues to deeply polarise the general public as it attracts thousands of conservatives Poles willing to celebrate the country’s history, but also fringe, far-right and radical groups.
An SW Research poll for Rzeczpospolita showed that 45% of Poles have a positive view of the march, but 28% is of the opposite view. 26% have no opinion about the event.
Some far-right slogans can be also seen on flags carried on the fringes of the march, including “Stop immigration, time for deportation.”
In the past, the event had been marred by violent clashes with police and counterprotesters, with controversies about reported attendance of other far-right groups from across Europe.
Official state commemorations took place earlier today, with president Karol Nawrocki and senior government ministers taking part in a formal ceremony at Piłsudski Square in Warsaw.
Earlier in the morning, Nawrocki also laid wreaths at monuments commemorating Poland’s founding figures, and he was expected to join the march during the afternoon.
Poland’s prime minister Donald Tusk attended a separate event in his home town of Gdańsk.
There was also a sports element, with 20,000 runners taking part in the Independence Day Run in Warsaw early morning, and thousands joining other events across the country.
in Dublin
A finely balanced inaugural address by Ireland’s new president.
Catherine Connolly’s reference to the “dominant narrative” excluding “critical thinking”, and not addressing people’s concerns, was a coded rebuke to some government policies. So too was the reference to housing being a fundamental right in the context of a severe housing shortage.
Her lauding of Irish neutrality can be interpreted as a marker to a government that is eying engagement with European security initiatives.
Overall, however, Connolly stayed within the boundaries of the largely ceremonial position.
Her conclusion (14:02) continued that balancing act.
And in one of Connolly’s engagements in her new role, we are getting a flypast above the Dublin Castle!
She then proceeds to inspect the guard of honour."
The Guardian,"‘Entirely political’: Istanbul mayor charged with 142 offences that could total 2,000 years in jail",https://www.theguardian.com/world/2025/nov/11/istanbul-mayor-ekrem-imamoglu-charged-bribery-extortion-turkey,"Ekrem İmamoğlu, the main political rival of Recep Tayyip Erdoğan, faces charges including bribery and extortion Turkish prosecutors have charged Istanbul’s jailed mayor, Ekrem İmamoğlu, with 142 offences that could carry a penalty of hundreds of years in prison, in a move seen as a politically motivated attack on the country’s opposition. The indictment filed on Tuesday, which runs to nearly 4,000 pages, charges the popular opposition figure who was arrested on 19 March with offences including running a criminal organisation, bribery, embezzlement, money laundering, extortion and tender rigging. Continue reading...","Tue, 11 Nov 2025 15:10:03 GMT",https://www.theguardian.com/world/2025/nov/11/istanbul-mayor-ekrem-imamoglu-charged-bribery-extortion-turkey,Agence France-Press in Istanbul,www.theguardian.com,2025-11-11T22:15:28.381857+00:00,"Turkish prosecutors have charged Istanbul’s jailed mayor, Ekrem İmamoğlu, with 142 offences that could carry a penalty of hundreds of years in prison, in a move seen as a politically motivated attack on the country’s opposition.
The indictment filed on Tuesday, which runs to nearly 4,000 pages, charges the popular opposition figure who was arrested on 19 March with offences including running a criminal organisation, bribery, embezzlement, money laundering, extortion and tender rigging.
The state news agency, Anadolu, said prosecutors would be asking for prison sentences that could amount to up to 2,430 years behind bars if he is found guilty.
Turkey’s opposition leader said the charges were intended to prevent İmamoğlu running for president in the 2028 election.
“This case is not legal, it is entirely political. Its purpose is to stop the Republican People’s party (CHP), which came first in the last local elections, and to block its presidential candidate,” Özgür Özel said on X.
The arrest of İmamoğlu, the main political rival of Turkey’s president, Recep Tayyip Erdoğan, was met with outrage from the CHP and prompted demonstrations across Turkey. It was the country’s worst street unrest since 2013.
İmamoğlu faces allegations that include espionage and faking his university degree, which could lead to him being banned from running for president.
According to the indictment, which names 402 suspects, İmamoğlu allegedly headed a crime network over which he exerted his influence “like an octopus”.
In an address to parliament on Tuesday, Özel said İmamoğlu would be the party’s candidate in the next presidential vote.
“Can someone be both an electoral fraudster, hold a forged decree and be a thief, a terrorist and a spy all at the same time?” he said before the indictment was released.
“If you accused an innocent person of just one of these crimes, it would be a great injustice. But when you put all of them on one person, it’s a major crime … But his only crime is running for the presidency of this country,” he said.
Also in the indictment, prosecutors said they had filed papers with Turkey’s top appeals court against the CHP, which observers said could pave the way for the party’s closure.
In a separate statement, the Istanbul prosecutor’s office confirmed it had informed the court about certain irregularities but denied reports it was seeking to have the party shut down.
The CHP has been under increasing pressure since it won control of Turkey’s largest cities in local elections in March 2024. Sixteen of its mayors have since been jailed.
An Ankara court dismissed a case in October challenging the legitimacy of the outcome of the party’s 2023 leadership primary, saying there was no legal basis for removing the current leadership from office.
The move could have unseated Özel, who is facing a number of lawsuits including one for insulting the president."
The Guardian,"Israel attacked Palestinian water sources over 250 times in five years, data reveals",https://www.theguardian.com/world/2025/nov/11/israel-attacks-palestine-water,"Armed forces and settlers used bombs, dogs, poison and machinery to attack people and infrastructure at key sites Israeli armed forces and settlers have attacked Palestinian water sources more than 250 times in the past five years, amounting to the most sustained assault on civilian water supplies in recent years, new research reveals. Bombs, dogs, poison and heavy machinery were among the weapons used to attack Palestinians and their infrastructure at drinking water, irrigation and sanitation sites in the occupied West Bank and Gaza Strip on at least 90 occasions between January 2024 and mid-2025, according to the Pacific Institute, a California-based nonpartisan thinktank tracking water conflicts. Continue reading...","Tue, 11 Nov 2025 18:09:47 GMT",https://www.theguardian.com/world/2025/nov/11/israel-attacks-palestine-water,Nina Lakhani,www.theguardian.com,2025-11-11T22:15:29.421532+00:00,"Israeli armed forces and settlers have attacked Palestinian water sources more than 250 times in the past five years, amounting to the most sustained assault on civilian water supplies in recent years, new research reveals.
Bombs, dogs, poison and heavy machinery were among the weapons used to attack Palestinians and their infrastructure at drinking water, irrigation and sanitation sites in the occupied West Bank and Gaza Strip on at least 90 occasions between January 2024 and mid-2025, according to the Pacific Institute, a California-based nonpartisan thinktank tracking water conflicts.
In February 2024, Israeli snipers killed eight Palestinians collecting water near Naser hospital in Gaza, while in April Israeli airstrikes on two schools in Gaza City killed and injured 100 people, and destroyed five mobile latrines and a solar-powered desalination unit that were installed in October 2024 as part of an EU-funded project.
An estimated 90% of water and sanitation facilities in the Gaza Strip have been destroyed or damaged by direct attacks as military targets, or are inaccessible to Palestinians as they are located in areas blocked by the Israeli army. These actions have contributed to a public health catastrophe, according to Pedro Arrojo-Agudo, the UN special rapporteur on the human rights to safe drinking water and sanitation.
“Such practices in Gaza, but also in other armed conflicts such as Sudan, constitute violations of international law, and have been documented as patterns of behaviour that constitute war crimes and crimes against humanity, that in the case of Gaza in particular, are an important part of a genocidal strategy,” said Arrojo.
“Israel has systematically used water to displace and segregate the Palestinian population in their own territories, illegally occupied since 1967, as part of its strategy of apartheid and progressive colonization,” he added.
In the occupied West Bank in April, a group of Israeli settlers in the village of Bardalah destroyed irrigation pipelines on Palestinian-owned properties, while on the same day, other settlers damaged a water pipeline in the nearby village of Khirbat.
In July, Israel killed at least 10 Palestinians at a water distribution point in Nuseirat refugee camp in central Gaza, six of them children, injuring another 16 amid critical levels of famine and dehydration that forced people to travel long distances in search of food and water. The attack is part of a growing pattern that has left more than 1,000 Palestinians dead while trying to access basic food and water aid.
In July, a group of UN experts warned that Israel was using “thirst as a weapon to kill Palestinians”.
The Middle East has become a hotspot for water-related violence in recent years, but incidents are surging globally amid climate catastrophe, poor governance and escalating conflicts over access to land and water sources.
In 2024, there were a record 420 water-related conflicts globally – a 20% rise on 2023, which was also a record year, and a 78% increase over 2022. Another 160-plus attacks were documented in the first half of 2025. The violence included attacks on dams, pipelines, wells, treatment plants, irrigation systems and workers, as well as public protests and cross-border disputes over access to water, and the use of water as a weapon of war.
In Madagascar, security forces armed with teargas, tanks and rubber bullets quelled almost daily youth-led protests over the government’s failure to address widespread power outages and water shortages, until a coup usurped the president in October.
In September last year, a brother and sister on their way home from fetching water at night were fatally shot in Matswale, among many places in South Africa where water shortages are worsening.
Pakistan has seen a spike in water-conflicts this year, including a wave of protests in Karachi over the construction of six new canals on the Indus river, which left scores of protesters and police injured.
The new data shows an increase in violence against environmental and community activists defending freshwater resources, especially in Latin America, as well as rising cyber attacks targeting water utilities. Recent surveys of water agencies in the US and UK revealed hundreds of attempted breaches targeting systems that manage operations of drinking water and wastewater infrastructure and equipment.
The UN recognizes access to safe, acceptable, affordable drinking water as a fundamental human right, yet more than 2 billion people, about 25% of the world’s population, still lack access. Cutting off or denying people access to safe water violates international humanitarian law and the Geneva conventions, constituting a war crime.
The Pacific Institute’s tracker is the most comprehensive open-source database of water-related violence in the world, documenting incidents dating back over 4,500 years and contains more than 2,750 entries identified from news reports, eyewitness accounts and other conflict databases.
Overall, water-related violence has been rising steadily since over the past two decades but has surged in recent years as growing scarcity exacerbates old conflicts over land, ideology and religion, economics and sovereignty, and new ones erupt, according to the Water Conflict Chronology. Only 24 such incidents were reported globally in the year 2000, compared with more than 160 incidents in the first half of 2025.
Israeli assaults in occupied Palestine and Russia’s war with Ukraine have accounted for a significant chunk of the recent rise in assaults on water, irrigation and sanitation supplies, accounting for 12% and 16% respectively of all global incidents in 2024.
Kalush, a city of 65,000 situated in the foothills of the Carpathian mountains in western Ukraine, was left without water and power on 25 December 2024, Christmas Day, after major shelling by Russian forces. In August this year, Ukraine National News reported that Russia had shut off water to some homes in the occupied Donetsk, allegedly as punishment for refusing to accept Russian rule.
Ukrainian forces have also damaged Russian civilian and military water supplies. In July, they reportedly struck a water pipeline supplying Russian military facilities in Vladivostok, in Russia’s far east, cutting off drinking water to garrisons.
“The growing number of violent incidents involving freshwater resources underscores the urgent need for international attention,” said Peter Gleick, senior fellow and co-founder of the Pacific Institute. “Ensuring access to safe, affordable water for all and safeguarding civilian water systems in accordance with international law are critical to preventing further expansion of violence.”
The Israeli government did not respond to request for comment."
The Guardian,Men with family stuck in Gaza say lack of action from UK government is breach of human rights,https://www.theguardian.com/world/2025/nov/11/men-with-family-stuck-in-gaza-say-lack-uk-government-action-breach-of-human-rights,"Two fathers in Britain enlist law firm to get government to follow through on evacuation promises made months ago The British government is facing legal action over its lack of action to help evacuate families in Gaza after committing to do so months ago. Two families have argued that the government’s failure to act is unlawful and in breach of their family’s human rights. They are among a number of separated families to which the government has failed to keep its evacuation promise, according to the law firm Leigh Day, which is representing them. Continue reading...","Tue, 11 Nov 2025 16:13:55 GMT",https://www.theguardian.com/world/2025/nov/11/men-with-family-stuck-in-gaza-say-lack-uk-government-action-breach-of-human-rights,Geneva Abdul,www.theguardian.com,2025-11-11T22:15:30.476100+00:00,"The British government is facing legal action over its lack of action to help evacuate families in Gaza after committing to do so months ago.
Two families have argued that the government’s failure to act is unlawful and in breach of their family’s human rights. They are among a number of separated families to which the government has failed to keep its evacuation promise, according to the law firm Leigh Day, which is representing them.
“I wished that I didn’t have to do this, that it didn’t have to reach this level that I’d have to involve courts,” said one father in the UK, who asked to remain anonymous. “I wish anyone would intervene and take my children out of the life that they are living.”
The man, who had been granted humanitarian protection in the UK prior to the breakout of the war in 2023, said he was told by the Foreign Office in August that he would be reunited with his family after they received a positive family reunion decision a month earlier.
“It was really shocking to see that this didn’t actually end up happening,” said the father, who is from Gaza City, via a translator. The 39-year-old likened the government’s response to that of being released from prison, only to be told he would have to return.
“The war is not over,” he added. “There’s still aggression from Israel, there’s no food or water, people are not OK.”
In Gaza, the death toll continues to climb past 67,000, according to the health ministry. Israel has been accused of violating the ceasefire which came into effect in October, and of committing genocide by the United Nations.
In August, the government announced that it would evacuate ill and injured children from Gaza, but has been called on by Médecins Sans Frontièrs to scale up its efforts after assisting only a handful of children. In October the government announced that it would allow Palestinian students taking up scholarships at UK universities to bring their families with them from Gaza, on a case-by-case basis.
“My children are students as well,” the father said. “Why shouldn’t [they] be brought here?”
While the family has a successful family reunion decision, they are subject to biometric checks. With no visa application centre in Gaza, lawyers say the UK government has refused to provide assurances by the Jordanian authorities to allow the family to cross the border to complete biometric checks there.
The Foreign Office, which was approached for comment, is understood to have responded to a pre-action letter sent in October indicating that the family could not be assisted at present and that the differential treatment between the family and students and medical evacuees was not unlawful.
A government spokesperson said: “It would be inappropriate to comment while legal proceedings are ongoing.”
Earlier this year, figures revealed how Home Office bureaucracy was making it impossible for people stranded in war zones, such as Gaza and Sudan, to reunite with family members in the UK. For months, campaigners and parliamentarians have been calling for the creation of a bespoke scheme, similar to that created after Russia’s invasion of Ukraine.
In Gaza City, the man’s wife, three children and adopted nephew in al-Zawida, Gaza, are now living in a tent. His wife walks an hour to be able to call him and he worries for his children, who, he said, have been shot at by Israeli forces trying to get aid and have had flour and rice taken from them by gangs.
Sarah Crowe, a solicitor for Leigh Day, said the government had turned its back on their commitments to ensure their clients’ safe passage despite promising to assist them over two months ago.
“Meanwhile, other groups have been safely evacuated under similar circumstances. Our clients argue that this differential treatment is not only unjustifiable and unfair – it is unlawful,” said Crowe.
Another father in the UK, who asked to remain anonymous, has taken separate legal action in an effort to reunite with his six children in Gaza. Earlier this year the government agreed to assist the family after a pre-action letter, however thefamily say the government has gone back on its word.
Speaking through a translator, he said family members in Gaza were living in a tent after their house was bombed by Israel, and that they were entirely reliant on charities for food. In Gaza, his daughter developed blood clots in her legs and his son struggles to breathe after inhaling phosphorus gas, he said. In the UK, his two daughters often ask when the others will join them. He said he was tired, drained and would often start crying and shouting uncontrollably.
“My children were supposed to be here in May,” said the father, who fled Gaza in 2018 after he was imprisoned and tortured by Hamas. “I was supposed to have already been with them for five or six months now.”"
The Guardian,Olympians call on Iran to halt execution of boxing champion,https://www.theguardian.com/global-development/2025/nov/11/sports-human-rights-olympians-protest-iran-execution-mohammad-javad-vafaei-sani-boxer,"Sports personalities including Martina Navratilova and the swimmer Sharron Davies sign letter condemning Mohammad Javad Vafaei Sani’s death sentence More than 20 Olympic medallists, coaches and other international athletes, including the tennis player Martina Navratilova and the swimmer Sharron Davies, have signed a letter calling for a halt to the execution of a boxing champion and coach, who is on death row in Iran. Amid growing international outrage over Iran’s escalating use of capital punishment as a tool of oppression, the strongly worded letter condemns the Iranian regime’s decision to uphold the death sentence of Mohammad Javad Vafaei Sani. Continue reading...","Tue, 11 Nov 2025 05:00:09 GMT",https://www.theguardian.com/global-development/2025/nov/11/sports-human-rights-olympians-protest-iran-execution-mohammad-javad-vafaei-sani-boxer,Sarah Johnson,www.theguardian.com,2025-11-11T22:15:31.522149+00:00,"More than 20 Olympic medallists, coaches and other international athletes, including the tennis player Martina Navratilova and the swimmer Sharron Davies, have signed a letter calling for a halt to the execution of a boxing champion and coach, who is on death row in Iran.
Amid growing international outrage over Iran’s escalating use of capital punishment as a tool of oppression, the strongly worded letter condemns the Iranian regime’s decision to uphold the death sentence of Mohammad Javad Vafaei Sani.
Vafaei Sani, 30, from Mashhad in north-east Iran, was arrested for taking part in nationwide protests in 2019 and accused of supporting an opposition group, the People’s Mojahedin Organisation of Iran (MEK). He has spent five years in prison, where he has been tortured and kept in solitary confinement.
“Sport is meant to inspire hope, unity, and courage,” the signatories wrote. “The execution of a champion for his political views is a direct assault on these values and a warning to every athlete who dares to speak out.
“We call on the United Nations, international sports federations and governments to act immediately to save the life of Mohammad Javad. The world must not stand by while Iran silences its champions.”
The letter said Vafaei Sani’s case was not an isolated one and noted Iran’s history of executing athletes for their beliefs, including Habib Khabiri, captain of the national football team, and Fourouzan Abdi, captain of the national women’s volleyball team. In 2020, Navid Afkari, a 27-year-old Iranian wrestling champion, was also executed.
Other signatories to the letter include the UK’s Tracy Edwards, who skippered the first all-female crew in the Whitbread Round the World Yacht Race, and was the first woman to receive the Yachtsman of the Year Trophy; the former captain of the Australian football team Craig Foster; and Bahram Mavaddat, a footballer who was in the Iranian squad for the 1978 World Cup.
Vafaei Sani was arrested in March 2020. The charges against him included “spreading corruption on Earth through arson and destruction of public property”. His sentence has been overturned twice but on 4 October it was upheld on the third occasion. His trial was condemned as “grossly unfair” by human rights activists and organisations, including Amnesty International.
The appeal to halt Vafaei Sani’s execution comes after a 2023 letter to the UN high commissioner for human rights, Volker Türk, signed by more than 100 human rights experts and organisations, calling for action to prevent the athlete’s execution.
According to Amnesty International, there is an “execution crisis in Iran, which has reached horrific proportions”. In 2023, authorities executed at least 853 people – a 48% increase on 2022. Last year, Amnesty recorded 972 executions, marking the highest number since 2015. More than 800 people have been executed so far in 2025.
Political prisoners and dissidents are targets, especially in the aftermath of the 2022 Woman, Life, Freedom uprising. Experts say the Iranian authorities have used the death penalty to suppress dissent, instil fear among the population and tighten their grip on power."
The Guardian,US declares partial suspension of sanctions on Syria after historic meeting,https://www.theguardian.com/world/2025/nov/10/us-declares-partial-suspension-of-sanctions-on-syria-after-historic-meeting,"Ahmed al-Sharaa and Donald Trump hold first White House summit between a US and Syrian leader since 1946 The US has announced a partial suspension of sanctions on Syria after a historic meeting in Washington DC between its new leader, Ahmed al-Sharaa, and Donald Trump. Monday’s meeting was the first summit between a US and Syrian leader at the White House since 1946. The meeting is part of a remarkable turnaround in US-Syrian relations after the fall of Bashar al-Assad, who had prosecuted a deadly civil war in the country from 2011 until his forces collapsed in December 2024. Continue reading...","Mon, 10 Nov 2025 23:55:08 GMT",https://www.theguardian.com/world/2025/nov/10/us-declares-partial-suspension-of-sanctions-on-syria-after-historic-meeting,Andrew Roth in Washington,www.theguardian.com,2025-11-11T22:15:32.575790+00:00,"The US has announced a partial suspension of sanctions on Syria after a historic meeting in Washington DC between its new leader, Ahmed al-Sharaa, and Donald Trump.
Monday’s meeting was the first summit between a US and Syrian leader at the White House since 1946. The meeting is part of a remarkable turnaround in US-Syrian relations after the fall of Bashar al-Assad, who had prosecuted a deadly civil war in the country from 2011 until his forces collapsed in December 2024.
Sharaa, a former al-Qaida-aligned rebel fighter who had previously had a $10m bounty on his head, arrived at the White House on Monday in a dark suit and red tie as he sought to lobby Trump for sanction relief for the former pariah state. Video showed him greeting a crowd of supporters outside in a rare public appearance.
“He’s a very strong leader,” Trump told reporters in the Oval Office. “He comes from a very tough place. Tough guy. I like him. I get along with the president, the new president in Syria, and we’ll do everything we can to make Syria successful, because that’s part of the Middle East.”
After the meeting, the US secretary of state, Marco Rubio, announced a 180-day suspension of some sanctions under the Syria Civilian Protection Act of 2019, commonly called the Caesar Act, which targets Syria’s energy industry and deterred foreign investors from signing contracts relating to the country’s postwar reconstruction.
The exemptions excluded “certain transactions involving the governments of Russia and Iran, or the transfer of provisions of Russian-origin or Iranian-origin goods, technology, software, funds, financing or services”.
Announcing the sanctions and export control reliefs, the US government said in a press release: “President Trump is delivering on his commitment to give Syria ‘a chance at greatness’ and to let them rebuild and thrive by lifting US sanctions and ensuring accountability for harmful actors.”
Sharaa is a former rebel and leader of Hayat Tahrir al-Sham (HTS), which was affiliated with al-Qaida and had been designated as a terrorist organisation by the US. But after his forces toppled Assad, HTS was removed from the list of foreign terrorist organisations, and the bounty on Sharaa was rescinded.
The US had said it wanted Syria to join a US-led coalition against Islamic State, while Syria had said that it planned to reopen its embassy in Washington after it was closed more than a decade ago under Assad.
That announcement was not made on Monday, although Sharaa said the sides had come to a “political” agreement.
Asked whether further announcements about Syria’s joining the coalition against Islamic State or on a security pact with Israel, Trump said: “Yes, you can expect an announcement on Syria. We want to see Syria become a country that’s very successful.”
Syria’s foreign ministry said it had agreed with the US to integrate the Kurdish-led Syrian Democratic Forces into the Syrian army."
The Guardian,UAE refuses to join Gaza stabilisation force without clear legal framework,https://www.theguardian.com/world/2025/nov/10/uae-says-it-will-not-join-gaza-stabilisation-force-without-clear-legal-framework,"Decision reflects wider regional doubts about terms of US-drafted plan to disarm Hamas Plans for a UN-mandated international stabilisation force charged with disarming Hamas inside Gaza face growing opposition after the United Arab Emirates said it would not participate because it did not yet see a clear legal framework for the force. Israel has already ruled out Turkey joining the force, and King Abdullah of Jordan has said Jordanian troops will not join. Azerbaijan, once mooted as a contributor, did not attend a planning meeting in Turkey last week and said it would not contribute unless a full ceasefire was in place. Continue reading...","Mon, 10 Nov 2025 16:49:26 GMT",https://www.theguardian.com/world/2025/nov/10/uae-says-it-will-not-join-gaza-stabilisation-force-without-clear-legal-framework,Patrick Wintour Diplomatic editor,www.theguardian.com,2025-11-11T22:15:33.629860+00:00,"Plans for a UN-mandated international stabilisation force charged with disarming Hamas inside Gaza face growing opposition after the United Arab Emirates said it would not participate because it did not yet see a clear legal framework for the force.
Israel has already ruled out Turkey joining the force, and King Abdullah of Jordan has said Jordanian troops will not join. Azerbaijan, once mooted as a contributor, did not attend a planning meeting in Turkey last week and said it would not contribute unless a full ceasefire was in place.
The UAE’s decision, announced by the senior envoy Dr Anwar Gargash at a conference in Abu Dhabi, reflects Arab doubts about the terms of a US-drafted resolution already distributed to diplomats at the UN in New York. The draft places an onus on a US-directed stabilisation force to be the principal means of imposing security in Gaza after Israel has left the territory.
Gargash said: “The UAE does not yet see a clear framework for the stability force and under such circumstances will not participate, but will support all political efforts towards peace – and remain at the forefront of humanitarian aid.”
The Arab states would like greater responsibilities to be given to a separate Palestinian civilian police force. International law would also forbid foreign troops from entering occupied Palestine unless there was explicit Palestinian consent, otherwise the force would be seen as coercive under UN law, and arguably stabilising an unlawful Israeli occupation.
Jamal Nusseibeh, a Palestinian American co-author of the Palestinian armistice plan, said: “It is critical that the force be deployed not to stabilise the unlawful Israeli occupation, but to enforce international law and end it. The force will work as long as it enters the entire occupied territory, including the West Bank, at the request of Palestine, and has a clear objective to end the occupation within the context of a sovereign Palestinian state.”
There is no reference to the West Bank in the US draft resolution, or to a Palestinian state, or a two-state solution, a prospect Israel opposes.
Detailed negotiations on the stabilisation force mandate, including its command and control, started formally on Thursday in New York, and look likely to be protracted – risking the development of a vacuum in Gaza that may strengthen Hamas.
The US is proposing that it lead the force although it will not have many troops involved on the ground. It has already in effect taken control of the delivery of humanitarian aid into Gaza from a new civil military coordination centre based in Israel.
The draft US resolution defines the purpose of a stabilisation force as “along with the newly trained and vetted police force to help secure border areas, stabilise the security environment in Gaza by ensuring the process of demilitarising the Gaza Strip including the destruction and prevention of rebuilding the military terror and offensive infrastructure as well as the permanent decommissioning of weapons from non-state armed groups”.
The force, answerable to a “board of peace” chaired by Donald Trump, and not to the UN, would be required to use “all necessary measures” to achieve its objectives.
Arab states including Qatar are also concerned that this mandate is too expansive, and if Hamas is to disarm that the group will only do so to fellow Palestinians, probably in the civilian police force, at a moment that, from the Hamas perspective, marks the end of occupation.
They also fear the draft mandate spills into giving the stabilisation force a governance role in Gaza, a task that was to be set aside for a Palestinian technocratic committee working in conjunction with a reformed Palestinian Authority (PA).
This “transitional governance administration” in Gaza would remain until “the Palestinian Authority has satisfactorily completed its reform programme, the satisfaction of which shall be acceptable to the BoP [board of peace]”, the draft says. It also “underscores the importance” of full humanitarian aid in Gaza, including through the UN, the International Committee of the Red Cross, and the Red Crescent.
However, it opens the door to the exclusion of “any organisation found to have misused such aid”. The phrase leaves open the board of peace excluding Unrwa, the body that the international court of justice has said is the lawful distributor of aid.
France and Saudi Arabia are already pressing for a reference to a Palestinian state to be included in the resolution. The Saudi crown prince, Mohammed bin Salman, is due in the White House on 18 November, and Manal Radwan, from Saudi Arabia’s foreign ministry, has said a reference to a Palestinian state is a prerequisite.
The PA chair, Mahmoud Abbas, met the French president, Emmanuel Macron, in Paris on Monday to discuss the PA role.
Neither the UN nor the 15-strong security council are given a supervisory role over the stabilisation force, overseeing the implementation of the resolution, a point largely overlooked by the draft text. Nothing is specified about the funding of this stabilisation mission, which, according to the Americans, should be largely borne by Gulf states, with Saudi Arabia taking the lead.
Israel is seeking written guarantees from the US that it will be allowed to follow the pattern of Lebanon and reserve the right to re-enter Gaza if it believes disarmament is not taking place at the scale or pace it requires.
The Israeli proposal was put to Jared Kushner, Donald Trump’s son-in-law, and the US special envoy, Steve Witkoff. Kushner was in Jerusalem on Monday to discuss progress on the ceasefire and Witkoff was due to arrive later the same day.
The bodies of four of the original 251 Israeli hostages remain unreturned.
Separately, Israel has been proposing that Gaza could yet be split in two, with reconstruction work starting in the Israel-occupied parts of the strip. Western diplomats insist this is not part of the Trump plan."
The Guardian,Indian police investigating fatal Delhi car blast under anti-terror law,https://www.theguardian.com/world/2025/nov/11/india-police-investigate-vehicle-fatal-delhi-explosion-blast,"Statements from government ministers suggest they do not see explosion that killed eight people as an accident Indian police are investigating a car explosion that killed eight people outside Delhi’s historic Red Fort under an anti-terror law, as they focus on the final movements of the vehicle involved. The explosion on Monday occurred at about 7pm, a peak time when Delhi’s old city is usually packed with people and traffic. Continue reading...","Tue, 11 Nov 2025 14:48:14 GMT",https://www.theguardian.com/world/2025/nov/11/india-police-investigate-vehicle-fatal-delhi-explosion-blast,Hannah Ellis-Petersen in Delhi,www.theguardian.com,2025-11-11T22:15:34.663212+00:00,"Indian police are investigating a car explosion that killed eight people outside Delhi’s historic Red Fort under an anti-terror law, as they focus on the final movements of the vehicle involved.
The explosion on Monday occurred at about 7pm, a peak time when Delhi’s old city is usually packed with people and traffic.
The Delhi police commissioner, Satish Golcha, said the explosion had happened after a “slow-moving vehicle” stopped at a red light outside the Red Fort metro station.
The blast started a fire that ripped through nearby cars, motorcycles and rickshaws and shattered the windows of a Sikh place of worship 500 metres away. As well as the eight people killed, about 20 were injured.
The cause of the explosion had not been confirmed by Tuesday evening, but increasingly strongly worded statements from senior government ministers indicated they did not see it as an accident.
The home minister, Amit Shah, said he had instructed senior officials to “hunt down each and every culprit behind this incident”. “Everyone involved in this act will face the full wrath of our agencies,” he said.
The prime minister, Narendra Modi, said: “The conspirators behind this will not be spared. All those responsible will be brought to justice.”
The Delhi police spokesperson, Sanjay Tyagi, said investigators were “probing all possible angles, including a terror attack, an accidental blast or any kind of failure in the car”. Officials were waiting on an explosives report from the forensics team, he said.
Delhi police confirmed they had filed a case under India’s draconian anti-terror law, the Unlawful Activities (Prevention) Act. The home ministry confirmed that the case had been handed over to the National Investigation Agency, India’s counter-terror force.
Witnesses to the Red Fort blast said they saw limbs ripped from bodies and scattered on the roads. “I saw the car explode while it was moving,” Dharmindra Dhaga, 27, told Agence France-Presse. “People were on fire and we tried to save them … Cars and people were burning – people inside the cars were burning.”
Jai, 49, a shopkeeper, said the blast was so loud it damaged his hearing. “I heard a noise so loud my ears got blocked. Then I saw car parts flying and scattered body parts,” he said.
According to reports, investigators have turned their focus to the final movements of the vehicle in which the explosion is believed to have originated. On Monday night, two people were detained who were linked to the Hyundai car, which was registered in the neighbouring state of Haryana.
CCTV footage is reported to show the car driving into a car park in the Old Delhi area close to the Red Fort at about 3pm and remaining there for about three hours while the driver – who appeared to be wearing a mask – stayed in the vehicle. The driver was reported to have driven the car into Delhi from Haryana on Monday morning.
India remains on high alert, with extra security measures imposed at airports and along border areas. The financial capital, Mumbai, was also put under high alert.
The defence minister, Rajnath Singh, said findings of the inquiry would soon be made public. “I want to firmly assure the nation that those responsible for this tragedy will be brought to justice and will not be spared under any circumstances,” he said."
The Guardian,Pakistan Taliban claim responsibility for deadly terror attack in Islamabad,https://www.theguardian.com/world/2025/nov/11/terror-attack-islamabad-pakistan-state-of-war,"Defence minister says country is in ‘state of war’ after suicide blast kills 12 and injures 27 outside court buildings At least 12 people have been killed in a suicide blast in Islamabad carried out by the Pakistan Taliban, as the country’s defence minister said a deadly surge in terror attacks had put the country in a “state of war”. The explosion, which was confirmed as a suicide attack by several government ministers, took place outside district court buildings in the capital on Tuesday at about 12.30pm. The area is usually heavily crowded with lawyers and litigants attending trials. Continue reading...","Tue, 11 Nov 2025 12:32:01 GMT",https://www.theguardian.com/world/2025/nov/11/terror-attack-islamabad-pakistan-state-of-war,Hannah Ellis-Petersen South Asia correspondent,www.theguardian.com,2025-11-11T22:15:35.696089+00:00,"At least 12 people have been killed in a suicide blast in Islamabad carried out by the Pakistan Taliban, as the country’s defence minister said a deadly surge in terror attacks had put the country in a “state of war”.
The explosion, which was confirmed as a suicide attack by several government ministers, took place outside district court buildings in the capital on Tuesday at about 12.30pm. The area is usually heavily crowded with lawyers and litigants attending trials.
The interior minister, Mohsin Naqvi, said 12 people had been killed in the attack and 27 were wounded. Naqvi said the bomber had tried to “enter the court premises but, failing to do so, targeted a police vehicle”.
The attack was claimed by the Pakistan Taliban, known as Tehreek-e-Taliban Pakistan. “Judges, lawyers and officials who carried out rulings under Pakistan’s un-Islamic laws were targeted,” the TTP said in a statement, threatening more attacks until Islamic sharia law was implemented in the Muslim-majority country.
Pakistan is facing a deadly and destabilising rise in attacks by TTP militants that has thrown the country into its worst security crisis in more than a decade.
TTP militants have carried out more than 600 attacks in Pakistan this year alone – mostly in the region of Khyber Pakhtunkhwa, which borders Afghanistan – leaving hundreds dead. However, Tuesday’s suicide attack was the most significant to target Islamabad for years.
Pakistan’s government has accused the Afghan Taliban of giving a safe haven and armed support to TTP fighters, a claim that Kabul denies.
Last month, the accusations led to deadly clashes erupting along the Pakistan-Afghanistan border, which left dozens dead. The two countries remain in fragile ceasefire talks that so far have failed to reach any agreements over the handling of cross-border terrorism.
Videos of the incident on Tuesday showed a blackened car that had been targeted by the bomber. Witnesses described hearing a loud bang and seeing bodies lying on the floor near the court complex.
“It was complete chaos, lawyers and people were running inside the complex. I saw two dead bodies lying on the gate and several cars were on fire,” Rustam Malik, a lawyer, told Agence France-Presse.
Pakistan is also facing a lethal surge in the decades-long separatist insurgency in Balochistan, the region bordering Iran and Afghanistan. Baloch militants, who are fighting for a separate state, have carried out dozens of increasingly sophisticated attacks in recent years, including the high-profile hijacking of a passenger train earlier this year.
The defence minister, Khawaja Asif, called Tuesday’s suicide attack a “wake-up call” to the terror threats the country was facing on multiple border fronts that were now playing out in the capital.
“We are in a state of war. Anyone who thinks that the Pakistan army is fighting this war in the Afghan-Pakistan border region and the remote areas of Balochistan, today’s suicide attack at the Islamabad district courts is a wake-up call,” he said.
Asif said TTP’s attack raised doubts about whether the peace talks with the Afghan Taliban would yield any results. “In this environment, it would be futile to hold out greater hope for successful negotiations with the rulers of Kabul,” he said."
The Guardian,‘I can’t breathe in this city’: inaction over Delhi’s suffocating pollution sparks rare protest,https://www.theguardian.com/world/2025/nov/11/delhi-air-pollution-protest,"The failure by state governments to do anything about pollution means it has often been met with apathy. But at a rare protest anger and frustration were rife As a familiar smoky evening haze gathered over Delhi, the crowd began to assemble in their hundreds. Mothers and children, students, retirees and environmentalists were all united by a basic but desperate demand: the right to breathe safely in India’s capital. “Delhi is not a liveable city any more, it’s a death trap,” said Radhika Aggarwal, 33, an engineer who joined the protest on Sunday. Continue reading...","Tue, 11 Nov 2025 03:42:31 GMT",https://www.theguardian.com/world/2025/nov/11/delhi-air-pollution-protest,Hannah Ellis-Petersen in Delhi,www.theguardian.com,2025-11-11T22:15:36.733594+00:00,"As a familiar smoky evening haze gathered over Delhi, the crowd began to assemble in their hundreds. Mothers and children, students, retirees and environmentalists were all united by a basic but desperate demand: the right to breathe safely in India’s capital.
“Delhi is not a liveable city any more, it’s a death trap,” said Radhika Aggarwal, 33, an engineer who joined the protest on Sunday.
“As I stand here, I’m breathing air that I know is killing me. But we see nothing but a failure by the government to do anything to stop this and clean up the pollution. No policies, no real action. So I’m here to fight for my city.”
For the past decade, Delhi has held the inglorious title of being the world’s most polluted city. Pollution season has become as normalised as the monsoon, as it rolls over the city in a suffocating smog that begins in October and can last for more than four months.
In the past weeks, Air quality index (AQI) measurements have regularly soared to more than a hundred times higher than is deemed safe by global heath bodies and residents routinely describe the city as akin to a gas chamber. Pollution now kills more people in Delhi than obesity or diabetes.
The seeming inevitability of the pollution, and the failure by successive state governments to do anything about it, means it has often been met with apathy by residents. But on Sunday, as a rare protest against the increasingly woeful air quality erupted in the Delhi’s political centre, anger and frustration were rife.
The call for Sunday’s protest had been to gather at India Gate, the country’s famed memorial to its fallen martyrs. But in the days prior to the protest, the police had made hundreds of calls and homes visits to those amplifying the protest to pressure them to call it off, even threatening legal action against them; the latest crackdown on any form of dissent in India.
Saurav Das, 26, was among those who received police pressure, after he put out a call for action against pollution on social media. Though young and fit, he had recently been diagnosed with allergic bronchitis, due to the filthy air.
“We wanted to gather peacefully at India Gate to send a message, loud and clear, that people are fed by failed policies and government apathy that have failed to combat air pollution,” said Das. “Instead we were met with unnecessary brute force.”
On Sunday police shut down India gate to prevent the protest and within hours, officers had aggressively cleared the nearby site, detaining almost 100 protesters at police stations until late into the night, with elderly people, mothers and children among them. The next day, a police case was filed against the organisers.
The reasons the capital is left to choke every winter are well documented; a lethal mix of emissions from tens of millions of cars, fires set by farmers in neighbouring states, plants that burn the city’s waste, coal fired power plants and smaller fires set by people just to keep warm. The cold weather, and lack of winds and rain, ensures the smog smothers Delhi and much of north India.
Yet state and national government policies to tackle the root causes remain largely absent. Instead, those who can, seal themselves indoors with expensive air purifiers or escape to the mountains and beaches of other states, turning clean air into Delhi’s most luxury commodity – one unaffordable to most the of the city’s 30 million residents.
On Sunday, much of the protester’s ire was directed at the Delhi government. In February, the Bharatiya Janata Party (BJP), which also runs the national government under prime minister Narendra Modi, won the Delhi state elections, stirring hope among residents it might finally trigger substantive anti-pollution policies at both state and national level.
Instead, the new BJP state government not only went to courts to allow “green” fireworks to be allowed during Diwali celebrations – contributing to one of the city’s most polluted festival seasons in years – but has also been accused by opponents of attempting to fudge the city’s pollution data, either by halting reports from the city’s air quality monitoring centres or by spraying water on the air pollution monitors to bring the numbers down. The BJP denied tampering with pollution figures and called the accusation “politically motivated”, blaming the previous government for the ongoing pollution problem.
The BJP’s multimillion rupee cloud seeding experiment – an attempt to make it rain using chemicals, in order to bring down pollution levels – proved a failure.
“I can’t breathe in this city any more, I can’t take a walk without getting a terrible headache,” said Sofie, 33. “It feels like there aren’t enough masks in the world to make this air breathable.”
Many among those gathered at the protest were mothers accompanied their children and signs were held aloft with messages such as “breathing is killing me”. The nearby central secretariat and parliament buildings had been rendered almost invisible by the evening’s opaque brown smog as the city’s AQI touched 500 – the healthy level is 50.
“Any other city breathing this air would have declared a health emergency by now,” said Gopesh Singh, 58. “How many more millions of people have to die for the government to act?”"
The Guardian,"Eight people die and several injured after car explosion in Delhi, police say",https://www.theguardian.com/world/2025/nov/10/car-explosion-in-delhi,"Several fire engines rushed to the scene after blast reported near the historic Red Fort, fire services said A car explosion outside the historic Red Fort monument in Delhi has killed at least eight people and started a fire in the surrounding area, according to police. The cause of the explosion, which took place just before 7pm local time (1330 GMT) on Monday night, is being investigated. The registered owner of the car has reportedly been detained for questioning. Continue reading...","Mon, 10 Nov 2025 16:00:10 GMT",https://www.theguardian.com/world/2025/nov/10/car-explosion-in-delhi,Hannah Ellis-Petersen in Delhi,www.theguardian.com,2025-11-11T22:15:37.763345+00:00,"A car explosion outside the historic Red Fort monument in Delhi has killed at least eight people and started a fire in the surrounding area, according to police.
The cause of the explosion, which took place just before 7pm local time (1330 GMT) on Monday night, is being investigated. The registered owner of the car has reportedly been detained for questioning.
The fire service said the blast injured 19 people, who were being treated at a government hospital. Large train stations across India, the financial capital Mumbai, and the state of Uttar Pradesh, which borders Delhi, were all put on high alert, authorities said.
Police said a slow-moving car had stopped at a red light just outside the Red Fort metro station before the blast. “An explosion happened in that vehicle, and due to the explosion, nearby vehicles were also damaged,” said the Delhi police commissioner, Satish Golcha.
Dozens of fire engines and ambulances rushed to the scene after the blast. Footage on Indian TV news channels showed the chaos of the aftermath, including a car with its doors blasted off, mangled bodies and people screaming in panic. More than a dozen other cars, rickshaws and motorcycles were blackened and burned in the fire caused by the explosion.
Om Prakash Gupta, a witness who lives close to the scene, said he was at home when he heard a loud explosion. “I rushed out with my children and saw several vehicles on fire, body parts all over,” he told The Associated Press. He said he saw one body on the windscreen of a car.
A cab driver, who gave his name as just Shahrukh, said he heard a loud explosion. “I came out of the car and started running along with others on the road,” he said.
Another witness told NDTV the force of the blast had sent shock waves through nearby buildings. “One person’s body was torn into pieces. I saw a hand on the road,” he said. “It was a very strong explosion.”
Golcha confirmed at least eight people had been killed and 20 injured. “The situation is being monitored. We are investigating the incident and will update you shortly,” he added.
India’s home affairs minister, Amit Shah, said it was “difficult to say what caused the incident until the samples recovered from the blast site are analysed”.
As he travelled to the explosion site, Shah added: “We do not consider any angle closed. We will investigate all angles with determination.”
In a post on X, the prime minister, Narendra Modi, said he was reviewing the situation with Shah. “Condolences to those who have lost their loved ones in the blast in Delhi earlier this evening. May the injured recover at the earliest. Those affected are being assisted by authorities,” he said.
The Red Fort, known as Lal Qila, is located in the heavily congested Old Delhi area of India’s capital which is usually heaving with people, food stalls and vehicles and is a popular tourist destination.
A vast 17th-century Mughal palace, the fort is one of India’s most significant monuments. The prime minister makes an annual address on the fort’s ramparts on Independence Day and it features on the country’s banknotes.
Delhi was the target of blasts during the 1980s and 1990s, with public places such as bus stations and crowded market areas hit in attacks blamed on Islamist militants or on separatists from the northern Sikh state of Punjab.
About a dozen people were killed in a briefcase explosion outside the Delhi high court in 2011 – the last such major incident in the city.
Security in the national capital is the responsibility of the federal home ministry. Delhi police report directly to it, though the capital territory also has its own local government."
The Guardian,British Asian families urged to share stories of ‘greatest generation’ who fought for Britain,https://www.theguardian.com/uk-news/2025/nov/09/british-asian-families-share-stories-greatest-generation-fought-for-britain,"Half of UK public unaware of contribution made by 2.5m British Asian members of armed forces who served in second world war British Asian families are being urged to record the experiences of relatives who fought for Britain for “future generations” as data reveals half the British public don’t know that Indian members of the armed forces served in the second world war. The My Family Legacy project, backed by the Royal British Legion, is building an online archive of Asian veterans’ experiences to raise awareness of the shared histories and sacrifices of Britain’s diverse communities. Continue reading...","Sun, 09 Nov 2025 07:00:27 GMT",https://www.theguardian.com/uk-news/2025/nov/09/british-asian-families-share-stories-greatest-generation-fought-for-britain,Chris Osuh,www.theguardian.com,2025-11-11T22:15:38.806227+00:00,"British Asian families are being urged to record the experiences of relatives who fought for Britain for “future generations” as data reveals half the British public don’t know that Indian members of the armed forces served in the second world war.
The My Family Legacy project, backed by the Royal British Legion, is building an online archive of Asian veterans’ experiences to raise awareness of the shared histories and sacrifices of Britain’s diverse communities.
More than 2.5 million people from India, Pakistan, Bangladesh, Nepal and Sri Lanka served in the second world war, the largest volunteer army in history.
My Family Legacy – a joint project by the thinktank British Future and Eastern Eye, the British Asian newspaper – is asking British Asian families to share stories and pictures, or just the names, of ancestors and living relatives who fought in world wars.
Focaldata polling conducted for British Future showed half the British public were unaware of this legacy, with only about 60% of British Asians aware of it.
Tanmanjeet Singh Dhesi MP, the chair of the House of Commons defence committee, hosted a UK parliamentary memorial event on 4 November in honour of the late second world war veterans Havildar Maj Rajinder Singh Dhatt MBE, who was among troops who defied all odds in the crucial Battle of Kohima which repelled a Japanese attack on India; and Sgt Muhammad Hussain, who ran away from home at 16 to join up and fought in the Battle of Monte Cassino, the bitter campaign against Axis forces in Italy. The veterans’ stories are among the first to be added to My Family Legacy’s site.
Dhesi said he felt a duty to ensure that the shared history embodied by the sacrifices of Black and Asian Commonwealth members of the armed forces, including his own Sikh ancestors, was not “airbrushed and ignored”.
Ejaz Hussain, Sgt Hussain’s grandson, said it was “imperative” that stories of the “greatest generation” were recorded, adding: “The shared history, as a united people fighting for one common cause in spite of their differences, serves as the ultimate metaphor for future generations on how we must remain united as a country. Only then can we overcome any, and all challenges in an uncertain world.”
Amrit Kaur Dhatt, Maj Singh Dhatt’s granddaughter, said: “It is so important to capture stories of Commonwealth and ethnic minority soldiers, like my grandfather’s, because they were left out of mainstream history. I fear that today’s society clearly hasn’t learned enough from history.”
Sunder Katwala, the director of British Future, said the aim of My Family Legacy was “to help people discover, document and share their family stories of courage, contribution, service and sacrifice”, showing “how our traditions of remembrance can unite today’s modern, diverse Britain”.
Gail Walters, director of network engagement at Royal British Legion, said the charity wanted more families to feel included in remembrance and that honouring Britain’s south Asian military personnel, with their relatives’ help, would provide a “fuller picture” of history and the “integral role” they played in the national story."
The Guardian,Witness in Prince Harry case against Mail publisher says his confession was false,https://www.theguardian.com/uk-news/2025/nov/11/witness-in-prince-harry-case-against-mail-publisher-says-his-confession-was-false,"Gavin Burrows says signature on alleged statement is ‘not mine’ and denies carrying out illegal activity on behalf of Associated Newspapers A private investigator central to the legal action by the Duke of Sussex and others against the publisher of the Daily Mail has claimed that his signature on an earlier witness statement was a “forgery”, the high court has heard. Gavin Burrows, linked to the most serious allegations of unlawful information gathering made by seven prominent individuals including Elton John and Doreen Lawrence, retracted his alleged confession, saying it was “completely false”. Continue reading...","Tue, 11 Nov 2025 20:33:22 GMT",https://www.theguardian.com/uk-news/2025/nov/11/witness-in-prince-harry-case-against-mail-publisher-says-his-confession-was-false,Caroline Davies,www.theguardian.com,2025-11-11T22:15:39.925372+00:00,"A private investigator central to the legal action by the Duke of Sussex and others against the publisher of the Daily Mail has claimed that his signature on an earlier witness statement was a “forgery”, the high court has heard.
Gavin Burrows, linked to the most serious allegations of unlawful information gathering made by seven prominent individuals including Elton John and Doreen Lawrence, retracted his alleged confession, saying it was “completely false”.
Burrows had allegedly claimed in a 2021 witness statement that he and his team obtained information by hacking voicemails, tapping landline phones and bugging cars. He also allegedly said he had worked on behalf of the Mail on Sunday.
Associated Newspapers Limited (ANL) is accused by the group of carrying out or commissioning unlawful activities such as hiring private investigators to place listening devices inside cars, “blagging” private records and accessing private phone conversations. ANL denies the allegations and is defending the legal action.
Five of the claimants have told the high court they embarked on the legal action against ANL based on evidence apparently obtained by Burrows.
Burrows previously retracted his alleged statement in 2023. In a fresh 30-page witness statement made on 25 September 2025, and released by the high court on Tuesday, he restated his denial, saying he had never carried out any illegal activity on behalf of ANL.
In the new statement he claimed he did “not recognise” the “purported witness statement on 16 August 2021”. He said he believed it was “prepared by others”, that the “signature is not mine”, and did “not accept the accuracy of much of the contents”.
Burrows said: “I do not recognise the earlier witness statement of 16 August 2021 and I believe that my signature on that document is a forgery. A lot of it is not written in my type of language. Further, the contents of the statement are substantially untrue.”
He added that he had “never” carried out work for the Mail on Sunday or the Daily Mail, apart from one job relating to Sir Richard Branson that “did not involve any illegal activity”.
Burrows said he was on heavy painkillers after a serious physical assault, and drinking heavily, when he was approached by Graham Johnson, a former journalist and whistleblower convicted of phone hacking, who wanted help with research on phone-hacking claims against newspapers.
He was introduced to a colleague, Dan Waddell, who was described as a “paralegal” and was paid £600 a time for advice.
His statement said he was told claims against newspapers were likely to settle out of court, as the papers did not want the publicity or cost of a court case, and were described to him as a “perfect scam” and a “gravy train”.
Burrows, who said he had stopped working for newspapers in 2003, said he had told Johnson “a hundred times that ANL were not one of my clients”.
Burrows was initially a witness for the group, which also includes David Furnish, Elizabeth Hurley, Sadie Frost and Simon Hughes, but is now the subject of legal arguments about whether or not he will be called as a witness for the trial.
Antony White KC, for ANL, asked the court to allow him to cross-examine Burrows, while David Sherborne, for the group, made an application to call his evidence as hearsay.
Mr Justice Nicklin gave Sherborne seven days to decide whether he wanted to apply for a witness summons to call Burrows, and told him if Burrows gave evidence that was inconsistent with the evidence they had obtained, then he could apply to treat him as “hostile”.
A further pre-trial hearing in the case is expected to take place before the end of the year."
The Guardian,Andrew Mountbatten Windsor applies to shut down business interests,https://www.theguardian.com/uk-news/2025/nov/11/mountbatten-windsor-applies-to-shut-down-business-interests,"Former prince seeks to dissolve Dragons’ Den-style startup competition and his innovation company Andrew Mountbatten Windsor has applied to shut down some of his last remaining business interests including the Dragons’ Den-style startup competition Pitch@Palace Global. A document announcing the application to dissolve the firm was filed with Companies House on Tuesday, signed by its sole director, Arthur Lancaster. Continue reading...","Tue, 11 Nov 2025 20:33:08 GMT",https://www.theguardian.com/uk-news/2025/nov/11/mountbatten-windsor-applies-to-shut-down-business-interests,Nadeem Badshah,www.theguardian.com,2025-11-11T22:15:41.047294+00:00,"Andrew Mountbatten Windsor has applied to shut down some of his last remaining business interests including the Dragons’ Den-style startup competition Pitch@Palace Global.
A document announcing the application to dissolve the firm was filed with Companies House on Tuesday, signed by its sole director, Arthur Lancaster.
Pitch@Palace held its first event in 2014 and involved entrepreneurs presenting their ideas to potential investors at locations including St James’s Palace.
It suspended operations in 2019 after the interview Mountbatten Windsor gave to BBC Newsnight about his friendship with Jeffrey Epstein and in which he denied having any sexual contact with Virginia Giuffre.
The UK side of the business was wound up in 2021 but the international part, Pitch@Palace Global, remained open.
The latest set of accounts showed that the business had £10,965 at the end of March, down from £220,990 the year before, the BBC reported.
Last year, the founder of the Chinese arm of Pitch@Palace, Yang Tengbo, was accused of being a spy, which he denied.
The UK’s semi-secret national security court upheld a 2023 ban on Tengbo entering the country. The businessman had gone to the special immigration appeals commission to appeal against the decision but it ruled that the ban should remain in place.
Another company with links to the former prince, Innovate Global Ltd, also began the process of closing down, according to documents filed at Companies House.
Last month, King Charles stripped his younger brother of his titles and honours and moved to force him out of his 30-room Windsor mansion after months of pressure over his ties to the convicted sex offender Epstein and the allegations made by Giuffre. He has always denied any wrongdoing.
The removal process applies to the titles of Prince, Duke of York, Earl of Inverness, Baron Killyleagh and the style His Royal Highness. The honours affected are Andrew’s Order of the Garter and Knight Grand Cross of the Royal Victorian Order. He had ceased to use the HRH style in 2022 but it had not been formally removed.
It is understood that Andrew, 64, will move next year to a property on the private Sandringham estate in Norfolk, to be privately funded by the king.
His ex-wife, Sarah Ferguson, will also move out of the Windsor property and will make her own living arrangements.
Mountbatten Windsor and Lancaster were both contacted for comment."
The Guardian,MPs and BBC staff call for Robbie Gibb to leave broadcaster’s board,https://www.theguardian.com/media/2025/nov/11/mps-and-bbc-staff-call-for-robbie-gibb-to-leave-broadcasters-board,"Boris Johnson’s appointee is accused of pushing claims of institutional bias at the corporation after shock resignations MPs and BBC staff members have called for Robbie Gibb to be removed from the corporation’s board as outgoing director general Tim Davie hit out at the “weaponisation” of criticisms of the broadcaster. In an online meeting with Davie, staff questioned the position of Gibb, Theresa May’s former communications chief, who was appointed during Boris Johnson’s time as prime minister. Continue reading...","Tue, 11 Nov 2025 20:09:55 GMT",https://www.theguardian.com/media/2025/nov/11/mps-and-bbc-staff-call-for-robbie-gibb-to-leave-broadcasters-board,Michael Savage Media editor,www.theguardian.com,2025-11-11T22:15:42.265173+00:00,"MPs and BBC staff members have called for Robbie Gibb to be removed from the corporation’s board as outgoing director general Tim Davie hit out at the “weaponisation” of criticisms of the broadcaster.
In an online meeting with Davie, staff questioned the position of Gibb, Theresa May’s former communications chief, who was appointed during Boris Johnson’s time as prime minister.
Several said Gibb and all political appointees should be removed from the body. It has been claimed that Gibb pushed accusations of institutional bias that preceded the shock resignation of Davie and Deborah Turness, the head of BBC News.
Their departures over the weekend followed accusations of bias made in a memo by Michael Prescott, a former independent external adviser to the BBC’s editorial guidelines and standards committee. He left that role in the summer.
His memo was leaked to the Daily Telegraph last week and reported over the course of several days.
It included criticism of the way Panorama broadcast edited footage of a Donald Trump speech, which has since led the US president to threaten a $1bn legal action. Prescott made a series of other claims of a more general liberal bias on issues such as trans rights and Gaza.
While the BBC has acknowledged failings, concern has grown over Gibb’s position on the board amid suggestions that he played a role in both pushing Prescott’s claims and in Prescott being awarded the advisory role. Both Gibb and Prescott have now been summoned to give evidence to the Commons culture, media and sport committee.
Thanking staff for their support at the meeting, Davie reassured them that the narrative around the corporation “will not just be given by our enemies” after a week in which senior politicians have accused the BBC of systemic bias in its reporting.
“I do hear everyone when we have to be very clear and stand up for our journalism,” he said. “We are in a unique and precious organisation. I see the free press under pressure. I see the weaponisation. I think we’ve got a fight for our journalism. I’m really proud of our work.”
Staff watching Davie’s address tried to raise the issue of Gibb’s place on the board. “Why is Robbie Gibb still on the board,” asked one.
“The board needs independent oversight free from political interference,” said another. “Until Robbie Gibb and any other political appointee are removed, we cannot possibly be truly trusted to be an unbiased organisation.”
Another said: “I find Robbie Gibb’s continued presence at the BBC to be incredibly demoralising. It feels as if he is fighting against and undermining the work we’re trying to do.”
MPs also called for Gibb to be removed. Labour MP Sarah Owen said it was time to review his place on the board.
Anna Sabine, the Liberal Democrat culture spokesperson, said it was “obvious to everyone that this issue is being weaponised by those who want to undermine the BBC and who would profit from its demise”. “Serious concerns remain over the conduct of Sir Robbie Gibb during his tenure on the BBC board,” she said, backing his removal.
Pete Wishart, from the SNP, also called for his departure.
However, Conservative MP Sir Julian Lewis said the “crisis had nothing to do with Robbie Gibb” and was entirely down to the mistakes the BBC had made. A corporation spokesperson said Gibb was one voice on a board of 13 people, which had a “cross-section of views”.
The culture secretary, Lisa Nandy, said there was a “strict legal threshold that must be met before dismissal of a board member”, adding that she could not remove Gibb. She condemned attempts to launch a “sustained attack” on the BBC.
Suggestions of a political effort to pressure the BBC from the right have been denied. In his letter, Prescott said his criticisms “do not come with any political agenda”.
In the all-staff meeting, Samir Shah, the BBC’s chair, said any idea of a rightwing coup to destabilise the BBC from within was “fanciful”.
“[Board members] have different points of view,” he said. “I wouldn’t want a board that’s guilty of groupthink, but the opposite of groupthink is different points of view. That makes the job of the chair challenging to try and organise and get consensus, but it’s important that people have a diversity of opinion on the board.”"
The Guardian,MPs call for release of 15 penguins ‘trapped’ at London aquarium,https://www.theguardian.com/books/2025/nov/11/mps-call-for-release-of-15-penguins-trapped-at-london-aquarium,"Cross-party group wants environment secretary to urgently examine moving the birds to a facility ‘better aligned with their needs’ A group of 75 MPs are calling for the release of 15 penguins “trapped” in a small enclosure “without sunlight or fresh air” at the Sea Life London Aquarium. Housing the 15 gentoo penguins at the attraction on the South Bank was “un-British”, said the leader of the campaign. Continue reading...","Tue, 11 Nov 2025 19:41:09 GMT",https://www.theguardian.com/books/2025/nov/11/mps-call-for-release-of-15-penguins-trapped-at-london-aquarium,Rachel Hall,www.theguardian.com,2025-11-11T22:15:43.293071+00:00,"A group of 75 MPs are calling for the release of 15 penguins “trapped” in a small enclosure “without sunlight or fresh air” at the Sea Life London Aquarium.
Housing the 15 gentoo penguins at the attraction on the South Bank was “un-British”, said the leader of the campaign.
Members of parliament from across the political spectrum signed the open letter calling for an urgent review into the welfare of the birds.
Owned by Merlin Entertainments, the aquarium opened its first penguin exhibit in 2011 with 10 gentoos from Edinburgh zoo which “have now endured 14 years” with a pool just 2.1 metres deep, according to campaigners.
In a letter to the environment secretary, Emma Reynolds, the group asked her to “consider whether the penguins should be relocated to a more suitable facility better aligned with their behavioural, ecological and physiological needs”.
David Taylor, the Labour MP for Hemel Hempstead who coordinated the letter, said: “It’s un-British to keep penguins trapped in a basement with no daylight or fresh air. No animal should live like that, with their rights appearing to be traded for hard cash. Labour has always stood up for animals and we won’t stop until these penguins get the life they deserve.”
The campaign has received the backing of the musician Feargal Sharkey, who challenged Fiona Eastwood, the chief executive of Merlin Entertainments, to “swap places with the penguins”. The naturalist and TV presenter Chris Packham called the situation “a blight on the reputation of London’s attractions” at a protest last month.
A petition by the campaign group Freedom For Animals calling for the penguins to be moved to a better facility has received more than 37,000 signatures.
Merlin Entertainments is co-run by the Blackstone asset company, Canada Pension Plan Investment Board and Kirkbi, the investment arm of the Lego family. It runs attractions across the UK including Alton Towers and Madame Tussauds.
A spokesperson for Merlin Entertainments said the enclosure replicated the penguin’s natural habitat and was on the ground floor of the aquarium rather than in the basement.
“We know that many people care deeply about the gentoo penguins at Sea Life London Aquarium – we do too,” a statement said.
“We have an incredible team of conservationists, animal welfare specialists, and aquarists who are with the penguins every day, making sure they’re healthy and thriving. And we don’t do this alone – we work with some of the best penguin experts in the world, including vets and specialists in penguin behaviour and habitat design.
“They helped us build penguin point which meets the high standards set by the [UK government’s] standards of modern zoo practice, and we continue to be assessed by independent organisations like the Global Humane Society and the International Zoo Veterinary Group.
“Penguin point, located on the ground floor of the aquarium, was carefully designed to reflect important elements of the penguins’ natural environment as closely as possible to ensure good health, including climate-controlled temperature and filtered fresh air.
“These are things that can’t easily be replicated outdoors and releasing them into the wild simply isn’t a safe option for these penguins, who have always lived in human care. This is a complex issue. There’s a lot to consider, and we take every decision seriously, always guided by what’s best for the animals. We’re open. We’re listening. And we’ve always done what’s right for our animals based on expert advice and their individual needs. That’s a commitment we stand by.”
A spokesperson for the prime minister. Keir Starmer, said: “We take animal welfare extremely seriously and are committed to upholding the highest standards of care for all animals in captivity.
“We have recently launched, as you’ll be aware, a comprehensive overhaul of zoo welfare standards to ensure that all animals, including penguins, are protected and cared for in line with the latest best practice and scientific understanding.
“The animal welfare minister, Baroness Hayman, has met with Merlin Entertainments and continues to be kept updated on their care and more broadly, later this year, we’ll publish a new animal welfare strategy, setting out the most ambitious plans and generation to improve the lives of animals across the country.”"
The Guardian,"Children being ‘sedated’ by algorithmic YouTube content, MPs hear",https://www.theguardian.com/society/2025/nov/11/children-being-sedated-by-algorithmic-youtube-content-mps-hear,"Experts including children’s laureate lament low quality of entertainment and call for more funding for children’s TV Lots of children’s programming made for YouTube is “not entertainment, it’s sedation”, the UK children’s laureate has warned. Frank Cottrell-Boyce said “frictionless” programming in which children are “bombarded with information”, such as CoCoMelon, a YouTube Kids channel with 180 million subscribers, failed to offer the “stimulation and nourishment” that previous generations had enjoyed. Continue reading...","Tue, 11 Nov 2025 19:25:41 GMT",https://www.theguardian.com/society/2025/nov/11/children-being-sedated-by-algorithmic-youtube-content-mps-hear,Rachel Hall,www.theguardian.com,2025-11-11T22:15:44.640107+00:00,"Lots of children’s programming made for YouTube is “not entertainment, it’s sedation”, the UK children’s laureate has warned.
Frank Cottrell-Boyce said “frictionless” programming in which children are “bombarded with information”, such as CoCoMelon, a YouTube Kids channel with 180 million subscribers, failed to offer the “stimulation and nourishment” that previous generations had enjoyed.
Speaking to MPs in the opening evidence session of the culture, media and sport committee’s inquiry into children’s TV and video content, Cottrell-Boyce said research showed that for young children, “repetition is good because you’re building familiarity, and slowness is good because you’re making life navigable”.
“I feel very privileged to have grown up in an era when lots of children’s television had those qualities,” he said.
The fragmented media landscape meant that children today missed out on the sense of “national unity and national identity” that came with watching the same shows, he said. “Shared culture is disappearing and what’s left is an individual anxiety factory. I’ve been visiting schools for 20 years and I’ve seen anxiety levels rocket.”
Cottrell-Boyce said he feared that platforms such as YouTube gave “the illusion of choice, but because it’s algorithmically driven, you default to more and more of the same”, while AI was “ossifying what we’ve already done”.
He added: “You can’t take that much out and put nothing in and expect the thing you’re feeding off to survive.”
Greg Childs OBE, director of the Children’s Media Foundation and a veteran BBC children’s producer, agreed that the children’s TV industry was “broken” and that UK production companies were “going to the wall”.
Noting that 62% of viewing by under-16s was on YouTube and only 22% on broadcast TV, he said the former had “captured the eyeballs, imaginations and interest of a nation – but they haven’t replaced the system that existed before, which is a curated system of content”.
He added: “Children’s wellbeing is damaged or not fostered by the algorithmic recommendation systems; they’re falling down rabbit holes of all sorts of content.”
He said YouTube did not provide any upfront investment to fund new shows, and that the “creator economy” did not exist for children’s TV due to its advertising rules.
As a result, people who made children’s content received 80-90% less in revenue than other creators, despite the Children’s Media Foundation estimating that YouTube made £700m from children’s advertising in one year, he said.
YouTube needed a “form of regulation and ratings system” and the government should force the platform to act in the public interest if it does not do so voluntarily, he said. “The algorithm is capable of change … We would like Google and YouTube to become part of society rather than apart from society,” he added.
Childs urged the government to commit to funding children’s TV through a renewal of the “very successful” young audiences fund, which was closed in 2022. This could be part-funded through a streamers’ levy, which would cover YouTube.
He further suggested that platforms should use AI to rate content and enable parents to curate what their children watch by instructing the algorithm to prioritise “public service content”, “BBC content” or “content of value”.
Childs also said that the only children’s TV funder in the UK was the BBC – ITV failed to produce one children’s TV programme last year – and that he feared shows such as Doctor Who were in jeopardy and successes were harder to sustain, noting that Paddington had been sold off to Canal+.
He said that any new funding approach should emphasise collaboration with the platforms rather than confrontation, summarising its spirit as: “Come on, you great big beasts controlling us, come join us and make it better for kids.”"
The Guardian,Fetterman defends decision to break with Democrats to end government shutdown: ‘My party crossed a line’ – live,https://www.theguardian.com/us-news/live/2025/nov/11/donald-trump-us-government-shutdown-senate-democrats-republicans-politics-live-news-updates,"Democratic senator from Pennsylvania tells Fox News it was ‘wrong’ to shut government and that he ‘never got any outreach’ from Chuck Schumer Top House Democrats vow to oppose shutdown bill over healthcare funding How US senators voted on the shutdown-ending budget bill As the supreme court deliberates on the fate of Donald Trump’s sweeping tariffs – which he maintains are a matter of “national security” as justices appeared skeptical during oral arguments on the case last week – the president said that the US would be forced to hand “in excess of three trillion dollars” if the levies are scrapped, in a late night post on Truth Social. He added: It would not be possible to ever make up for that kind of a ‘drubbing.’ That would truly become an insurmountable National Security Event, and devastating to the future of our Country – Possibly non-sustainable! Continue reading...","Tue, 11 Nov 2025 21:55:22 GMT",https://www.theguardian.com/us-news/live/2025/nov/11/donald-trump-us-government-shutdown-senate-democrats-republicans-politics-live-news-updates,"Coral Murphy Marcos (now); Shrai Popat, Lucy Campbell and Yohannes Lowe (earlier)",www.theguardian.com,2025-11-11T22:15:46.033325+00:00,"'My party crossed a line,' Fetterman says of decision to splinter from Democrats over government shutdown
John Fetterman – the Democratic senator from Pennsylvania who voted on several occasions for a continuing resolution to end the shutdown – defended his decision to break from his party and join members of his caucus to pass a new bill to reopen the government.
“My party crossed a line,” the lawmaker told Fox News in an interview. “It’s only wrong to shut our government down, and I’m relieved … the people now that are going to get paid and fed.”
Fetterman added that he “never got any outreach” from the Senate’s top Democrat, Chuck Schumer, about his vote and holding out against Republicans to ensure that they came to the table on extending Affordable Care Act premium tax credits. “People went five weeks without being paid. I mean, that’s a violation of my core values, and I think it’s our party’s as well,” Fetterman said.
A fake announcement from the White House has been circling on social media, claiming that Donald Trump is working on making 15-year car loans available to all Americans.
The announcement, intended as a joke by users who post it, reads: “As he continues to work hard to make the American Dream accessible to everyone, President Trump today has asked the Departments of Transportation and Commerce to make vehicle ownership for all a reality by introducing 15 year car loans! Secretaries Duffy and Lutnick are already working on it! Delivering for America!”
The fake White House alert comes days after Trump posted a graphic on Truth Social comparing himself to President Franklin D Roosevelt, who helped popularize the 30-year mortgage during the 1930s. The post shows a photo of Trump with the words “50-year mortgage” underneath, and no further explanation.
On Tuesday, White House deputy press secretary, Kush Desai, had to clarify that the announcement was not real.
“This graphic was not created or put out by the White House,” Desai posted on X.
The Associated Press held an exclusive interview with California governor Gavin Newsom at the COP30 UN Climate Summit in Brazil:
Calling America’s absence from key United Nations climate negotiations “doubling down on stupid,” California governor Gavin Newsom said Tuesday the United States risks being left behind as an economic power.
Newsom, a Democrat eyeing a 2028 presidential run, is so far the highest profile of several US governors and mayors at UN climate talks being hosted in Belem, Brazil.
Newsom’s presence as governor of the most populous US state serves to draw a clear contrast with Trump’s absence. He said Trump’s decision to skip the talks tells the world: “You don’t matter, we don’t care.”
“This idea that somehow we can put up walls, we can put up barriers, we could put up tariffs, we put up our middle fingers and just turn our back is lunacy,” Newsom said during an exclusive Associated Press interview at the climate talks in Belem, a city on the edge of the Amazon rainforest. “And every other country in the world understands that. That’s why every other country in this world is moving in a different direction.”
California, with nearly 40m residents, is a major economic hub and on the forefront of national climate policy. But the Trump administration has sought to role back the state’s power to set aggressive climate policy, most notably by blocking a California regulation to ban the sale of new gas-powered cars within the next decade.
“This Trump administration, his acolytes and the supine Congress led by Speaker (Mike) Johnson, are doubling down on stupid,” Newsom said.
The US Food and Drug Administration plans to name oncology expert Richard Pazdur as the nation’s top drug regulator, the Washington Post reports, citing three people familiar with the matter.
Pazdur would lead the agency’s Center for Drug Evaluation and Research, which regulates over-the-counter medicines and most prescription drugs. If selected, he would replace DrGeorge Tidmarsh, according to the Post.
The departure came the same day that a drugmaker connected to one of Tidmarsh’s former business associates filed a lawsuit alleging that he made “false and defamatory statements” during his time at the FDA.
Tidmarsh, an experienced biotech executive and longtime Stanford University professor, took over as the director of the Center for Drug Evaluation and Research in July.
A government watchdog group has asked two different bar associations to investigate Lindsey Halligan, a former personal attorney for Donald Trump who brought cases against James Comey and Letitia James.
Halligan is currently serving as US attorney for the eastern district of Virginia after an outburst in which Trump overtly put pressure on his attorney general to more aggressively pursue his political foes.
The complaint filed by the Campaign for Accountability (CFA) asks the bar in Florida and Virginia to investigate misconduct they claim violates justice department regulations.
“By contacting Lawfare journalist Anna Bower to discuss and attempt to influence her coverage of the James prosecution, Ms. Halligan appears to have violated DOJ regulations, Virginia District Court rules and RPC 3.6, prohibiting pretrial publicity,” reads the statement by the group.
“Ms. Halligan appears to have violated numerous rules of professional conduct for lawyers,” said CFA executive director Michelle Kuppersmith. “We are asking the Virginia and Florida Bars to investigate, making clear that a government appointment is not a hall pass for unethical behavior.”
The House is considering a short-term spending bill that passed in the Senate and would end the record long government shutdown. A small group of the Democratic caucus broke party ranks and joined Republicans to reach a 60-vote threshold in the upper chamber. Now, the House is set to cast a vote to secure its passage as early as tomorrow. Most Democrats in the lower chamber vow to vote “no” on the legislation, as it includes no extension for expiring Obamacare subsidies – the centerpiece of their negotiations throughout the shutdown. Today, the House’s largest ideological group, the centrist New Democrat Coalition, announced their opposition to the measure. The sentiment appears much the same in the congressional progressive caucus, where chair Greg Casar called the measure “a betrayal of millions of Americans counting on Democrats to fight for them”.
Procedurally, before the bill heads to the House floor, it will require the rules committee to schedule a vote on the legislation. Politico is reporting, citing two people with knowledge of the matter, that this will take place at around 6pm ET today. The hope is then for an official vote on Wednesday afternoon.
For his part, Donald Trump called the bill’s progress a “very big victory”, during his remarks at Arlington National Cemetery earlier to commemorate Veterans Day in the US. The president also congratulated House speaker Mike Johnson and Senate majority leader John Thune. “We’re opening up our country. Should have never been closed, should have never been closed,” Trump added.
The justice department plans to investigate the University of California, Berkeley following altercations that occurred during a protest on Monday, outside a Turning Point USA campus event. The influential rightwing college group founded by Charlie Kirk made the final stop of its American Comeback tour at the San Francisco Bay Area university, which was met with large and sometimes rowdy protests. Demonstrators gathered outside the hall where the event was being held, chanting and carrying signs with slogans such as “We won the war, why are there still Nazis” and “No safe space for fascist scum”.
A Utah judge handed Democrats a win in the continuing national fight over voting districts by ordering a new map that creates a House seat in a Democratic-leaning area, in a state where Republicans currently control all four positions. It consolidates Salt Lake county – which includes the state’s largest city – largely within a single district, rather than dividing the Democratic-voting population center among all four seats.
'My party crossed a line,' Fetterman says of decision to splinter from Democrats over government shutdown
John Fetterman – the Democratic senator from Pennsylvania who voted on several occasions for a continuing resolution to end the shutdown – defended his decision to break from his party and join members of his caucus to pass a new bill to reopen the government.
“My party crossed a line,” the lawmaker told Fox News in an interview. “It’s only wrong to shut our government down, and I’m relieved … the people now that are going to get paid and fed.”
Fetterman added that he “never got any outreach” from the Senate’s top Democrat, Chuck Schumer, about his vote and holding out against Republicans to ensure that they came to the table on extending Affordable Care Act premium tax credits. “People went five weeks without being paid. I mean, that’s a violation of my core values, and I think it’s our party’s as well,” Fetterman said.
The Trump administration has launched its most direct attempt yet to shut down the top US consumer watchdog, arguing the current funding mechanism behind the Consumer Financial Protection Bureau (CFPB) is unlawful.
Attorneys for the administration claimed in a court filing that the agency “anticipates exhausting its currently available funds in early 2026”, setting the stage for it to be dismantled.
The CFPB is legally barred from seeking additional funds from the Federal Reserve, its typical source of funding, the attorneys suggested.
Donald Trump’s officials have tried persistently to close the agency, attempting to fire the vast majority of its workforce. These efforts sparked months of legal wrangling.
The CFPB has returned more than $21bn to US consumers since it was set up, in the wake of the financial crisis, to shore up oversight of consumer financial firms.
The justice department’s office of legal counsel issued an opinion claiming the CFPB cannot draw money from the Fed currently, claiming the “combined earnings of the Federal Reserve System” refers to profits of the Fed, which has operated at a loss since 2022.
Pentagon's largest aircraft carrier arrives in Latin America region, amid ongoing strikes on alleged drug-smuggling boats
The USS Gerald R Ford, the defense department’s largest aircraft carrier, entered the Latin America region on Tuesday, according to the Navy’s Fourth fleet. The area, known as the US Southern Command (Southcom), is seeing a sizable increase in military presence amid the Trump administration’s crackdown on drug cartels.
“The enhanced U.S. force presence in the USSOUTHCOM AOR will bolster U.S. capacity to detect, monitor, and disrupt illicit actors and activities that compromise the safety and prosperity of the United States homeland and our security in the Western Hemisphere,” said the department’s chief spokesperson, Sean Parnell. “These forces will enhance and augment existing capabilities to disrupt narcotics trafficking and degrade and dismantle Transnational Criminal Organizations.”
The Pentagon has carried out at least 19 strikes against suspected drug-carrying boats in the Caribbean and off the Pacific coasts of Latin America, killing at least 76 people.
It also comes amid acrimony with Venezuela, and its leader Nicolas Maduro – who claims the military escalation is a move to oust him from power. For his part, Trump told CBS News recently that Maduro’s days are “numbered”, but downplayed the possibility of a war.
'Only people that hate our country want to see it not open,' Trump tells ESPN
Donald Trump made a surprise appearance on the Pat McAfee show, broadcast on ESPN, where he expressed confidence in the final passage of the Senate bill to reopen the federal government. “So the House is going to vote, and I think they’re going to vote positively. I think most people want to see it open,” he told the host. “Only people that hate our country want to see it not open, because our country is doing so well.”
The US Department of Justice plans to investigate the University of California, Berkeley following altercations that occurred during a protest on Monday, outside a Turning Point USA campus event.
The influential rightwing college group founded by Charlie Kirk made the final stop of its American Comeback tour at the San Francisco Bay Area university, which was met with large and sometimes rowdy protests.
Demonstrators gathered outside the hall where the event was being held, chanting and carrying signs with slogans such as “We won the war, why are there still Nazis” and “No safe space for fascist scum”. Dozens of police officers were staged around the campus, blocking entrances and clearing a path for those with tickets to the event.
The protest was marked by tense moments and sometimes violent confrontations, including scuffles between demonstrators and counter-demonstrators and some people who allegedly threw things at police officers. A UC Berkeley spokesperson told the Los Angeles Times that four people were arrested, including two people who fought. Photographs from the event showed a Charlie Kirk supporter with a bloodied face.
Harmeet Dhillon, the assistant attorney general for civil rights division at the justice department, shared video online posted by rightwing influencers who alleged “Antifa” turned the campus into a war zone. Dhillon said she saw “issues of serious concern regarding campus and local security and Antifa’s ability to operate with impunity in CA” and that campus and the city can expect to receive correspondence from the department.
“In America, we do not allow citizens to be attacked by violent thugs and shrug and turn our backs. Been there, done that, not on our watch,” she wrote.
Rules committee to meet ahead of House vote on bill to end government shutdown
The first step – before the Senate-passed bill to reopen the government heads to the House floor – will require the Rules committee to schedule a vote on the legislation. Politico is reporting, citing two people with knowledge of the matter, that this will take place at around 6pm ET today.
The hope is then for an official vote in the lower chamber on Wednesday afternoon.
Republican congressman and chair of House budget committee announces he won't run for re-election in 2026
Jodey Arrington, the Republican congressman from Texas who also serves as chair of the House budget committee, announced that he will not seek re-election in 2026. He is now the first GOP House member to announce his decision to leave Congress at the end of his current term, ahead of the midterm elections.
Arrington was one of the key architects of the president’s sweeping domestic policy bill in Congress, and called it the most “consequential piece of legislation in modern history” in his video announcement.
“There is a time and season for everything, and this season is coming to a close,” he said. “I will be passing the torch to the next West Texan. Because I believe, as our founding fathers did, in citizen leadership, temporary service, not a career.”
The lawmaker’s district, which mainly covers the Lubbock area, is a GOP safe-seat.
Analysis: With his threat of a $1bn lawsuit against BBC, Trump’s assault on the media goes global
Jeremy Barr
Donald Trump has, for years, used legal threats and lawsuits to pressure news companies who put out coverage he does not like. After his return to power, a string of US broadcasters and tech firms have paid tens of millions of dollars to settle such cases.
The president has now gone global with this campaign, crossing the pond to threaten the BBC with a $1bn lawsuit over an episode of the Panorama documentary program that aired more than a year ago.
The saga is only the latest chapter in a campaign meant to keep media institutions that cover Trump on their toes. Often, legal letters sent to media companies on his behalf have not actually led to lawsuits – though many journalists say they have contributed to a chilling effect on coverage.
But Trump has also followed through on several lawsuits, and since his re-election one year ago, a series of media and tech companies have chosen to take the easy way out by agreeing to significant settlements. Several of those companies have business before his administration.
In July, Paramount, parent company of CBS News, chose to settle a case that Trump had filed in the state of Texas arguing that the company had violated consumer protection laws by misleadingly editing a 60 Minutes interview of then vice-president Kamala Harris. Many legal experts viewed the case as easily winnable for Paramount, considering the unrelated statute he sued under – and that Trump could not credibly claim to have been harmed by the segment since he defeated Harris in the election.
But company leadership viewed the lawsuit as an unnecessary distraction, particularly as it sought the federal government’s approval of a merger with Skydance Media. Paramount ultimately paid $16m.
Trump also won a settlement last year from ABC, owned by Disney, which he had sued over comments made by anchor George Stephanopoulos. ABC agreed to pay $15m.
When combining Trump’s settlements with ABC, CBS and cases against both Facebook parent company Meta and YouTube, which is owned by Google, he has racked up over $80m in agreements.
Now the BBC is in his sights. Unlike CBS, owned by Paramount Skydance, and ABC, owned by Disney, the BBC is not part of a complicated corporate empire: it is independent, although its unique structure as a publicly funded organization invites intense scrutiny.
But if Trump chooses to sue, Mark Stephens, an international media lawyer at the firm Howard Kennedy, said the case would bring renewed attention to Trump’s comments, and any role he might have played in fomenting the violence of January 6. (Trump claims he did no such thing.)
If he sues, he opens a Pandora’s box, and in that Pandora’s box is every damning quote he’s ever uttered about January 6.
So this isn’t the hill to die on, in my view. It’s a legal cliff edge, and if he jumps, there’s a high chance he’ll fall.
Top House Democrats vow to oppose shutdown bill over healthcare funding
Chris Stein
As House Republican leaders move to hold a vote on legislation to reopen the government, top Democrats vowed today to oppose the bill for not addressing their demand for more healthcare funding.
Democrats have for weeks demanded that any measure to fund the government include an extension of tax credits for Affordable Care Act health plans, which were created under Joe Biden and due to expire at the end of the year, sending premiums for enrollees higher.
With Donald Trump’s encouragement, Congress’s Republican leaders refused, sparking a spending standoff that resulted in the longest government shutdown in US history. But the Democrats’ resolve cracked earlier this week, when a splinter group in the Senate joined with the GOP to craft a compromise bill that reauthorizes government funding through January, without extending the tax credits.
The Senate passed that legislation yesterday evening, and the House is expected consider it beginning Wednesday afternoon. The chamber’s top Democrats oppose it, with minority leader Hakeem Jeffries yesterday calling it a “partisan Republican spending bill that continues to gut the healthcare of the American people”.
Today, the House’s largest ideological caucus, the centrist New Democrat Coalition, announced their opposition to the measure.
“While New Dems always seek common ground, our coalition remains united in opposition to legislation that sacrifices the wellbeing of the constituents we’re sworn to serve,” chair Brad Schneider said. “Unfortunately, the Senate-passed bill fails to address our constituents’ top priorities, doing nothing to protect their access to healthcare, lower their costs, or curb the administration’s extreme agenda.”
The sentiment appears much the same in the congressional progressive caucus, where chair Greg Casar called the measure “a betrayal of millions of Americans counting on Democrats to fight for them”.
The Democratic opposition threatens to make for a tight vote for speaker Mike Johnson, who has kept the House out of session for more than 50 days in a bid to pressure Senate Democrats into caving to the GOP’s demands.
With a 219-member majority with full attendance, he can only afford to lose two votes on the bill, and Kentucky representative Thomas Massie is likely to vote no.
But Democrats may have their own defectors. Maine’s Jared Golden, who last week announced he would not seek another term representing a district that voted for Trump last year, was the only Democrat in September to vote for a Republican funding bill that did not extend the tax credit. Marie Gluesenkamp Perez, whose Washington state district is similarly friendly to the president, also expressed her support for that bill."
The Guardian,Top House Democrats vow to oppose shutdown bill over healthcare funding,https://www.theguardian.com/us-news/2025/nov/11/shutdown-legislation-house-democrats,"Democrats are demanding an extension of tax credits for Affordable Care Act health plans set to expire at end of year US politics live – latest updates As House Republican leaders move to hold a vote on legislation to reopen the US government, top Democrats vowed on Tuesday to oppose the bill for not addressing their demand for more healthcare funding. Democrats have for weeks insisted that any measure to fund the government include an extension of tax credits for Affordable Care Act health plans, which were created under Joe Biden and due to expire at the end of the year, sending premiums for enrollees higher. Continue reading...","Tue, 11 Nov 2025 21:39:20 GMT",https://www.theguardian.com/us-news/2025/nov/11/shutdown-legislation-house-democrats,Chris Stein in Washington,www.theguardian.com,2025-11-11T22:15:47.155032+00:00,"As House Republican leaders move to hold a vote on legislation to reopen the US government, top Democrats vowed on Tuesday to oppose the bill for not addressing their demand for more healthcare funding.
Democrats have for weeks insisted that any measure to fund the government include an extension of tax credits for Affordable Care Act health plans, which were created under Joe Biden and due to expire at the end of the year, sending premiums for enrollees higher.
With Donald Trump’s encouragement, Congress’s Republican leaders refused, sparking a spending standoff that resulted in the longest government shutdown in US history. But the Democrats’ resolve cracked earlier this week, when a splinter group in the Senate joined with the GOP to craft a compromise bill that reauthorizes government funding through January, without extending the tax credits.
The Senate passed that legislation on Monday evening, and the House of Representatives is expected to vote on it on Wednesday afternoon. The House rules committee will consider the bill on Tuesday evening, setting the stage for it to come to the House floor on Wednesday.
Top House Democrats oppose it, with the minority leader, Hakeem Jeffries, calling it a “partisan Republican spending bill that continues to gut the healthcare of the American people.
“It’s our expectation that the House will vote at some point tomorrow and House Democrats will strongly oppose any legislation that does not decisively address the Republican healthcare crisis,” Jeffries told CNN on Tuesday.
The House’s largest ideological caucus, the centrist New Democrat Coalition, has announced its opposition to the measure.
“While New Dems always seek common ground, our coalition remains united in opposition to legislation that sacrifices the wellbeing of the constituents we’re sworn to serve,” chair Brad Schneider said.
“Unfortunately, the Senate-passed bill fails to address our constituents’ top priorities, doing nothing to protect their access to healthcare, lower their costs or curb the administration’s extreme agenda.”
The sentiment appears much the same in the Congressional Progressive caucus, where chair Greg Casar called the measure “a betrayal of millions of Americans counting on Democrats to fight for them”.
The Democratic opposition threatens to make for a tight vote for the Republican speaker, Mike Johnson, who has kept the House out of session for more than 50 days inan attempt to pressure Senate Democrats into caving to the GOP’s demands.
With a 219-member majority assuming full attendance, Johnson can only afford to lose two votes on the bill, and the Kentucky representative Thomas Massie is likely to vote no.
But Democrats may have their own defectors. Maine’s Jared Golden, who last week announced he would not seek another term representing a district that voted for Trump last year, was the only Democrat in September to vote for a Republican funding bill that did not extend the tax credit. Marie Gluesenkamp Perez, whose Washington state district is similarly friendly to the president, also expressed her support for that bill.
Both lawmakers’ offices did not immediately respond to a request for comment on how they would vote on the Senate’s compromise.
The compromise bill cleared the Senate on Monday evening by 60 votes, the minimum it needed to overcome the chamber’s thresholds for advancement. All Republicans supported the measure’s passage except for Rand Paul of Kentucky, along with eight moderate members of the Democratic caucus, several of whom were recently re-elected, or serving their final terms in office.
That group was composed of Jeanne Shaheen of New Hampshire, Tim Kaine of Virginia, Dick Durbin of Illinois, John Fetterman of Pennsylvania, Maggie Hassan of New Hampshire, Catherine Cortez Masto of Nevada, Jacky Rosen of Nevada and Angus King of Maine, an independent who caucuses with the party.
While they did not win an extension of the tax credits, the group claimed credit for getting the Republican Senate majority leader, John Thune, to agree to hold a vote by mid-December on extending the subsidies. However, it remains to be seen if enough Republicans will support its passage, and Johnson has not agreed to put the issue to a vote in the House.
Though the Senate minority leader, Chuck Schumer, did not back the bill publicly, Shaheen told Fox News on Monday that the group “kept leadership informed throughout” their talks. Progressive organizations who backed Schumer’s strategy during the shutdown have now turned on him, for allowing the compromise to come together.
Indivisible announced plans to support Democratic candidates in primaries who oppose Schumer remaining as the party’s leader, and MoveOn joined in the calls for him to bow out.
“It is time for Senator Schumer to step aside as minority leader to make room for those who are willing to fight fire with fire when the basic needs of working people are on the line,” MoveOn Political Action’s executive director, Katie Bethell, said."
The Guardian,"Kiss guitarist Ace Frehley died after fall, autopsy finds",https://www.theguardian.com/music/2025/nov/11/ace-frehley-autopsy-cause-of-death,"Medical examiner says Kiss founding member’s death was accidental, caused by blunt force injuries from a fall Ace Frehley, the original lead guitarist and founding member of the glam rock band Kiss , died from blunt force injuries to the head that he suffered in a fall earlier this year, an autopsy has determined. Frehley died peacefully on 16 October surrounded by family in Morristown, New Jersey, a few weeks after the fall occurred, according to his agent. Continue reading...","Tue, 11 Nov 2025 21:19:29 GMT",https://www.theguardian.com/music/2025/nov/11/ace-frehley-autopsy-cause-of-death,Guardian staff and agency,www.theguardian.com,2025-11-11T22:15:48.273956+00:00,"Ace Frehley, the original lead guitarist and founding member of the glam rock band Kiss, died from blunt force injuries to the head that he suffered in a fall earlier this year, an autopsy has determined.
Frehley died peacefully on 16 October surrounded by family in Morristown, New Jersey, a few weeks after the fall occurred, according to his agent.
The Morris county medical examiner’s office determined that Frehley’s death was an accident. The report said Frehley, 74, suffered facial fractures near the eyes and left ear and also had bruising on his left abdomen and thigh area and his right hip and upper thigh.
Kiss, whose hits included Rock and Roll All Nite and I Was Made for Lovin’ You, were known for their theatrical stage shows, with fire and fake blood spewing from the mouths of band members dressed in body armor, platform boots, wigs and signature black and white face paint.
Kiss’s original lineup included Frehley, singer-guitarist Paul Stanley, tongue-wagging bassist Gene Simmons and drummer Peter Criss. Frehley’s is the first death among the four founding members.
Frehley inspired a generation of guitarists and performed on Kiss’s first nine albums. His death was announced by his family last month, with his loved ones declaring themselves collectively “completely devastated and heartbroken” and his death almost incomprehensible.
“Reflecting on all of his incredible life achievements, Ace’s memory will continue to live on forever!” the family statement said, in part.
Band members took on the personas of comic book-style characters – Frehley was known as Space Ace and the Spaceman. The New York-born entertainer and Rock & Roll Hall of Famer often experimented with pyrotechnics, making his guitars glow and shoot fireworks.
Born Paul Daniel Frehley, he grew up in a musical family and began playing guitar at age 13. Before joining Kiss, he played in local bands around New York City and was a roadie for Jimi Hendrix at age 18.
Kiss were especially popular in the mid-1970s, selling tens of millions of albums and licensing its iconic look to become a marketing marvel.
The Associated Press contributed reporting"
The Guardian,US army gynecologist accused of secretly filming patients during exams,https://www.theguardian.com/us-news/2025/nov/11/army-doctor-lawsuit-videos-patients-gynecologist,"Lawsuit alleges doctor at Fort Hood was allowed to continue working despite complaints against him for years Military officials in Texas have suspended a US army gynecologist over allegations he inappropriately touched and secretly filmed dozens of women during appointments at an on-base medical center. A civil lawsuit filed in Bell county on Monday alleges that Blaine McGraw, a doctor and army major at Fort Hood, repeatedly groped a woman during a series of seven or eight consultations, and took intimate videos and photographs of her that were later found on his phone. Continue reading...","Tue, 11 Nov 2025 21:18:52 GMT",https://www.theguardian.com/us-news/2025/nov/11/army-doctor-lawsuit-videos-patients-gynecologist,Richard Luscombe,www.theguardian.com,2025-11-11T22:15:49.398725+00:00,"Military officials in Texas have suspended a US army gynecologist over allegations he inappropriately touched and secretly filmed dozens of women during appointments at an on-base medical center.
A civil lawsuit filed in Bell county on Monday alleges that Blaine McGraw, a doctor and army major at Fort Hood, repeatedly groped a woman during a series of seven or eight consultations, and took intimate videos and photographs of her that were later found on his phone.
The 13-page lawsuit, seen by the Guardian, also alleges that senior officers allowed McGraw to continue to work despite receiving complaints of sexual misconduct against him over several years and at another army medical center in Hawaii.
“By doing so, the army gave cover to a predator in uniform,” the lawsuit states.
“This case exposes a shocking betrayal committed within the walls of a US army hospital. McGraw … used his position of trust to sexually exploit, manipulate, and secretly record women under his care. What should have been a place of healing became a stage for abuse.”
Attorney Andrew Cobos, who filed the lawsuit on behalf of the plaintiff, the wife of an active duty service member identified by the pseudonym Jane Doe, said he represented at least another 45 women who came forward with similar allegations.
A military official told NBC on condition of anonymity that at least 25 women had contacted the army’s criminal investigation division after the images were found on McGraw’s phone.
“Upon information and belief, investigators recovered thousands of photographs and videos from his phone, taken over the course of multiple years, depicting scores of female patients, many of whom remain unidentified,” the lawsuit said.
It said the first complaints were filed against him “years earlier” when he worked at the Tripler army medical center in Honolulu, Hawaii, but army leadership “laughed off credible allegations”, which allowed his misconduct to “thrive” in his new job in Texas.
McGraw was suspended from his position at Fort Hood’s Carl R Darnall army medical center on 17 October, although an army statement announcing the opening of an investigation did not identify him by name – referring to him only as a “medical provider”.
In an updated statement released on Monday, the army provided more details of the timeline of its investigation and said it had identified and attempted to contact all patients the suspended doctor saw during his time at Fort Hood.
Among them was the plaintiff, who received a call from investigators asking her to come in for an interview. When she did, the lawsuit states, she learned McGraw recorded “nearly the entirety of her final appointment, including both the breast and pelvic examinations, without her knowledge or consent”.
She was shown several screenshots from videos recovered from McGraw’s phone from the appointment three days earlier – images the lawsuit states “unmistakably depicted” her body.
After the interview with investigators, after which she said she was handed a generic pamphlet with phone numbers for various army departments, the woman sat in her car and cried.
She was “disoriented and disarrayed”, the court papers said, with “her sense of safety shattered”.
Several of McGraw’s alleged victims spoke at a press conference recently outside the gates of Fort Hood, criticizing the army’s response to complaints against him.
“It wasn’t the act itself that hurt me, it was the way it was handled afterwards – the indifference, the lack of humanity,” one woman said.
Cobos said he also planned to file a separate action under the federal Tort Claims Act to hold the army responsible for what he said was a “culture of silence and indifference” that allowed McGraw to operate.
“This lawsuit is the first step in shining a light on this misconduct and restoring justice. The army needs accountability, and that only happens through transparency,” he said.
The Guardian contacted Daniel Conway, an attorney representing McGraw, for comment.
In a statement to NBC, Conway said his client had been “fully cooperative” with the investigation.
“We’ve expressed to the government our concern that plaintiffs’ attorneys are holding press conferences citing inaccurate information apparently learned from government sources,” he said.
“At this point it’s best to let the investigation complete before we comment.”"
The Guardian,California police intervene as ICE agent in plain clothes points gun at woman,https://www.theguardian.com/us-news/2025/nov/11/california-police-intervene-ice-agent,"Agent said woman was following and filming him, but officer said he couldn’t assist if no crime was committed A US Immigration and Customs Enforcement (ICE) agent briefly held at gunpoint a woman whom he claimed was following him, prompting a southern California police officer to intervene, authorities said. The police department in Fullerton, a city in Orange county almost 30 miles (48km) from Los Angeles, said that on Sunday one of its officers had just finished taking an incarcerated person to a county jail when he saw two vehicles stopped in an intersection in Santa Ana. Continue reading...","Tue, 11 Nov 2025 21:00:28 GMT",https://www.theguardian.com/us-news/2025/nov/11/california-police-intervene-ice-agent,Dani Anguiano,www.theguardian.com,2025-11-11T22:15:50.433471+00:00,"A US Immigration and Customs Enforcement (ICE) agent briefly held at gunpoint a woman whom he claimed was following him, prompting a southern California police officer to intervene, authorities said.
The police department in Fullerton, a city in Orange county almost 30 miles (48km) from Los Angeles, said that on Sunday one of its officers had just finished taking an incarcerated person to a county jail when he saw two vehicles stopped in an intersection in Santa Ana.
The officer stopped when he saw a man exit one of the vehicles and point a firearm at the other driver, the agency said in a statement. He did not initially know the identity of the armed man, who was dressed in plain clothes and soon provided credentials showing he was an ICE agent.
Video of the incident surfaced online appearing to show the police officer “assisting” the ICE agent, and the department sought to clarify its role in a press release. In footage of the incident, a man in sunglasses and a green shirt can be seen standing in the middle of an intersection, pointing a gun at a driver when an officer pulls up.
“What are you doing?” the woman being held at gunpoint asked in the video. “Are you for real right now? And now these cops are helping them … I’m just driving.”
The agent said the woman had been following and filming him, the department said, and the officer informed him he could not assist if no crime had been committed. The woman soon left, followed by the officer, according to the statement.
“ICE is a federal law enforcement agency, and Fullerton Police Officers will assist them, and any other local, state, or federal law enforcement agency, in situations involving immediate officer safety,” the department said.
“However, Senate Bill 54 prohibits local law enforcement from participating in immigration enforcement. The Fullerton Police Department has not and will not participate in immigration enforcement efforts.”
The Department of Homeland Security in a statement accused the driver of screaming at the agent and attempting to cause a collision, and said the agent “followed their training” and turned on emergency lights, identified themselves and ordered the driver to stop.
“To defend himself, following the aggression of the driver and her refusal to follow law enforcement commands, our officer followed his training and drew his weapon. The driver fled the scene before local police arrived and is still at large. No shots were fired,” said Tricia McLaughlin, the DHS assistant secretary, in a statement.
However, the driver can be heard on the video as the police officer responded to the scene, appearing to contradict McLaughlin’s statement that the driver fled before police arrived.
The FBI has urged US immigration officers to clearly identify themselves following a spate of crimes perpetrated by people who posing as agents."
BBC News,"Starmer will fight attempts to replace him, allies say",https://www.bbc.com/news/articles/c5y0z2q2g2ro?at_medium=RSS&at_campaign=rss,Allies of the prime minister are worried his job might be under immediate threat.,"Tue, 11 Nov 2025 20:56:58 GMT",https://www.bbc.com/news/articles/c5y0z2q2g2ro#0,,www.bbc.com,2025-11-11T22:15:51.680972+00:00,"Starmer will fight attempts to replace him, allies say
Allies of the prime minister are making it clear he would fight any challenge to his leadership from Labour MPs.
There are fears from those loyal to Sir Keir Starmer that his job might be under immediate threat, perhaps as soon as shortly after the Budget in a fortnight's time.
Critics say it is evidence that Downing Street is ""in full bunker mode"" which ""won't help the government out of the hole we're in.""
Friends of Sir Keir are deeply worried about what they see as plotting going on to try to replace him and are seeking to make clear what they see as the grave risks of a leadership challenge.
Those names being discussed by Labour MPs as potential candidates to displace Sir Keir include some of his closest cabinet allies, especially Wes Streeting, the health secretary, and Home Secretary Shabana Mahmood.
Some also speculate about the ambitions of Ed Miliband, the energy secretary, and backbenchers including the former transport secretary Louise Haigh.
""He will fight this,"" one minister said, before making reference to a key by-election in 2021 which Labour lost to the Conservatives, prompting Sir Keir to consider resigning as Labour's leader.
""This is not a Hartlepool moment,"" they added.
""He is one of only two people alive who have won a general election for Labour. It'd be madness to run against him after 17 months.""
For months now, plenty in the Labour Party have acknowledged that the government faces a likely crunch point after devolved elections in Scotland and Wales and local elections in many parts of England next May.
Labour is widely expected to do badly in those elections, but there are growing concerns from some in the party that it can't wait until then to contemplate a change of leader.
Downing Street is aware of the potential imminence of such a threat to them.
One senior Labour MP told us: ""It's all very well to say wait for the locals, but that's my activist base I'm sending into the gunfire. I can't lose all my councillors.""
Another Labour source said: ""The list of reasons for people to move after the Budget are growing by the day.
""If Wes is brave and moves he may well be rewarded by being prime minister by Christmas.""
The ambition of Streeting is seen with particular suspicion from some loyal to the prime minister.
A spokesman for Streeting told the BBC ""these claims are categorically untrue"".
""Wes's focus has entirely been on cutting waiting lists for the first time in 15 years, recruiting 2,500 more GPs, and rebuilding the NHS that saved his life,"" he added.
The health secretary is due to do a round of interviews on Wednesday morning which were due to be focused on his plans for shaking up the NHS in England.
A government source said Downing Street ""has gone into full bunker mode, turning on their most loyal cabinet members for absolutely no reason"".
""Unfortunately there is a pattern of Keir's team briefing against his own people - they did it to Angela, Lisa, Lucy, now it's Wes's turn,"" the source added.
""A circular firing squad won't help the government out of the hole we're in,"" a government source said - referring to the former and current deputy leaders, Angela Rayner and Lucy Powell respectively, and the Culture Secretary Lisa Nandy.
The prime minister's supporters are telling Labour MPs they should be careful what they wish for.
They argue a leadership contest would plunge the party into the chaos associated with the final years of the Conservative Party's stint in office which came to an end last year, and install a leader who does not have their own mandate from the country.
They are trying to convince their colleagues that a contest could destabilise the international markets too, and would jeopardise the good relationship the prime minister has established with President Trump.
But others, including some ministers, fret about what they perceive to be the desperate position the government is in.
""It's terrible. He [Starmer] is hated out there. It is worse than it got under Corbyn. I don't see how this is sustainable until May,"" one minister said.
Opinion polls suggest Sir Keir is deeply unpopular, perhaps even the most unpopular British prime minister in the history of modern opinion polling.
Polls also suggest the Labour Party has commanded the support of no more than a fifth of the electorate in recent months.
A cabinet minister who is supportive of the prime minister sums up the mood among their colleagues as they see it: ""There are those who see it as a choice between this Labour government and perfection.
""The closer they can nudge us towards the policies they see as perfect, the happier they are.
""But the choice isn't between us and perfection, it's between us and Reform.""
The rise of Reform UK has concentrated minds in Downing Street in recent months.
The prime minister sees Labour's battle with Reform leader Nigel Farage as generation-defining – and the prospect of losing to Reform at a general election as vastly worse than Labour losses to the Conservatives.
He believes he has the energy and wherewithal to take on and defeat Farage.
But a growing number of his colleagues are not convinced.
""We are not like the Tories. We're not going to change leader more than once in a parliament,"" one Labour MP first elected last year told us.
Sign up for our Politics Essential newsletter to keep up with the inner workings of Westminster and beyond."
BBC News,Government to reconsider compensation for women not warned of pension age change,https://www.bbc.com/news/articles/c709y7ln5zro?at_medium=RSS&at_campaign=rss,Pensions Secretary Pat McFadden says that the rethink does not mean that payouts will necessarily follow.,"Tue, 11 Nov 2025 18:24:52 GMT",https://www.bbc.com/news/articles/c709y7ln5zro#0,,www.bbc.com,2025-11-11T22:15:53.374972+00:00,"Government to rethink rejection of Waspi compensation
A decision to reject compensation for women hit by changes to the state pension age will be reconsidered by the government.
Campaigners say 3.6 million women born in the 1950s were not properly informed of the rise in state pension age to bring them into line with men. Last year, the government apologised for a 28-month delay in sending letters, but rejected any kind of financial payouts.
A document was not shown to Liz Kendall, who was Work and Pensions Secretary at the time of the decision, but had since come to light and needed to be considered, the government has now said.
There is no guarantee any payout will be made, but campaigners said the move was a major step forward.
Current Pensions Secretary Pat McFadden told the Commons that retaking the decision would not automatically lead to compensation.
""Retaking this decision should not be taken as an indication that government will necessarily decide that it should award financial redress,"" he said.
The undisclosed evidence involved was a survey from 2007, and McFadden said that checks would be made to ensure other documents and surveys had not been missed. No timescale has been given for the work to be done.
""I understand that people are impatient for this matter to be resolved,"" he said.
""It is important that we give it full and appropriate consideration.""
Angela Madden, who chairs Women Against State Pension Inequality (Waspi), said: ""The government now knows it got it wrong and we are pleased they are now trying to do it properly.
""We hope they also try to do it quickly.""
She added that the ""only correct thing to do"" was to compensate those affected immediately.
Compensation recommended
Early last year, a parliamentary ombudsman recommended compensation of between £1,000 and £2,950 for each of those affected.
While the Parliamentary and Health Service Ombudsman (PHSO) could recommend compensation, it could not enforce it and the government rejected it.
Ministers said there was no evidence of ""direct financial loss"" resulting from the government's decision, and that Labour did not believe that paying a flat rate to all women at a cost of up to £10.5bn would be ""fair or proportionate"" to taxpayers.
The Waspi campaign had called for payments of at least £10,000 each.
It is pursuing a judicial review of the government's decision not to pay compensation. Campaigners raised money for the legal challenge and a court capped the contribution to the government's legal fees if they were unsuccessful.
The case was scheduled to go to the High Court in December. The government has now informed the court of its latest decision.
The age at which people receive the state pension has been increasing as people live longer, and currently stands at 66 for men and women.
But for decades, men had received their state pension at 65 and women at the age of 60.
Under the 1995 Pensions Act a timetable was drawn up to equalise the age at which men and women could draw their state pension. The plan was to raise the qualifying age for women to 65 and to phase in that change from 2010 to 2020.
But the coalition government of 2010 decided to speed that up. Under the 2011 Pensions Act the new qualifying age of 65 for women was brought forward to 2018.
The increases have been controversial. Campaigners say women born in the 1950s have been treated unfairly by the rapid changes and the way they were communicated to those affected."
BBC News,"BBC must fight to restore trust, Nandy tells MPs",https://www.bbc.com/news/articles/cjd0g034r11o?at_medium=RSS&at_campaign=rss,"The culture secretary tells MPs the BBC “has faced criticism from all sides”, as Donald Trump threatens to sue for $1bn over a documentary edit.","Tue, 11 Nov 2025 21:08:15 GMT",https://www.bbc.com/news/articles/cjd0g034r11o#0,,www.bbc.com,2025-11-11T22:15:54.429134+00:00,"BBC must fight to restore trust, Nandy tells MPs
Culture Secretary Lisa Nandy said the BBC must fight to restore trust after criticism that a Panorama documentary misled viewers by editing a speech by Donald Trump.
She said a review of the broadcaster's charter would ensure a ""genuinely accountable"" BBC, defending it as a ""national institution"".
BBC director general Tim Davie earlier told staff ""we've got to fight for our journalism"" after the US president's threat to sue the corporation for $1bn (£760m).
A leaked internal BBC memo said the Panorama film misled viewers by splicing together parts of Trump's speech on 6 January 2021 and made it appear as if he had explicitly encouraged the Capitol Hill riot. BBC chair Samir Shah has apologised.
Davie resigned on Sunday alongside BBC News CEO Deborah Turness after mounting pressure over that memo, which was written by Michael Prescott, a former independent external adviser to the broadcaster's editorial standards committee.
The memo also accuses the BBC of issues within its Gaza coverage, particularly by BBC Arabic, anti-Trump and anti-Israel bias and one-sided transgender reporting - among other ""troubling matters"".
Davie told staff on Tuesday: ""We have made some mistakes that have cost us, but we need to fight"", adding that ""this narrative will not just be given by our enemies, it's our narrative"".
He said the BBC went through ""difficult times… but it just does good work, and that speaks louder than any newspaper, any weaponisation"".
Later on Tuesday, speaking in the Commons, Nandy warned MPs attacking the broadcaster to ""consider just what is at stake"".
She told the Commons: ""There is a fundamental difference between raising serious concerns over editorial failings and members of this House launching a sustained attack on the institution itself, because the BBC is not just a broadcaster, it is a national institution that belongs to us all.""
She added that the BBC ""has faced criticism from all sides for its coverage of highly contentious and contested issues, and [has been] accused of giving too much airtime to particular parties, and for giving them too little"".
The BBC's charter expires at the end of 2027 and the once-a-decade process of reviewing it is set to begin shortly, which she said would help it ""renew its mission for the modern age"".
Nandy said there was a concern over how long the BBC took to respond to criticisms which undermined trust.
She acknowledged ""serious concerns and failings"" on the part of the BBC Arabic Service, but urged strong support for the World Service, which she said was ""a light on the hill for people in places of darkness"".
BBC figures on the corporation's editorial guidelines and standards committee will face questions at a hearing in the coming weeks.
Shah and board members Sir Robbie Gibb and Caroline Thomson are expected to attend a session called by the Commons culture, media and sport committee.
Former editorial standards advisers Michael Prescott, the author of the leaked memo, and Caroline Daniel will also be invited to give evidence.
Shadow culture secretary Nigel Huddleston said there are ""too many examples of bias"" at the BBC and said the corporation required ""institutional change"".
In a post on social media on Tuesday, Conservative leader Kemi Badenoch said that while the BBC as an institution ""ought to be treasured"", it has ""continually let down licence fee payers"".
Trump threatened to take legal action if the BBC did not make a ""full and fair retraction"" of the Panorama programme by Friday. The corporation has said it will reply in due course.
In the staff call on Tuesday neither Davie nor the BBC chair mentioned Trump's legal threat.
Downing Street has said this was a ""matter for the BBC"".
""It is clearly not for the government to comment on any ongoing legal matters,"" the prime minister's official spokesperson said.
""Our position is clear, the BBC is independent and it's for the corporation to respond to questions about their editorial decisions.""
Asked whether there were concerns the issue would affect Sir Keir Starmer's contacts with Trump, the spokesperson said the two had a ""very strong"" relationship.
The spokesperson would not be drawn on whether the BBC should apologise directly to the president."
BBC News,NHS manager who groomed young girls on Snapchat jailed for 28 years for rape and abuse,https://www.bbc.com/news/articles/c5y05dq1glko?at_medium=RSS&at_campaign=rss,Paul Lipscombe used fake names and lied about his age to win over his victims.,"Tue, 11 Nov 2025 16:28:37 GMT",https://www.bbc.com/news/articles/c5y05dq1glko#0,,www.bbc.com,2025-11-11T22:15:55.842581+00:00,"NHS manager who groomed young girls on Snapchat jailed for 28 years for rape and abuse
An NHS manager who sexually abused and raped young girls after grooming them on Snapchat has been jailed for 28 years.
Paul Lipscombe was sentenced after he admitted to sexual grooming, sexual assault and two counts of rape of a child under 13, in a case described as ""shocking and terrifying"" by detectives.
Lipscombe, 51, who is believed to have earned at least £91,000 a year as an associate director of NHS performance in Coventry, ferried his victims to rented hotels and Airbnbs in a Tesla.
A 15-year-old girl, who was one of six children groomed by Lipscombe in Leicestershire, Norfolk and Lincolnshire, told the BBC she wants facial recognition brought in so predatory adults can't get access to young people on the app.
Snapchat said it was committed to combatting sexual exploitation of young people and worked with law enforcement to help keep ""such activity off our platform"".
Mr Justice Raynor, sentencing Lipscombe, said he was a warped man who had blamed victims after abusing them, even though he knew what he was doing was criminal.
Lipscombe admitted 34 offences ranging from sexual activity with a child to rape.
Police discovered he had used fake names and lied about his age to win over his victims. The accounts no longer exist after Snapchat removed them.
'He just said 'hi''
Olivia, not her real name, said Lipscombe befriended her on Snapchat when she was going through a ""rough time"" and that he preyed upon her vulnerability.
She never met Lipscombe face-to-face. However, each of the other girls he groomed were sexually assaulted.
Olivia was first contacted in February by Lipscombe, who said his name was George.
""He just said 'hi', it was a pretty boring conversation, the first one,"" she said. ""I was going through a rough time with family and stuff... and it's not that I felt alone, but I wanted reassurance.""
""He'd ask me about my day at school and tell me that it would be OK,"" she added.
Lipscombe, while posing as George, told Olivia that he was around 30. For other victims he used the name Dom.
He often sent pictures of himself in a hoodie, his bald head and face hard to make out in shadow.
The investigation began in April, when a different 15-year-old who had gone missing called the police.
She told them she was with Lipscombe, who she said had got angry and that she wanted to get away from him.
Detectives circulated his car number plate and he was spotted at a drive-through KFC and arrested at the wheel of his Tesla, initially on suspicion of kidnap. The girl was in a nearby Airbnb.
Examining his devices, they uncovered a persistent campaign of grooming using Snapchat.
Police discovered Lipscombe had also been running a side business selling both real and AI-generated images of child sexual abuse. This was available via a sophisticated website on which he offered ""gold level"" access to ""all my best work"". He admitted distributing indecent photographs.
One man paid more than £3,700 for images and what the judge described as a ""set of instructions which were in effect a paedophile's step-by-step guide to contacting girls, gaining their confidence, complimenting them and then arranging meetings.""
Detective Constable Lauren Speight described Lipscombe as ""calculating, premeditated, and well-organised"".
She found Snapchat messages on Lipscombe's phone he had sent to the girls.
""He would say: 'I can get you vapes, drink, I can pick you up and take you wherever. I'm not a creepy old man.' Every aspect of the playbook, he used it,"" Det Con Speight said.
Slowly he shifted conversations online towards sexual suggestions, demanding the girls take pictures of themselves.
Five of the victims, aged 12 to 15, agreed to meet Lipscombe - they were all sexually assaulted or raped in Premier Inn hotels, Travelodges, Airbnb properties and rural car parks.
Olivia started to get suspicious of Lipscombe, and refused his demands to meet. She only found out that police were investigating him for sexually grooming girls when they came to speak to her.
""I'm thinking, 'oh, my god, what have I got myself into? Why didn't I see like the red flags?'"" she said.
""It was so disgusting, like, why is a grown man doing that to a child? I was just in shock.""
The case highlights growing concern about the targeting of children on popular social media platforms.
Police believe Lipscombe had an account on a smaller chat app, with fewer safeguards, where children often share their Snapchat usernames. Though detectives were unable to get into this account, they are concerned he may have used it to identify potential victims to add as friends on Snapchat.
The NSPCC said Snapchat had been used in half of the cases it has seen involving evidence of grooming on social media. Snapchat introduced new child protection measures in September 2023.
For children, friends lists are private, location sharing is off by default, and both users have to agree to chat. Children get pop-up warnings if they are contacted by someone with whom they don't share mutual friends, or who has been blocked.
But Olivia feels this doesn't go far enough. ""I think everybody should have to do facial recognition to prove how old you are,"" she said.
She also said the platform should restrict the ability of children to engage with older strangers based on their age.
""So say, if you're 17, you should be only able to talk to people of 16, 17 and 18. You shouldn't be able to talk to people who are older.""
Age verification requirements are now required for porn sites under the Online Safety Act. Platforms not specialising in pornography - such as X, Discord and Telegram - are also introducing verification.
This requirement is aimed more at preventing children from seeing harmful material, than helping them understand the age profile of other social media users.
Platforms used by children have not done ""anywhere near enough"" to clamp down on fake accounts, according to Rani Govender, NSPCC policy manager.
""It's entirely unreasonable to expect children to be able to spot these and to be able to protect themselves from abuse.
""That onus really has to be on companies to think about who is able to create profiles and who is able to use them.""
To test how easy it is, we created an account for a boy, providing a date of birth making him 15 years old.
It was easy to add adults as friends though a pop-up did warn that the adult and the child ""don't have many mutual friends"", asking: ""Do you know them? Check before you start chatting.""
After creating the account, the app suggested two unknown users who both appeared to be adults, one with facial tattoos, neither using their real names.
Olivia said before her encounter with Lipscombe, Snapchat seemed to offer ""an easier way to talk to people.""
""Obviously you've got unrestricted access to everybody who has it and you can take photos with stupid filters that obviously make you laugh,"" she said.
""But then when things like this happen you realise that it's not as fun and simple as it seems because you don't know who's behind the screen.
""Even the thought of having Snapchat again, now scares me.""
'Your thought processes were warped'
A spokesperson for University Hospitals Coventry and Warwickshire NHS Trust said: ""We would like to praise the girls and their families, as well as Leicestershire Police, for their bravery and courage in bringing Paul Lipscombe to justice for these horrendous crimes.
Following Lipscombe's arrest in April 2024, the Trust suspended him, before dismissing him from his administrative, non-patient facing role in June 2024.
Addressing Lipscombe, Mr Justice Raynor said: ""You told your wife you were going to business trips but in truth you were going to engage in your sexual interest in young girls.""
He added: ""Your thought processes were and remain warped but you knew what you were doing was criminal.""
A Snapchat spokesperson said: ""Sexual exploitation of young people is an abhorrent crime, and we are committed to combatting it.
""We work with law enforcement to help keep such activity off our platform and bring criminals to justice, and we've done that in this particular case.""
Snapchat said it encouraged people to use in-app reporting tools so they can get help quickly.
""We continue to work with police, safety experts and NGOs to help create a safer experience for Snapchatters.""
Police are continuing to investigate Lipscombe's offending and believe there may be other victims around the UK.
According to a pre-sentence report, Lipscombe admitted he had been committing sexual offences against young girls since he was in his 20s.
Details of help and support in the UK with child sexual abuse and sexual abuse or violence are available at BBC Action Line"
BBC News,Northern Lights set to dazzle UK this week due to possible 'severe' geomagnetic storm,https://www.bbc.com/weather/articles/cpv13jpmxw7o?at_medium=RSS&at_campaign=rss,Activity on the surface of the Sun means the chance of the Northern Lights shining over the UK is high this week as Elizabeth Rizzini explains.,"Tue, 11 Nov 2025 18:02:49 GMT",https://www.bbc.com/weather/articles/cpv13jpmxw7o#0,,www.bbc.com,2025-11-11T22:15:56.898948+00:00,"Northern Lights set to dazzle UK this week due to possible 'severe' geomagnetic storm
- Published
There is a good chance of seeing the Northern Lights in the early hours of Wednesday or on Wednesday night in many parts of the UK.
That is because the Sun is going through an active phase experiencing a number of eruptions, called Coronal Mass Ejections. These send solar particles towards the Earth.
It is the interaction of these particles with the Earth's atmosphere that create the stunning light displays we see in the night sky.
According to the UK Met Office Space Weather forecast, the best chance of seeing the Northern Lights or aurora will be across the northern half of the UK. But there is also a chance in clear skies further south.
What is a geomagnetic storm?
Geomagnetic storms are disturbances in the Earth's magnetic field that last minutes or hours and are caused by Coronal Mass Ejections (CMEs) and solar flares.
It has been reported that there are three CMEs heading towards Earth from the Sun.
The National Oceanographic Atmospheric Administration (NOAA), who measure the strength of these storms, say that there is chance of a Strong G3 or even Severe G4 geomagnetic storm being triggered especially on Wednesday into Thursday.
Although dangerous for astronauts, geomagnetic storms are not harmful to humans as Earth's atmosphere protects us from the radiation.
However, these storms can sometimes disrupt satellites and also different forms of electronic devices, such as phones.
For example, in 2017 two massive solar flares fired out from the surface of the Sun disrupted devices such as GPS navigation systems on Earth.
And the Victorians also struggled with the effect of space weather in 1859 when a huge solar eruption caused a geomagnetic storm that interfered with railway signalling and telegraph lines. This was known as the Carrington Event.
The KP index is an alternative measure of geomagnetic activity extending from KP1 to KP9. It can be be used to denote the southern extent of the aurora. This storm is classed as a rare KP8. This means the aurora could be visible across many parts of the UK including the south in the nights to come.
There may be effects on power grids and satellite navigation.
What is a Coronal Mass Ejection?
Coronal Mass Ejections are huge bursts of charged plasma travelling at millions of miles an hour that explode out of the Sun's outer atmosphere or corona.
They spew light, energy and solar material into space, sometimes towards Earth, which is the case this week.
The solar material, or plasma, is charged. These charged particles can interact with gases in the Earth's atmosphere, particularly near the poles, leading to the displays of aurora.
These ejections can sometimes take days to reach the Earth.
In addition on Tuesday, the US National Weather Service Space Weather Prediction Center reported seeing a massive solar flare on the Sun - likely the strongest of the current cycle.
Solar flares are bursts of electromagnetic radiation that travel from the Sun at the speed of light, reaching Earth in just over eight minutes.
These can also cause aurora.
Clear skies for the aurora?
To see the aurora find a dark spot with minimal light pollution and a good view of the northern horizon. The aurora is sometimes more clearly viewed through a camera lens.
You will also need clear skies. So what is in the forecast?
On Tuesday night there will always be the risk of some cloud around but clear skies should develop in southern and north-eastern Scotland as a weather front clears southwards. Northern England and Northern Ireland will also see some clear skies in the second half of the night.
There could also be some clearer spells developing across Wales, the Midlands and perhaps south-west England later in the night.
We are less likely to see clear skies overnight on Wednesday although there could be some early on for East Anglia and later for northern Scotland.
If you are not lucky enough to catch the Aurora Borealis this time, keep an eye out for further alerts here at BBC Weather.
- Published7 January"
BBC News,Cryptoqueen who fled China for London mansion jailed over £5bn Bitcoin stash,https://www.bbc.com/news/articles/cvg4w1g9ezko?at_medium=RSS&at_campaign=rss,"Qian Zhimin bought cryptocurrency using funds stolen from thousands of Chinese pensioners, say police.","Tue, 11 Nov 2025 15:44:10 GMT",https://www.bbc.com/news/articles/cvg4w1g9ezko#0,,www.bbc.com,2025-11-11T22:15:57.943357+00:00,"Cryptoqueen who fled China for London mansion jailed over £5bn Bitcoin stash
A woman, said by police to have bought cryptocurrency now worth billions of pounds using funds stolen from thousands of Chinese pensioners, has been sentenced to 11 years and eight months for money laundering.
Passing sentence at Southwark Crown Court on Tuesday, Judge Sally-Ann Hales told Qian Zhimin she was ""the architect of this offending from its inception to its conclusion... your motive was one of pure greed"".
After fleeing China, Qian moved to a mansion in Hampstead, north London. The Metropolitan Police raided it a year later and made one of the world's single largest crypto seizures.
More than 100,000 Chinese people invested their money in her company - which claimed to be developing high-tech health products and mining cryptocurrency. In reality, she embezzled the funds, police say.
Investors have told the BBC World Service they hope to get at least some of their cash back from the UK authorities. Anything left unclaimed would normally default to the UK government - leading some to speculate that the Treasury could stand to gain from the haul.
""If we can gather all the evidence together, we hope the UK government, the Crown Prosecution Service and the High Court can show compassion,"" said one victim we are calling Mr Yu, who says his marriage failed as a result of the fraud. ""Because now, it's only that haul of Bitcoin [cryptocurrency] that can return us a little bit of what we lost.""
Qian Zhimin, 47, arrived in the UK under a fake passport in September 2017, after Chinese police started investigating her.
She moved into a mansion on the edge of Hampstead Heath, at a rent of more than £17,000 ($22,700) a month. To pay for this, she needed to convert her Bitcoin stash back into money she could spend.
So she posed as a wealthy antiques and diamond heiress, and hired a former takeaway worker as her personal assistant, who she asked to trade the cryptocurrency into other assets, such as cash and property.
As Bitcoin rocketed in value, Qian could achieve what her company promised its investors - that they could ""get rich while lying down"". Her assistant Wen Jian - at her own trial last year, which culminated in a six-year jail term for money laundering - said Qian had spent most of her days lying in bed, gaming and online shopping.
But Qian was also drawing up a bold six-year plan for future schemes, according to her diary. Her notes outline plans to found an international bank, buy a Swedish castle, and even to ingratiate herself with a British duke.
Her grander stated objective was to become queen of Liberland, an unrecognised microstate on the Croatian-Serbian border, by 2022.
In the meantime, Qian had Wen look for houses she could buy in London. But her attempts to purchase an especially large property in Totteridge Common - an area known for its substantial, secluded residences - triggered a police investigation when Wen was unable to account for her boss's wealth.
Police raided Qian's Hampstead rental property and uncovered hard drives and laptops found to be loaded with tens of thousands of Bitcoin - believed to be the single largest cryptocurrency seizure in UK history.
Qian had set up the company through which money was embezzled just four years earlier, in her native China. Lantian Gerui, or Bluesky Greet in English, claimed to use investors' money to mine - or generate - new Bitcoin, and to invest in a range of pioneering technological devices.
But UK police believe this was an elaborate scam, and that Qian's company was simply using promises of high profits to pull more and more investors into the scheme.
""The more information we got about her involvement… that she was actually the leader of the fraud, not just a lower down member… it became obvious that yes she's very clever, she's very switched on, very manipulative, able to persuade a lot of people,"" Det Con Joe Ryan from the Met told the BBC.
One of her investors, Mr Yu, says he never suspected anything was wrong because the company drip-fed him a portion of his apparent earnings - just over 100 yuan ($14, £10) - every day.
""That made everyone feel really good, it even gave us the confidence to borrow a little more to invest in the company,"" he says.
He and his wife had initially invested 60,000 yuan ($8,429, £6,295) each. They were told, he says, they would make a 200% profit over two and a half years. They were soon taking out thousands of pounds' worth of loans at interest rates of up to 8%, in order to invest more.
In addition, Mr Yu reinvested his daily payouts back into the company as soon as he received them.
""There was no rule that you had to reinvest your earnings, but I suppose we were just too weak to resist. They just pumped up our dreams… until we lost all self-control, all critical judgment.""
Investors saw their daily payouts topped up for each new person they signed up. This helped the scam reach some 120,000 people, based in every one of China's provinces, according to documents from trials in China of the company's official promoters. Their deposits totalled more than 40bn yuan ($5.6bn, £4.2bn), the UK's Crown Prosecution Service (CPS) has found.
A former company employee later testified that it was new investors' money that had been funding the daily payouts, not crypto-mining dividends.
Lantian Gerui's marketing exploited the loneliness of many middle-aged and elderly Chinese. Qian wrote poems about social responsibility, with lines such as: ""We must love the elderly with the infatuation of a first romance.""
The company also organised mass holidays and banquets for current and potential investors. These were used to promote yet more investment opportunities - slideshows and card machines at the ready.
Lantian Gerui also trumpeted its love of China as a nation, another ploy calculated to appeal to the elderly.
""Our patriotism was our Achilles' heel, that's what they exploited,"" says Mr Yu, who is in his 60s. ""They said that they wanted to make China number one in the world.""
A range of speakers endorsed the company, including the son-in-law of the late Chairman Mao, the founding father of the People's Republic of China - Mr Yu said.
""We in our generation all looked up to Chairman Mao, so if even his son-in-law was vouching for it, how could we not trust it?""
The company even held an event in the Great Hall of the People, where China's legislature meets, according to an investor who attended the event and two others we spoke to.
""That bunch of [promoters], they'd take something red and persuade you it was white, take something black and convince you it was red,"" Mr Yu says.
Despite leading this high-profile enterprise, Qian was notoriously secretive, known only as Huahua or Little Flower to her clients, and communicating with them largely through the poems she posted on her blog.
But she would emerge for the biggest investors - those who put in at least 6m yuan ($842,000, £628,000) - inviting them to more intimate events, according to one of these clients, Mr Li.
""Those of us present, you could say that we were starstruck,"" he remembers. ""We all saw her as our Goddess of Wealth.
""She started encouraging us to dream big… that within three years, she'd give us enough wealth to last our families three generations.""
Mr Li, his wife, and his brother, invested some 10m yuan ($1.3m, £1m) between them.
A Chinese police investigation into Lantian Gerui, launched in mid-2017, signalled the beginning of the end for Qian's scheme.
""The payouts suddenly stopped,"" Mr Yu recalls. ""The company said the police were doing some checks… though we were promised that payments would resume soon enough.""
What helped the investors initially keep calm, he says, was company managers' reassurance that this was just a temporary blip, urging them not to approach the police.
What he later discovered through the Chinese court cases, he says, is that Qian had paid off those senior managers to assuage investors' concerns - while she fled to the UK with the money.
Qian was not entirely oblivious to the plight of her investors - she outlined a plan in her diary to pay back her debts in China, once the price of Bitcoin had reached £50,000 per coin. But her diary makes clear that her priority was to rule and develop Liberland, earmarking millions of pounds for this project.
When she was finally arrested in York, in the north of England, last April, police also found four other people at the house, Southwark Crown Court heard at the start of her sentencing hearing on Monday. All four had been brought to the UK specifically to work for Qian in roles such as shopping, cleaning and security - and were employed illegally, the court was told.
At the time of her arrest, Qian denied all charges, claiming she was simply fleeing a Chinese government crackdown on crypto entrepreneurs, and disputing evidence presented by the Chinese police. But then, at her trial in September, she unexpectedly pleaded guilty to illegally acquiring and possessing the cryptocurrency.
Qian's lawyer issued a statement after her sentencing on Tuesday which described her client as a ""Bitcoin pioneer"", adding that Qian accepted her conviction but that she ""never set out to commit fraud but recognises her investment schemes were fraudulent and misled those who trusted her"".
Before her jail term was announced, Mr Li told the BBC Qian's guilty plea offered victims a ""glimpse of sunlight"".
The cryptocurrency Qian brought to the UK has multiplied more than 20 times in value since her arrival. Its fate will be decided by a civil ""proceeds of crime"" case that will start in earnest early next year.
There are thousands of Chinese investors planning to make a claim in this case, say lawyers from two firms representing victims. But this will not be easy, one of them - a Chinese lawyer who asked to remain anonymous - told us. They will need to prove their claim - and in many cases they did not transfer money to Qian's company directly, but to accounts of local promoters who then passed the cash up the chain.
It is not clear whether the victims, if successful, will receive only their original investment, or an inflated amount which reflects Bitcoin's subsequent rise in value.
As in other ""proceeds of crime"" cases, any money left over after this process would normally default to the UK government. The BBC asked the UK Treasury what it plans to do with any remaining money, but it did not respond.
Separately, last month, the CPS said it was considering a compensation scheme for those with no representation in the civil case. We asked the CPS what level of evidence this alternative scheme would require, but it told us it was not able to share any details at this stage.
The toll on Mr Yu - whose wife invested alongside him - has not just been financial, but personal, culminating in divorce and little contact with his son, he told the BBC.
Still, he considers himself relatively lucky. One lawyer we spoke to said many of Qian's investors were left without money for food or medicine.
Mr Yu knew one such person - from Tianjin, northern China. She died of breast cancer after discharging herself from hospital, unable to afford treatment, he said.
""She was at death's door, and she knew I could write, so she asked me to write her an elegy if the worst came to the worst.""
Mr Yu says he kept his word and wrote a poem in her memory which he posted online. It ends with the lines:
""Let us be pillars, holding up the sky / Rather than sheep, to be led and misled / To those who survive - strive harder / That we might right this grave injustice."""
BBC News,Hospital trust fined £500k over death of patient,https://www.bbc.com/news/articles/cdegjd9186wo?at_medium=RSS&at_campaign=rss,"Alice Figueiredo, 22, took her own life at Goodmayes Hospital, east London, in July 2015.","Tue, 11 Nov 2025 17:24:57 GMT",https://www.bbc.com/news/articles/cdegjd9186wo#0,,www.bbc.com,2025-11-11T22:15:59.004730+00:00,"Hospital trust fined £500k over death of patient
A hospital trust has been fined more than £500,000 and a ward manager given a six-month suspended sentence over the death of a 22-year-old woman on a mental health unit.
Alice Figueiredo was being treated at Goodmayes Hospital in Ilford when she took her own life using bin bags from a shared toilet, having previously made many similar attempts.
The North-East London Foundation NHS Trust (NELFT), which runs the hospital, and ward manager Benjamin Aninakwa, 53, were convicted of health and safety offences in June when an Old Bailey jury found they did not do enough to prevent Ms Figueiredo's death.
NELFT was fined £565,000 and Aninakwa must also complete 300 hours of unpaid community service.
This article contains material that some may find distressing.
If you are affected by any of the issues raised in this story, support and advice is available via the BBC Action Line.
The hospital had previously acknowledged the risk to patients of keeping bin bags on the ward and they were subsequently taken out of patient bedrooms.
However, despite warnings from Ms Figueiredo's family, they were not removed from the communal toilet, which was left unlocked.
The Old Bailey judge, Richard Marks KC, described the former head girl as a ""beautiful vibrant young woman"" who was ""hugely talented"" and had an ""extremely"" attractive personality.
He said: ""Her death at such a young age in the circumstances in which it occurred is a terrible tragedy.""
He added that there had been a ""complete failure to adequately assess and manage the risk"" of keeping bin bags in the toilet cubicle.
Judge Marks also said Aninakwa had failed to address ""major concerns"" of Alice's mother which should have ""rung major alarm bells"".
And he said it was ""lamentable"" that previous self-harm attempts by Ms Figueiredo were not recorded.
Addressing Aninakwa, Mr Marks said: ""Whilst you regret Alice's death you have no real insight into what you did wrong.
""I find the fact you clearly remain in a state of denial very troubling.""
Aninakwa, who still works at NELFT, has said he plans to appeal against his conviction of failing to take reasonable care for the health and safety of patients.
Earlier, Ms Figueiredo's mother Jane Figueiredo said the family had been treated with ""dismissive contempt, belittling and playing down"" their ""well-founded"" concerns about her daughter's care.
In a victim impact statement, she told the court: ""Such attitudes go against everything patient care stands for in our NHS.""
She said her daughter had been treated by some staff with ""unkindness, harshness, indifference, ignorance, even at times cruelty"".
She described her daughter as a ""uniquely beautiful, brave, affectionate generous, kind, colourful, creative and luminous spirit"".
She said: ""The impact of Alice's untimely, preventable death on every aspect of my life and our life as a family has been immeasurable.""
Chief executive of the trust, Paul Calaminus, told the BBC that following the sentencing, he had written to the Figueiredo family to arrange a personal apology.
He said NEFLT was ""deeply sorry, both Alice's untimely death and for everything that her family and friends have had to endure over the last decade"".
He added a ""huge amount"" of work had been done to improve patient care, but he warned that the fine may impact on services.
Ms Figueiredo was first admitted to the Hepworth Ward in May 2012 with a diagnosis including non-specific eating disorder and bipolar affective disorder.
During her time on the acute psychiatric ward, the trust failed to remove plastic items from the communal toilets or keep them locked.
She had used plastic from the toilets to self-harm on at least 10 previous occasions.
However, the court heard of eight more incidents involving similar materials before Ms Figueiredo took her own life.
The investigation into Ms Figueiredo's death began in 2016, but charges were not brought until September 2023.
Following the seven-month trial, the trust was cleared of the more serious charge of corporate manslaughter, while Aninakwa was cleared of gross negligence manslaughter.
In addition to the fine, the trust has been ordered to pay £200,000 in costs.
Listen to the best of BBC Radio London on Sounds and follow BBC London on Facebook, X and Instagram. Send your story ideas to hello.bbclondon@bbc.co.uk"
BBC News,'There was a state of terror': Sudan hospital worker describes fleeing before alleged massacre,https://www.bbc.com/news/articles/cqx31ezjr04o?at_medium=RSS&at_campaign=rss,"""I have lost the people whose faces I used to see smiling,"" says Abdu-Rabbu Ahmed after escaping el-Fasher.","Tue, 11 Nov 2025 17:17:34 GMT",https://www.bbc.com/news/articles/cqx31ezjr04o#0,,www.bbc.com,2025-11-11T22:16:00.171870+00:00,"'There was a state of terror': Sudan hospital worker describes fleeing before alleged massacre
A man who escaped the last functioning hospital in the Sudanese city of el-Fasher before a reported massacre by paramilitary troops says he has lost all hope and happiness.
""I have lost my colleagues,"" Abdu-Rabbu Ahmed, a laboratory technician at the Saudi Maternity Hospital, told the BBC.
""I have lost the people whose faces I used to see smiling... It feels as if you lost a big part of your body or your soul.""
He was speaking to us from a displaced persons camp in Tawila some 70km (43 miles) to the west of el-Fasher, the regional hub which was taken over by paramilitary Rapid Support Forces (RSF) in the last week of October after an 18-month siege.
The RSF has been fighting the Sudanese army since April 2023, when a power struggle between their leaders erupted into a civil war.
The alleged killings of at least 460 patients and their companions at the Saudi Hospital were one of the most shocking among widespread accounts of atrocities - some of them filmed by RSF fighters and posted to social media.
In a statement of condemnation, the World Health Organization (WHO) said it was ""appalled and deeply shocked"" by the reported shootings, and by the abductions of six health workers - four doctors, a nurse and a pharmacist.
The RSF has dismissed the accusations as disinformation, declaring that all of el-Fasher's hospitals had been abandoned. It disputed the claims by filming a video inside the hospital grounds showing female volunteers tending to patients.
A freelancer based in Tawila gathered interviews for the BBC.
Mr Ahmed told him he had carried on working at Saudi Hospital since the beginning of the war, despite regular shelling by artillery, tanks and drones - which destroyed parts of the buildings and injured doctors and nurses as well as patients.
Medical staff used to share what little food was available as the RSF blockade tightened, he said, sometimes working without breakfast or lunch.
Most of them fled when the paramilitary fighters launched their final assault.
""The shelling started around six in the morning,"" Mr Ahmed said.
""All civilians and soldiers headed out towards the southern side. There was a state of terror, and as we walked, drones were bombing us. And heavy artillery too - I saw many people die on the spot, there was no-one who could save them.""
Mr Ahmed said some of the fleeing medical workers arrived with him in Tawila, but many were detained in locations north-west of the city, naming the Garni area, the villages of Turra and Hilla al-Sheikh and the town of Korma.
Some were transferred to Nyala, he said, the RSF's de facto capital in South Darfur.
""This is the information I received from colleagues we know,"" he told the BBC, saying that he later heard medical staff who remained at the hospital were executed.
Mr Ahmed also lost much of his family: a sister and two brothers were killed that day, and his parents are missing.
""I am very worried about the fate of the people inside el-Fasher,"" he added.
""They may be killed. And they may be used as human shields against the [Sudanese air force] airstrikes.""
Accounts of the alleged hospital massacre were reported by two Sudanese doctors' groups, citing sources on the ground, and an el-Fasher activist network.
Yale University's Humanitarian Research Lab said satellite imagery corroborated the reports, apparently showing blood on the ground and white grouped objects that looked like bodies in the hospital compound.
In a satellite image from 1 November, the white objects are seen being placed at an area that had been dug within the compound of the hospital. In a subsequent one, taken on 6 November, these objects are seen charred and with smoke still rising from the area.
BBC Verify has authenticated footage filmed at the nearby University of El-Fasher's Faculty of Medical Laboratory Sciences: it shows bodies lying on the floor and an RSF fighter shooting one of the men still alive.
A spokesman for the Sudan Doctors Network, Dr Mohamed Elsheikh, told the BBC this building was being used as an extension to the Saudi hospital for wards and patients.
He went on to explain that the RSF had been demanding ransoms for the release of the abducted health workers.
""The six kidnapped doctors or medical staff, one of them, his family, managed to pay the ransom equivalent to $30,000 [£23,000], and he arrived safely to Tawila town,"" said Dr Elsheikh, now working for the NHS in the UK.
""The other was executed,"" he added, saying the group has no information on the fate of the remaining four.
Back in Tawila, Mohamed Abdu-Teia, who had been a patient at the Saudi Hospital when the RSF closed in, can do little else but lay on the ground with his leg in a tattered cast.
It was broken in a shelling attack, he tells the BBC, but he managed to flee the city on foot the morning of the final RSF assault.
Like many other men suspected of being soldiers, Mr Abdu-Teia was stopped at the Garni checkpoint and interrogated, he says. The two men with him were taken, but the RSF let him go.
""They didn't beat me, but they questioned me a lot, because of my injury, I think. They said: 'We know you are a soldier, but you're finished - you will die on the road. So just go.""
Mr Abdu-Teia says the RSF brought some medicine to Garni but ""the injuries were too many - two or three people died every hour.
""The same day we arrived, vehicles came and took people to unknown places. Any young man who looked physically OK was taken.""
He managed to get a lift to Tawila from ""people who had cars"". They charged passengers 500,000 Sudanese pounds ($830, £630) and turned on wi-fi hotspots so they could call their families to transfer money, he said. ""We left with them - we had nothing, not even plans.""
Many children arrived at the Tawila camps without parents. Fifteen-year-old Eman was one of them.
Her father was killed in a drone strike in el-Fasher, she told the BBC, and her mother and brother were detained by the RSF as they fled.
""Whoever did not die, [the RSF] ran them over with vehicles,"" she said. ""They took our belongings and told us all of you are soldiers. They beat my brother and choked him with a chain.
""They wanted to beat my mother. She told us: 'Go, I will come to you.' We got into a vehicle and left. They did not allow my brother to get into the vehicle. We left them behind.""
Eman escaped but saw other girls and women who did not.
""They took some women. They took them in their vehicles and stabbed some of them with knives. Some were taken while their mothers couldn't do anything.""
Female survivors have told horrific stories of gang rapes and the abduction of young girls.
Another teenager on her own, 14-year-old Samar, said she had lost her mother in the chaos at the Garni checkpoint, and her father was arrested.
She was told he was taken to the Children's Hospital in el-Fasher.
That building had reportedly been serving as an RSF detention centre, and it is where the Yale researchers also said satellite images showed evidence of killings: apparent clusters of bodies as well as earth excavations that could have been a mass grave.
The RSF has issued videos to counter these allegations, declaring that the Children's Hospital in el-Fasher is ready to receive patients.
One shows a man dressed in a blazer standing outside its gate with a group of what appear to be doctors in hospital scrubs.
""These medical personnel and cadres, they are not hostages,"" the man in the blazer says. ""We are not taking them as war hostages. They are free. They are free to practise medicine.""
Another man in the video, who introduces himself as Dr Ishaq Abdul Mahmoud, associate professor of paediatrics and child health at el-Fasher University, says: ""We are here to help any person in need of medical service.
""We are out of politics. Whether soldiers or [civilians] we are ready to help them.""
Dr Elsheikh of the Sudan Doctors Network dismisses the RSF videos as propaganda.
And Mr Ahmed, the Saudi Hospital laboratory technician in Tawila, knows what he has seen, and he has seen too much.
""I do not have any hope of returning to el-Fasher,"" he says.
""After everything that happened and everything I saw. Even if there was a small hope, I remember what happened in front of me.""
Mohamed Zakaria is a freelance journalist from Darfur based in Kampala
Additional reporting by BBC Verify's Peter Mwai
More BBC stories on the Sudan crisis:
Go to BBCAfrica.com for more news from the African continent.
Follow us on Twitter @BBCAfrica, on Facebook at BBC Africa or on Instagram at bbcafrica"
BBC News,Hamas fighters trapped in tunnels present new obstacle to Gaza ceasefire progress,https://www.bbc.com/news/articles/c8912d7jxl2o?at_medium=RSS&at_campaign=rss,Mediators are trying to negotiate the exit of scores of fighters believed to hiding in a southern area of Gaza under Israeli control.,"Tue, 11 Nov 2025 18:16:47 GMT",https://www.bbc.com/news/articles/c8912d7jxl2o#0,,www.bbc.com,2025-11-11T22:16:01.226569+00:00,"Hamas fighters trapped in tunnels present new obstacle to Gaza ceasefire progress
US President Donald Trump's envoy and son-in-law, Jared Kushner, returned to Israel on Monday, as mediators face a new obstacle in their efforts to advance negotiations on the fragile Gaza ceasefire deal to the next and more complex phase.
Key sticking points remain unresolved, including Hamas's disarmament, the reconstruction and future governance of Gaza, and the deployment of an international security force to the territory.
Without a timeline for the discussions, which are likely to require significant concessions from both Israel and Hamas, there are doubts that any progress can be achieved.
Another challenge has emerged recently, involving scores of Hamas fighters believed to be in tunnels beneath the southern city of Rafah behind the so-called ""Yellow Line"", which marks the area under Israeli control.
Last week, US special envoy Steve Witkoff said an amnesty could be offered for fighters who laid down their arms, and that this could be a ""model"" for what Washington hoped to apply in the rest of Gaza.
Witkoff said 200 fighters were trapped, although this number has not been confirmed.
According to media reports, Kushner and the Israeli Prime Minister, Benjamin Netanyahu, discussed the issue during a meeting in Jerusalem on Monday.
Hamas has previously said the fighters will not surrender and demanded that they are given safe passage, which has so far been rejected by Israel.
An Israeli government spokeswoman said Netanyahu and Kushner had ""discussed phase one, which we are currently still in, to bring our remaining hostages, and the future of phase two of this plan, which includes the disarming of Hamas, demilitarising Gaza, and ensuring Hamas will have no role in the future of Gaza ever again"".
The war in Gaza was triggered by the Hamas-led attack on southern Israel on 7 October 2023, when about 1,200 people were killed and 251 others were taken hostage.
Since then, more than 69,000 people have been killed by Israeli attacks in Gaza, according to the Hamas-run health ministry, whose figures the UN considers reliable.
The first phase of the ceasefire, which came into force last month, focused on halting the war, returning all hostages, and securing a surge in humanitarian aid into Gaza.
Twenty living hostages and the remains of 24 deceased captives have been released, with four bodies remaining in Gaza.
In return, Israel has freed 250 Palestinian prisoners from its jails and 1,718 detainees from Gaza who were being held without charge or trial. It has also handed over the remains of 315 Palestinians from Gaza.
Both Israel and Hamas have accused each other of violating the truce, with Israel saying Hamas has deliberately delayed the return of the remains of hostages and Hamas saying that Israel has killed at least 240 Palestinians and is restricting the entry of aid supplies.
Hamas has previously rejected disarmament, saying it would only do so once a Palestinian state has been established. Israel refuses any involvement in the governance of Gaza by the Western-backed Palestinian Authority, which is the body that governs parts of the occupied West Bank. Countries are reluctant to commit troops to the multinational force without clear goals, concerned that their soldiers might end up confronting fighters from Hamas and other Palestinian factions.
The Israeli military currently occupies 53% of Gaza's territory and is expected to withdraw further in the next stage of the plan.
With no indication of imminent advances in the negotiations, a de-facto partition of Gaza between the area controlled by Israel and another ruled by Hamas was increasingly likely, sources told the Reuters news agency, with talks about reconstruction apparently likely to be limited to the Israel-controlled territory.
Arab countries have already expressed concerns that the current separation could become a permanent partition of Gaza.
The Trump plan does not include a pathway to Palestinian statehood - a concept which Israel rejects."
BBC News,Catherine and Queen lay Armistice Day wreaths as nation pays tribute,https://www.bbc.com/news/articles/cj41g5w0vgno?at_medium=RSS&at_campaign=rss,The Queen and the Princess of Wales have joined services to mark Armistice Day in the UK.,"Tue, 11 Nov 2025 12:18:04 GMT",https://www.bbc.com/news/articles/cj41g5w0vgno#0,,www.bbc.com,2025-11-11T22:16:02.279417+00:00,"Catherine and Queen lay Armistice Day wreaths as nation pays tribute
The Princess of Wales and the Queen have joined services to mark Armistice Day in the UK as events took place around the world.
Catherine stood at the ceremony at the National Memorial Arboretum in Staffordshire, where the Last Post signalled the start of a national two-minute silence at 11:00 GMT to mark the end of World War One.
Queen Camilla was at Paddington Station in London for the wreath-laying ceremony, having travelled by train.
The Prince of Wales has also delivered a video message to young people, sharing his views on the importance of wearing a red poppy and to say that ""remembrance is for everyone"".
It was the first time Catherine had attended the service at the National Memorial Arboretum.
She laid a wreath in the centre of the armed forces memorial, watched by a crowd which included veterans and their families.
Catherine appeared to take a moment of reflection before returning to her seat where she bowed her head as the crowd prayed for those who had been affected by conflict.
The Prince of Wales' message was a virtual event for children between nine and 14 in the UK.
In it he says: ""When we remember, we connect with service in a personal way.
""We learn from the courage of others, and we carry their stories forward, so they are not forgotten.
""It's not just about the past - it's about shaping who we become in the future.
""Remembrance teaches us empathy, resilience and responsibility.
""And when we wear a red poppy or take a moment of silence, we are saying, 'Thank you. We have not forgotten, and we will not forget'.""
Meanwhile, the service in Staffordshire featured the reading of a specially- commissioned poem by the arboretum's poet in residence, Arji Manuelpillai.
""A Sonnet For Us All captures the stories etched into the hundreds of memorials within the National Memorial Arboretum, it invites people to listen, reflect and consider the emotion that was the inspiration for these sculptures,"" Mr Manuelpillai said.
""These human connections, and the gentle responsibility to carry love forward, are themes that resonate not only with me, but also with HRH The Princess of Wales, for whom the importance of service and compassion lies especially close to the heart.""
Queen Camilla joined commuters on the 09:28 train from Chippenham in Wiltshire to Paddington where a service was held for service personnel and their families.
Later on Tuesday, William will join the King and Queen at Windsor Castle where a reception will honour veterans who served in the Pacific during the Second World War.
The event, which the Duke of Edinburgh and the Duchess of Gloucester will also attend, continues the commemorations for the 80th anniversary of VJ Day - or Victory over Japan Day.
Elsewhere around the world French President Emmanuel Macron attended a wreath-laying ceremony in the Champs-Elysees in Paris to mark the signing of the armistice at the 11th hour of the 11th day of the 11th month.
Meanwhile the Princess Royal is in Australia, visiting Brisbane's Galipolli Barracks where she laid a wreath.
Along with her husband, Sir Timothy Laurence, Princess Anne also met current and former armed forces and their families."
BBC News,More than 90 prisoners freed by mistake since April,https://www.bbc.com/news/articles/ce3xe57v7kvo?at_medium=RSS&at_campaign=rss,"The government publishes new figures for England and Wales, as it faces pressure over accidental releases.","Tue, 11 Nov 2025 17:47:35 GMT",https://www.bbc.com/news/articles/ce3xe57v7kvo#0,,www.bbc.com,2025-11-11T22:16:03.723819+00:00,"More than 90 prisoners freed by mistake since April
A total of 91 prisoners were freed by mistake between April and October this year, according to new government figures.
The data for England and Wales was published by the Ministry of Justice, as ministers face pressure over accidental releases after a number of high-profile cases in recent weeks.
Justice Secretary David Lammy told MPs the figures were ""symptomatic of a prison system under a horrendous strain"", saying the Labour government had inherited a ""crisis"" from the Conservatives.
But shadow justice secretary Robert Jenrick said ""the confusion created by Labour's botched early release scheme"", which was brought in to ease prison overcrowding, was partly to blame.
The number of accidental releases has been increasing in recent years.
A total of 262 prisoners in England and Wales were freed by mistake in the 12 months to March, according to the latest annual figures, up 128% from 115 the previous year.
The latest data released by the Ministry of Justice covers a seven-month period between 1 April and 31 October.
The department said the figures cover any prisoner who is released when they should have remained in custody, where the individual or a third party did not deliberately play a role in the error.
It said the data was not directly comparable to annual figures, with the possibility of seasonal effects on releases and late recordings.
The department added that figures for recent months could change over time and in the past revisions ""have tended to be upwards"".
Giving a statement to the House of Commons after the figures were released, Lammy said: ""I'm clear that we must bear down on these numbers, which are symptomatic of a prison system under a horrendous strain.""
He told MPs the number of frontline prison officers had been cut by a quarter between 2010 and 2017, leaving fewer experienced staff.
""Unsurprisingly, mistakes happen in those circumstances,"" he added.
Lammy said the prison release process needed ""a radical overhaul"" and ""only technology will fix this issue over time"".
He set out a number of actions the government was taking, including:
- A team of data scientists to review historic accidental releases and understand systemic issues
- Up to £10m over six months for new AI tools to help reduce human error and upgrade ""archaic"" paper-based systems
- A new urgent courts hotline so prison staff can quickly check for outstanding warrants before offenders are released
- Simplifying release policy to standardise how cases are treated
It comes after the government launched an independent review of accidental releases, which is expected to report back in February next year.
In his statement, Lammy also gave more details about three prisoners released by mistake who are still at large.
The first was in jail for failure to surrender to the police and was released in error in December 2024.
The second was in prison for a drug offence and released in error in August 2024, while the third was in prison for aggravated burglary and released in error in June 2025.
One is a foreign national offender and the other two are British.
Lammy said His Majesty's Prison and Probation Service was also investigating a further case of a potential release in error on 3 November, who may still be at large.
Conservative shadow justice secretary Robert Jenrick accused Lammy of presiding over ""a complete and utter farce"", saying he had ""literally lost track of how many prisoners he's lost"".
""The public are being put at risk,"" he said, adding that Lammy must ""get a grip or go"".
Jenrick, who had called for the latest figures to be released, said Lammy had to be dragged ""kicking and screaming"" to make them public.
He sought to blame Labour's early release scheme for creating ""confusion"" and contributing to the rise in prisoners being released by mistake.
The emergency scheme, which was introduced after prisons almost reached full capacity, allows some inmates to be released after serving 40% of their fixed-term sentence, rather than the usual 50%.
However, Lammy said the move was needed because the Conservatives had not built enough extra prison places when the party was in government.
Last week it emerged that two men had separately been released by mistake from HMP Wandsworth in the space of one week. Both men are now back in custody after police manhunts.
It came after migrant sex offender Hadush Kebatu, who arrived in the UK on a small boat, was mistakenly released from HMP Chelmsford in Essex last month.
Kebatu, who has now been deported, was living in an asylum hotel when he sexually assaulted a 14-year-old girl in Epping, triggering protests which spread across the country.
Sign up for our Politics Essential newsletter to keep up with the inner workings of Westminster and beyond."
BBC News,"Nurses penalised for complaining about trans woman in changing room, tribunal told",https://www.bbc.com/news/articles/cly4wnkvy9jo?at_medium=RSS&at_campaign=rss,Closing submissions are being made in an employment tribunal brought by eight female nurses.,"Tue, 11 Nov 2025 17:42:17 GMT",https://www.bbc.com/news/articles/cly4wnkvy9jo#0,,www.bbc.com,2025-11-11T22:16:04.781344+00:00,"Nurses penalised for trans complaint, says lawyer
NHS bosses ""penalised"" female nurses complaining about a transgender woman using their changing room, an employment tribunal has been told.
Eight nurses are challenging a policy which allows the single-sex room at Darlington Memorial Hospital to be used by Rose Henderson, a biological male who identifies as a woman.
In closing submissions, the nurses' barrister said they had suffered indirect discrimination, harassment and victimisation due to County Durham and Darlington NHS Trust's Transitioning In The Workplace policy.
The trust said the nurses had ""demonised"" Rose and the policy conformed with guidance and laws at the time.
Speaking to the BBC afterwards, the nurses said it had been ""very stressful"" but they had still gone to work as patients were ""the most important"".
The tribunal in Newcastle has heard Rose, an operating department practitioner, had used the changing room since 2019 before complaints were first made by female nurses from the day surgery unit (DSU) in August 2023.
The trust's policy allowed a person to use the single-sex space that conformed with their gender identity, and anyone of that sex who objected could change elsewhere.
Some 26 nurses signed a letter complaining of Rose's use of and conduct within the changing room, with Rose telling the tribunal the allegations, which included staring at women getting undressed, were ""false"".
In his closing submission to the tribunal, the nurses' barrister Niazi Fetto KC said the policy was ""unjustifiably treated as sacrosanct"" by managers and ""prescribed the disadvantageous treatment of biological females"".
He said the claimants' complaints about the ""harmful effects"" were ""shunned and ignored"" before the nurses were ""penalised and buried"" in an ""oppressive and ineffectual investigation process"" carried out by the trust.
- Staff object to trans nurse using changing rooms
- Nurse says trans colleague sparked abuse flashback
- Trans row nurses advised to change elsewhere
- Trans medic used female changing room for years
Mr Fetto said the policy allowed people access to single-sex spaces ""based on self-declared gender identity alone"" and there was no consultation with staff about its implementation.
The trust was prioritising the right of trans people over the women's ""right not to have to change in front of a member of the opposite sex"", Mr Fetto said.
The trust converted a storage room adjoining a meeting area into a changing room for those women who did not want to share the female-only space with Rose, but that was ""wholly inadequate and unsafe"", Mr Fetto said.
He said there was ""no right in law"" for a person with the ""protected characteristic of gender reassignment to use a single-sex changing room corresponding with their adopted gender"".
Mr Fetto also said the words ""men"" and ""women"" referred to in regulations were based on biological sex, as confirmed by the UK Supreme Court earlier this year.
He said multiple women had complained of Rose's conduct in the changing room and it ""defies belief"" that every claimant was ""mistaken, lying or making it up"", adding there was a ""high level of corroboration"" from ""diverse sources"".
The trust's response was ""determinedly not to grapple with the substance"" of the complaints while at the same time ""trivialising them and stigmatising those who raised them"", Mr Fetto said.
Simon Cheetham KC, for the trust, said the nurses' ""central issue"" was Rose using the changing room which meant they had ""chosen to interpret"" anything Rose or the trust did ""in a negative way"" and through a ""negative prism"".
""Their single-minded pursuit of this issue has clouded their judgement,"" Mr Cheetham said, adding Rose's ""very presence was seen as provocative"".
He also said the nurses' decision to speak to the media was ""unattractive"" and they had made repeated allegations without ""cogent evidence"" and disclosures about Rose's private life, which had led to Rose being publicly cast as a ""highly predatory character"".
Mr Cheetham said the nurses' treatment of Rose had been ""unkind and unjustified"", with their allegations about conduct ""exaggerated"".
The nurses had unnecessarily ""demonised"" Rose and were fighting a ""public campaign"" about policy and the ""trust's treatment of them as a group of women"", Mr Cheetham said.
He said staff were only given access to single-sex spaces if they had ""declared they were living their life fully in that gender"", which was a ""higher threshold"" than the nurses claimed.
Mr Cheetham said the policy also ""accorded with relevant legislation and guidance at the time"".
He said the trust had some 8,000 employees and had to balance the ""competing"" rights of those with the ""protected characteristics"" of biological sex and gender reassignment.
Mr Cheetham said the ""reality"" the trust faced at the time was that there were various sets of guidance that were ""not consistent"" with each other.
The tribunal judges will make their judgement on a future date but said it was unlikely to be reached before Christmas.
After the tribunal, nurses Lisa Lockey, Bethany Hutchison and Karen Danson said it had been ""very stressful"" and ""all consuming"" but they hoped the judges would find in their favour.
Ms Lockey said the nurses had felt ""totally ostracised"" since raising their complaint, adding the trust's policy had ""just seemed completely unreasonable"".
She said it was ""frustrating"" waiting for national guidance to be confirmed, adding: ""We are kind of in limbo.""
Ms Lockey said they had continued to work which had been ""uncomfortable"" at times, not knowing who was supporting them, but they had to ""maintain a professional outlook with everybody"" and ""do your job"".
She said the nurses were there to help patients and they were ""the most important"".
Ms Hutchison said she hoped more people would ""stand up"" against the ideology behind the policy, adding: ""It's now time for people to raise their head above the parapet and speak out against this.""
Rose was approached for comment through the NHS trust but did not wish to speak."
BBC News,'This animal spared my life': Biologist bitten in head by shark hopes to meet it again,https://www.bbc.com/news/articles/cj0ep00g3ydo?at_medium=RSS&at_campaign=rss,"Despite having worked with sharks for 30 years, Mexican Mauricio Hoyos never thought he would encounter one so close up.","Tue, 11 Nov 2025 15:56:32 GMT",https://www.bbc.com/news/articles/cj0ep00g3ydo#1,,www.bbc.com,2025-11-11T22:16:05.830632+00:00,"'This animal spared my life': Biologist bitten in head by shark hopes to meet it again
Mauricio Hoyos still remembers the pressure that the jaws of a female Galapagos shark, over 3m (10ft) in length, exerted on his skull.
The animal had lunged at him with astonishing speed, giving him barely enough time to duck his head in a last ditch effort to protect his jugular vein.
""When it closed its jaw, I felt the pressure of the bite, and then, after what I think was a second, it opened it again and it let me go,"" Hoyos told BBC Mundo from his home in Baja California, Mexico, a little over month after surviving the incident.
Hoyos, a marine biologist with over 30 years of experience studying sharks in their natural habitat, was on a research trip in Costa Rica when he was attacked by the shark in September.
Less than two months on, and still bearing the scars from the attack on his face, he describes his recovery as ""incredible"" - and says he even hopes to encounter his assailant again.
For Hoyos, what happened to him that day in the waters off Cocos Island is the result of normal animal behaviour when confronted with a perceived threat.
""In this case, this bite was like a dog's,"" he says.
""Have you ever seen how dogs, when another dog gets too close, throw a quick bite? It doesn't hurt it, but it calms the other dog down.""
Hoyos - who along with his colleagues attaches acoustic tags to sharks to help pinpoint their mating and spawning grounds as part of his work - was alerted to the shark's presence in the water by tourists.
It was at a depth of 40m, and Hoyos told the captain of the boat he was on that he would be there ""for a maximum of five minutes"".
He then entered the water and began his slow descent.
Hoyos recalls encountering the shark: ""This giant female, measuring between 3 and 3.5m (11.5ft), swam by and headed toward the bottom, and I positioned myself to tag her at the base of her dorsal fin.""
But Hoyos, who has tagged many kinds of sharks in his decades-long career, says this animal reacted differently to others.
""Obviously the tip - the metal tip attached to the cable hanging from the probe - goes in, and unlike the other sharks I've tagged that immediately flee, she turns around and stares at me,"" he recalls.
""I saw her little eye looking at me, and I saw her very calmly turning around.""
Hoyos says he held the shark's gaze as it swam away - but then, suddenly, out of nowhere, it lunged at him.
""I lowered my head, and what I felt was its lower jaw digging into my cheek and its upper jaw into my head. I was there, I imagine for a second, no more, inside its jaw, and then it simply opened it again.""
""When it closed it, I felt the pressure of the bite, and then it just let me go,"" he marvels.
The Galapagos shark's 29 serrated teeth not only left Hoyos with deep wounds to his face and head, but also severed the air line of his diving apparatus.
He had survived the shark attack but was still in mortal danger.
In addition, one of the teeth had torn his diving mask, and the blood-tinged water was further blurring his already limited visibility.
""When I realised that no air was coming out of the hose, I grabbed a second one we have, which we call an octopus, that is used to give air to someone else if they need it,"" he tells BBC Mundo.
""But then I realised that the regulator wasn't working and was blowing air instead of regulating it, so I had to remember my training and start regulating it with my lips.""
Bleeding, blinded, and with the air escaping, Hoyos calculated that he had less than a minute to reach the surface.
""Since I couldn't see anything, what I did was look for the light that I knew was the surface. I started swimming upwards, in a very coordinated manner, because I wanted to avoid erratic movements that would attract the shark.""
After Hoyos reached the surface, a young man pulled him aboard the boat, and when the captain saw his condition, he called the park ranger station to report the incident.
Hoyos explained that he didn't feel the pain of his injuries until much later.
""Obviously, I had adrenaline in my system, but the bite didn't hurt that much. What hurt the most was the impact: when the shark bit me - an animal 3m long and at that speed - it was like being hit by a car. In fact, I ended up with a huge bruise all over my jaw; I thought it was broken.""
When they docked, a team of paramedics was ready to provide him with emergency care.
Hoyos was lucky: as well as surviving the attack and the subsequent ascent, none of his wounds became infected, and the healing process took less time than anyone could have imagined.
""The doctors told me it was amazing: the attack happened on 27 [September], I had a 34-hour trip, they performed a surgical debridement [removing damaged tissue], and two days later they were already evaluating whether they could perform reconstructive surgery.""
It could have been far worse for Hoyos. According to the doctors, a young man who survived a Galapagos shark attack in the same area in 2017 had to remain in a hyperbaric chamber for almost a month because his wounds weren't healing properly.
""They told me my recovery had been incredible. After the surgery, the doctors confessed how worried they had been about an infection, because being on my face, it was a direct path to the brain.""
Smiling broadly, Hoyos adds that he is already planning to get back into the water and has a diving trip booked for 14 November.
And he says that after having survived an attack of this magnitude he has even more respect for the animals he studies.
""Many people think the oceans would be better off without sharks, but they really say that because they don't understand the crucial role sharks play in maintaining their delicate balance.""
Pointing to the large scar on his cheek, he says: ""This is the proof that this female spared my life; I can't put it any other way. And this will allow me to continue speaking well of sharks and advocating for their conservation in the future.""
Meanwhile, the Galapagos shark that had Hoyos in its jaws continues its natural life in the depths, and he hopes to see it again. And since he was able to mark it before it attacked him, that possibility exists.
""In January I'm going to Cocos Island, we have a trip from the 20 to 27. And obviously I'm going to Roca Sucia [where the attack happened], I'm going to dive down there,"" he says, undeterred."
BBC News,I'm a Celebrity... Get Me Out of Here! confirms 2025 cast,https://www.bbc.com/news/articles/ckgk4x3ne1wo?at_medium=RSS&at_campaign=rss,"Kelly Brook, Ruby Wax OBE and Jack Osbourne are among the celebrities braving the jungle this year.","Tue, 11 Nov 2025 12:56:44 GMT",https://www.bbc.com/news/articles/ckgk4x3ne1wo#1,,www.bbc.com,2025-11-11T22:16:07.317243+00:00,"I'm a Celebrity... Get Me Out of Here! confirms 2025 cast
TV personality Jack Osbourne, comedian Ruby Wax and model and presenter Kelly Brook are among the celebrities who will brave the Australian jungle in the forthcoming series of I'm a Celebrity...Get Me Out of Here!
Other famous faces include former Lioness Alex Scott, Emmerdale actress Lisa Riley and Spandau Ballet bassist Martin Kemp.
Rapper Aitch, social media personality Morgan Burtwistle, who is known as Angryginge, EastEnders' actress Shona McCarty and comedian Eddie Kadi round out the list.
The line-up was confirmed just a few days before the 25th series begins on Sunday at 2100.
Kelly Brook
The model and Heart radio presenter has previously declined invitations to appear in the show but now feels she's ready, having already gone outside her comfort zone to run the London Marathon and take part in the BBC's Celebrity Race Across the World.
Unlike Race Across the World, though, she'll be taking on the jungle solo, without husband Jeremy at her side.
""On Race Across the World, I had Jeremy who was really the driving force behind it. He kept me going and not having his support is going to be difficult,"" Brook said.
""I will have to do this on my own two feet. It's the longest we will have been apart, but we are seeing it as a hiatus from married life!""
And like most, she's not looking forward to the eating trials: ""I have got to see it as good protein,"" she joked.
Ruby Wax
US comedian Ruby Wax has boldly declared that she isn't afraid of anything ahead of going into the jungle.
She's interviewed dozens of celebrities over the years on her hit 90s BBC show, When Ruby Wax Met..., including Pamela Anderson, Sarah Ferguson and the now US President, Donald Trump.
Wax said: ""I am most looking forward to mingling and finding out about everyone. I do it naturally.
""I won't be interviewing, because I hope they ask me questions. There is nothing more boring than someone who doesn't ask you anything!""
She added that she wants to ""show people I'm not aggressive. I was stereotyped during my career.""
Martin Kemp
Spandau Ballet star and actor Kemp follows in the footsteps of his presenter son Roman, who took part in I'm A Celebrity in 2019 and came third.
Explaining why he was happy to move some of his DJ gigs to take part on the show, the pop legend said: ""I've had to cancel some jobs but when Roman was on I'm A Celebrity…, I was addicted.
""I watched it every day and enjoyed it so much. I felt it was now time in my life for an adventure.""
He added he would be a soothing presence in the camp: ""I'm a calm person and I am quite laid back so when people do get flustered or are missing home, I will be a good person to come to.""
But fellow camp mates will have to smuggle in their ear plugs, as Kemp admitted he is a snorer.
Jack Osbourne
Jack Osbourne is entering the jungle with full backing from his famous mum Sharon and sister Kelly.
He said they will be tuning in and said they have told him they hope the experience will take his mind off things, after his dad Ozzy died earlier this year.
Having fronted the show Adrenaline Junkie in the past, we're expecting big things from Osbourne in the trials, or at least the physical ones.
""Heights do not bother me at all, because I have been climbing for years and I've done some pretty sizable routes – so it's not a problem for me. But I'm not really great with bugs.""
Aitch
The Mancunian rapper - whose real name is Harrison Armstrong - is already a big fan of the show.
""On a personal Harrison level, this show is something I grew up watching in our house. It would almost be disrespectful to say 'no'. Why would I not do it?"" he said.
But he added that he also had another reason for taking part.
The star has a sister with Down's syndrome called Grace, and has previously released a song about her titled My G.
""On an Aitch level, I feel like I have got this calling to raise awareness for Down's syndrome and I feel that's the perfect place.""
Alex Scott
Former pro footballer and now pundit and presenter, Scott said her sporting career will put in good stead for the show's infamous trials.
""At first I kept over thinking about what everybody else would think, but this is an amazing opportunity to test myself,"" she said. ""I am super competitive – but with myself and not other people.""
She said the hardest part about doing I'm A Celebrity is making sure she doesn't let her shyness get the better of her.
Scott said that aside from her family and partner, singer Jess Glynne, the things she will miss most in the camp will be her ""hair stuff, custard creams and bourbons"", adding: ""I love a cup of tea with a biscuit.""
Angryginge
The content creator, who has more than three million followers on social media, unsurprisingly is concerned about how he is going to cope in the jungle without his streaming devices.
He said: ""My whole life is spent on the phone. I've been away once for a week. And so, two to three weeks without it is going to be very educational to see how I will do!""
Angryginge, whose real name is Morgan Burtwistle, said camp mates will be hoping he isn't put on chef's duty, as he confesses he can't cook.
""If I am the chef, they are going to be in big trouble!""
Shona McGarty
The actress is best known for her previous role as Whitney Dean in EastEnders.
She is going to miss something a little offbeat when she lands in the jungle.
""I wear headphones at night and I listen to serial killer documentaries. I don't know what that says about me, but it helps me to sleep randomly. Someone will have to tell me a scary story to get to sleep!"" she joked.
McGarty said she's looking forward to people seeing a different side to her following her role in Albert Square.
""Everyone expects me to wear massive gold hoop earrings and have a ponytail whilst eating chicken nuggets! But I am nothing like that. I'm looking forward to using this experience to be completely myself, which nobody has seen.""
Eddie Kadi
BBC Radio 1Xtra presenter Eddie Kadi said he's embarked on intermittent fasting in the weeks before heading to Australia, so he can get used to the strict diet.
""I have never camped outside before either and the closest thing I have come to this is a walk in Kew Gardens!"" he said.
It's not his first foray into reality TV, although this experience will be quite different to Strictly Come Dancing, which he took part in two years ago.
In 2020, he made history as the first black British comedian to headline the O2 arena.
Lisa Riley
Emmerdale star Lisa Riley is also a Strictly alumnus, having taken part in the show in 2012.
Now she's dancing into the jungle.
The soap star said: ""They have asked me to be in it numerous times before – but now I've finally said 'yes'.
""The reason is I'm going to be 50 next year, it's thirty years on and off playing Mandy Dingle in Emmerdale and ten years of being sober. It's like a big baguette where everything I wanted was in it.""
We're not sure she'll manage to avoid all of her worst fears, however.
Riley revealed: ""I'm petrified of rats, confined spaces and the dark."""
BBC News,Ros Atkins on... how the BBC is run,https://www.bbc.com/news/videos/cgkz6epkmy8o?at_medium=RSS&at_campaign=rss,The BBC's analysis editor looks at how the organisation works - to understand why two bosses quit over the weekend.,"Tue, 11 Nov 2025 20:53:57 GMT",https://www.bbc.com/news/videos/cgkz6epkmy8o#1,,www.bbc.com,2025-11-11T22:16:08.399587+00:00,"Ros Atkins on... how the BBC is run
As the fall-out from the resignation of both the BBC’s Director-General and CEO of News continues, Analysis Editor Ros Atkins examines how the organisation is governed and why the role of the BBC Board is crucial to this story.
Produced by Katerina Karelli. Graphics by Mesut Ersoz and Leo Scutt-Richter."
BBC News,"The WW1 piper who marched through gas, bullets and bombs to save his regiment",https://www.bbc.com/news/articles/ckgk057ly30o?at_medium=RSS&at_campaign=rss,Daniel Laidlaw was awarded the Victoria Cross for his bravery in the face of battle.,"Tue, 11 Nov 2025 06:16:28 GMT",https://www.bbc.com/news/articles/ckgk057ly30o#1,,www.bbc.com,2025-11-11T22:16:09.867502+00:00,"The WW1 piper who marched through gas, bullets and bombs to save his regiment
There were many acts of courage in World War One but few could match that of piper Daniel Laidlaw.
Armed with just a set of bagpipes, the Scotsman played his way into danger when his regiment was in chaos and panic.
His quick-thinking rallied the troops of the Kings Own Scottish Borderers at the Battle of Loos in France.
And his bravery was rewarded with the highest military honour in battle - the Victoria Cross (VC). But now there are calls for him to be honoured with his own statue.
The year was 1915 and Laidlaw's frontline unit was trapped in No Man's Land.
Poison gas had drifted into the trench and bullets from German machine guns flew overhead.
In an incredible moment of valour, within the chaos and madness, Laidlaw tore off his own gas mask, climbed up on the parapet and started playing the pipes.
As the notes of the regimental march Blue Bonnets Over the Border played out, the soldiers rallied and pushed on with the attack against the enemy.
Laidlaw only stopped playing when he was wounded for the second time.
Ultimately, the attack failed, but Laidlaw was awarded the VC for his efforts. Only three pipers have ever been given the honour.
'Coolness and disregard for danger'
The citation for Laidlaw's award appeared in the London Gazette on 18 November 1915.
It said: ""For most conspicuous bravery prior to an assault on German trenches near Loos and Hill 70 on 25th September 1915.
""When the attack was about to commence, Piper Laidlaw, seeing that his company was somewhat shaken from the effects of gas, with absolute coolness and disregard of danger, mounted the parapet, marched up and down and played the company out of the trench.
""The effect of his splendid example was immediate, and the company dashed out to the assault.""
An estimated 30,000 Scots from 45 battalions fought at the Battle of Loos and about 7,000 were killed.
Piper Laidlaw was born at Little Swinton in Berwickshire in 1875 and had been in the Army throughout his 20s and 30s, serving in India.
When World War One broke out he re-enlisted in The King's Own Scottish Borderers.
At the foot of the village's war memorial there is a commemorative plaque in his memory - something that was done across the country for all winners of the VC.
Now there is a growing call for something more to remember the brave piper.
His great grandson has joined a campaign to erect a stature in Laidlaw's honour in his hometown and to create a lasting piping legacy in his name.
Kevin Laidlaw grew up hearing tales of his decorated great grandfather.
""It's great to know there's a lot of people out there that Piper Laidlaw means something to. Obviously I grew up with the story and it's quite personal to me,"" he said.
He recalled being shown his great-grandfather's medals and eventually developed the thirst for more knowledge.
""As a teenager I realised what a Victoria Cross actually is and I read up much more about it and asked my dad about it and you realise he was a bit of a hero.
""All the family is very proud of him indeed, its a unique story.""
He added: ""I think it would be great to see him remembered and I think it's also an insight into Piper Laidlaw and why he was there.""
Laidlaw's medals are on display at the National Museum in Edinburgh.
His bagpipes are at the King's Own Scottish Borderers regimental museum in Berwick.
Susan Higgins is the curator there and she backs the celebration of his bravery.
She said: ""At that time when there was chaos, gas, bombardment all around and people were panicking and feeling lost, they didn't know what to do.
""It was just so wonderful that he chose that tune that he knew people really identified with to calm them and rally them.""
After the war, Daniel Laidlaw struggled to deal with the fame and celebrity that came with his Victoria Cross.
For many years he struggled to find work and could not settle down.
Eventually he moved to Norham in Northumberland, just across the Scotland-England border.
He worked as a sub-postmaster and died in 1950, at the age of 74.
As well as a memorial, there are also plans for a scholarship in Laidlaw's name to encourage the next generation of pipers.
Piper Kevin McLean said: ""I think the whole story of Laidlaw is so inspiring. If that gets one kid into playing pipes, I've done a great job.""
Pipers are no longer allowed to lead men into battle. Daniel Laidlaw was one of the few to survive.
And people who remember his amazing feat are determined to make sure he is remembered."
BBC News,Nearly all NHS England trusts failing to hit cancer target - find out how yours is ranked,https://www.bbc.com/news/articles/cgjdpqvpj3lo?at_medium=RSS&at_campaign=rss,Experts say patients are being harmed by cancer diagnosis and treatment delays.,"Tue, 11 Nov 2025 04:47:24 GMT",https://www.bbc.com/news/articles/cgjdpqvpj3lo#1,,www.bbc.com,2025-11-11T22:16:10.927005+00:00,"Nearly all NHS trusts failing to hit cancer target
Almost every hospital trust in England is failing to meet the key NHS waiting time target for cancer care, BBC analysis shows.
Just three trusts out of 121 in England are treating cancer patients quickly enough - within 62 days - with experts warning delays could be putting lives at risk.
The government accepted waits were too long, but said it was investing in the NHS to improve performance.
Research shows getting treatment quickly is crucial, with every four-week delay reducing patient survival by an average of 10%.
Dr Timothy Hanna, a leading global expert on cancer who led that research, said the BBC findings were ""worrying"".
""It's not a few outliers. It's the norm for trusts in England to not hit these waiting time targets and they are set for a reason - timely treatment can improve survival rates.""
Paul, who has stage three colon cancer, is one of many patients who has faced delays. His first biopsy was taken in January 2024 when cancer was suspected.
He did not receive any further contact from his cancer services, despite his best efforts, until January this year. He eventually had surgery on his colon in February.
“The waiting was horrendous and now I think that if I had been treated properly and not had to wait so long it wouldn't have progressed to stage three,” Paul said.
He is due to have further surgery next year.
Why hospitals are struggling
Hospitals say demand for testing and care is outstripping capacity.
The BBC has also been told about when things go wrong, including scanning and radiotherapy machines breaking down, GP referral letters being lost and staffing issues - which means appointments are cancelled at the last minute.
BBC Verify looked at performance across every major cancer service in England over the past 12 months – from September 2024 to August 2025.
There are targets for each part of the cancer journey. Hospitals should:
- diagnose or rule out cancer in 75% of cases within 28 days of urgent referral
- begin treatment in 96% of cases within another 31 days
- ensure the whole journey takes no longer than 62 days in 85% of cases
Nearly one in four trusts have been missing all three targets over the past 12 months.
Some of the major regional cancer hubs say they are struggling with inherited waits. Larger hospitals that offer specialist services often get complex patients passed on to them from smaller hospitals.
'We can't deliver care we want'
One service that is struggling with inherited waits is London's Royal Free NHS Trust, which is ranked 109 out of 121 for 62-day waits - although, like so many low ranking trusts, the performance is improving.
It acts as a specialist kidney cancer centre for patients across south-east England. And while it has some new equipment, including robotic surgery theatres, administration problems can result in operations being cancelled. The day before the BBC filmed a report at the hospital, the theatre sat empty as a patient had not received the letter confirming surgery.
Radiotherapy is another area the Royal Free wants to improve. One of its two machines is more than 10 years old - the age at which they should be retired because they become less efficient and less reliable.
Claire Hartill, head of radiotherapy at the Royal Free, said: ""We can't deliver the service we want to and it can cause delays to patient treatment.
""We need a newer machine – it delivers better treatment faster so means we can treat more people per hour.""
The trust submitted a business plan to the government earlier this year for funding to buy a new machine, but was turned down.
How best-performers are doing it
There are just three cancer services that are achieving the 62-day target over the past 12 months - Calderdale and Huddersfield, East and North Hertfordshire and Bolton NHS trusts.
Streamlined communication, state-of-the-art equipment and joined-up team work appear to be key.
Paul, who is in his 50s, was diagnosed with prostate cancer a few weeks ago at the Lister Hospital in Stevenage, part of East and North Hertfordshire NHS Trust.
On the day he was told his diagnosis he also met with a surgeon and an oncologist to discuss his treatment options.
His treatment choice was between a long course of radiotherapy or to have the prostate surgically removed.
Once he had made up his mind to have an operation, it was booked in. His procedure will be done using robotic surgery. It not only reduces side effects, but also helps speed up recovery.
Paul will only be in hospital for one night so the bed he uses will be free for another patient after only 24 hours.
""He [the surgeon] got his diary out, flicked through a couple of pages and gave me a date. I said, that's a Saturday. The surgeon said, yes, I work Saturdays,"" laughs Paul.
Over in the chemotherapy ward there are more steps being taken to ease capacity issues. A new initiative - one of the first in England - is allowing patients on certain types of chemotherapy to be taught how to do the treatment for themselves at home.
Josephine Hoskins is one of them. She has to have chemotherapy injections every three weeks and lives between London and Devon. ""It's revolutionised things for me,"" she said.
Moving patients like Josephine to 'at-home chemo' immediately opens up another slot for someone that needs more complex treatment.
'Determined to improve'
The government said it was determined to improve waiting times. A new cancer strategy is expected to be published by the government early next year. It comes after cancer was named as a ‘core priority’ in the 10-year NHS plan published in July.
A Department of Health spokeswoman said: ""Cancer care is a priority as we turn around more than a decade of neglect of our NHS.
""We're working at pace to ensure patients get timely diagnoses and treatment - building more community diagnostic centres, offering evening and weekend appointments and spending £70 million on new radiotherapy machines to get patients faster access to the tests, checks and scans they require.""
But Sarah Scobie of the Nuffield Trust health think tank believes ministers will struggle to address the problems highlighted by the BBC analysis.
""The reality for the government is that it will be incredibly challenging to make meaningful progress on waiting times when finances are so tight.""
About the data
BBC News analysed official cancer waiting time statistics from NHS England, covering the 12 months from September 2024 to August 2025.
The NHS publishes data monthly, but we have analysed the performance over the whole year.
We looked at performance by acute trusts against the three national targets. Non-cancer specialists such as eye or orthopaedic hospitals were excluded.
Trusts were ranked according to their performance on the 62-day measure, which covers the entire waiting time between urgent referral and starting treatment.
Additional reporting by Jess Carr and Muskeen Liddar"
BBC News,Four potential obstacles in House vote to end US shutdown,https://www.bbc.com/news/articles/cly4wxnxxj2o?at_medium=RSS&at_campaign=rss,"The spending plan may have passed the Senate, but it's not yet a done deal in the House.","Tue, 11 Nov 2025 13:25:16 GMT",https://www.bbc.com/news/articles/cly4wxnxxj2o#1,,www.bbc.com,2025-11-11T22:16:12.087939+00:00,"Four potential obstacles in House vote to end US shutdown
A day after the US Senate passed a spending bill to end the longest-ever government shutdown, the budget fight now moves to the House of Representatives.
The lower chamber of Congress is expected to vote this week on the funding measure.
Unlike in the Senate, if House Republicans stay united, they don't need any Democrats to pass the budget. But the margin for error is razor thin.
Here are four potential hold-ups for the budget, before it can clear Congress and land on the president's desk for signing into law.
Will House Republicans budge on healthcare?
A key sticking point throughout the shutdown has been a desire on the part of Democrats to attach to the spending bill a renewal of tax credits that make health insurance less expensive for 24 million Americans.
Senate Republicans instead only agreed to grant Democrats a vote in December on whether to extend the subsidies – something they had already offered weeks ago.
And House Speaker Mike Johnson would not commit on Monday to allowing a vote in his chamber on the tax credits.
This entails a fair degree of political risk for Republicans, however. If they torpedo the subsidies, health coverage premiums could rocket, handing Democrats a ready-made campaign issue for next year's midterm elections.
Marjorie Taylor Greene, a conservative Republican congresswoman from Georgia, has broken ranks with President Donald Trump to warn that her party must ensure health insurance premiums do not spike.
As the clock ticks down to the subsidies expiring by the end of December, Republicans are working out their plan.
They want income caps on who can receive the tax credits, and are proposing the tax dollars bypass insurance companies and go straight to individuals - although the details are unclear.
How intense will House Democratic opposition be?
Out of power in Washington, where Trump's Republicans control the House and Senate, Democrats appeared finally to have some political wind in their sails after a handful of election wins last week in Virginia, New Jersey and New York City.
But those victories, like the shutdown fight, have accentuated strategic tensions between the pragmatic and progressive, or left-wing, factions of the party.
The Democratic left is furious at defectors who voted with Senate Republicans to pass the budget on Monday, seeing this as a capitulation to Trump.
From that wing of the party, Senator Bernie Sanders of Vermont said giving up the fight was a ""horrific mistake"". California Governor Gavin Newsom called it ""surrender"".
Congressman Greg Casar of Texas, the chairman of the House Progressive Caucus, warned: ""A deal that doesn't reduce healthcare costs is a betrayal of millions of Americans counting on Democrats to fight for them.""
However, centrist lawmakers like Jared Golden of Maine, who represents one of the most conservative districts in the nation held by any Democrat, may cross the aisle.
Golden, who recently announced he won't run for re-election, is likely to vote for the package, his office indicated to Axios, a political outlet, on Monday.
Another moderate Democrat, Henry Cuellar of Texas, could help get the Republicans' spending plan over the line.
""It's past time to put country over party and get our government working again for the American people,"" he posted on social media on Sunday.
Do Republicans have the votes?
Republicans control the House, holding 219 seats against the Democrats' 213, but can only afford to lose two votes to pass the spending plan.
While most House Republicans are expected to support the funding package, given that Trump backs it, fiscal hawks in the party will raise objections.
Thomas Massie of Kentucky - who has repeatedly voted against such stopgap funding extensions - is expected to vote no.
The proposed deal would leave the federal government on a path to keep adding about $1.8tn (£1.4tn) a year to its $38tn of debt.
Rand Paul of Kentucky cited this spending glut as he became the only Republican in the Senate to vote against the budget.
The Senate plan would extend funding only until January, but the conservative House Freedom Caucus wants a budget that would last longer and do more to rein in spending.
Will travel chaos delay the return to Washington?
House Speaker Mike Johnson has kept the chamber out of session for the last seven weeks to focus pressure on Senate Democrats to make a shutdown deal.
Now he is urging lawmakers to start returning immediately to Washington with a vote set for Wednesday afternoon at the earliest.
But members of Congress face the same flight delays that have plagued other Americans during the spending impasse.
From Tuesday, the rate of reduction in US flights will increase to 6%. Cuts have been made as the nation's busiest airports reduce their capacity to cope with shutdown-related sickness by air traffic controllers, who have been working without pay during the shutdown.
Record-cold temperatures and heavy snow have also hit the Great Lakes region in the Midwest, adding to the delays."
BBC News,'Sea legs meant I couldn't bowl' - when England travelled to Australia by boat,https://www.bbc.com/sport/cricket/articles/crl24e8yjrzo?at_medium=RSS&at_campaign=rss,"Wonderful food, the Duke of Norfolk and Fred Trueman refusing to run laps - England's 1962-63 tour of Australia, the last time they travelled by boat.","Tue, 11 Nov 2025 06:42:37 GMT",https://www.bbc.com/sport/cricket/articles/crl24e8yjrzo#1,,www.bbc.com,2025-11-11T22:16:13.155595+00:00,"'Sea legs meant I couldn't bowl' - when England travelled to Australia by boat
- Published
- 164 Comments
From the Ashes is a series of features and podcasts which dig deeper into stories from cricket's fiercest and most legendary Test series. Full interviews can be found on BBC Sounds, building up to ball-by-ball coverage of the first Test between Australia and England in Perth on 21 November.
Distance is a huge part of the Ashes romance - cricket's oldest rivals separated by 10,000 miles; half the world away, the ultimate sporting pilgrimage.
Ben Stokes and his England class of 2025-26 experienced Australian hostility as soon as they touched down. The captain was splashed across the front page of The West Australian on his arrival in Perth.
At least Stokes and his men travelled down under in ultimate comfort - airport lounges, business class, beds in the sky (perhaps not restful for Mark Wood, a terrible flyer).
For England players of the past – and Australians travelling the other way – an Ashes trip was undertaken by boat, meaning weeks and weeks at sea.
The modern cricketer would probably baulk at the prospect. By contrast, David Larter, part of the last England squad to reach Australia by ship on the 1962-63 tour, had a ""dream"" experience.
""You enjoyed being on a huge ocean liner like that, and the life it afforded while you were on there,"" Larter, now 85, tells BBC Sport.
""The Marylebone Cricket Club, in their wisdom, paid for us to travel first-class. We got a mixture of old millionaires taking in a bit of sun, and us. It was out of this world.
""It was a time for bonding. By the time we got to Perth, we had a coherent unit, ready to move as one.""
Even the 1962-63 tour was not quite the gruelling expedition of previous Ashes journeys. The England squad flew part of the way, to Aden in Yemen, where they met their vessel The Canberra for the remainder of the trip to Perth. In Larter's words, that meant ""just"" 10 days on the high seas.
Larter was only 22 at the time. Standing at 6ft 7in, he was a bowler of lively pace, capable of extracting hostile bounce. He played in the last Gentlemen v Players fixture in the summer of 1962 and made his Test debut later that year against Pakistan.
It was only two years after Larter had made his first-class debut for Northamptonshire. Before then, he worked in an insurance office. He was the youngest member of a squad led by Ted Dexter and containing bona fide greats like Colin Cowdrey, Ray Illingworth, Fred Trueman and Brian Statham.
England were looking to win back the urn after being beaten 2-1 on home soil in 1961.
Almost unfathomably, with the first Test not beginning until 30 November, England gathered in London more than two months earlier, at the end of September.
First the plane, then the ship - surrounded in Aden by local traders looking to cash in on the tourists. In Larter's biography, written by Richard Sayer, there is a tale of former BBC cricket correspondent and Test Match Special doyen Brian Johnston joshing with one salesman by attempting to negotiate a price for one shoe, rather than the whole pair.
After launch there was the question of how to fill the days at sea.
""In my case, you eat,"" says Larter. ""Honestly, I've never had, either before or since, such a sustained spell of magnificent eating.
""The stewards loved us. They'd bring these great trolleys of wonderful food, and they knew we'd eat it.""
With copious amounts of food available and an Ashes series to prepare for, the players had to keep fit.
""We'd have an exercise session in the morning, then there were badminton courts netted off for us. We'd shove weights about, and jump up and down and things like that,"" says Larter.
The England management wanted to take things a stage further.
By chance, Dexter found that British athlete Gordon Pirie was on board. Pirie won 5,000m silver at the 1956 Olympics in Melbourne.
""He was invited to organise us,"" says Larter. ""He turned up with his shorts on and decided the best exercise would be running around the boat.
""It's quite a long way around one of those big boats, but I did what I was told.""
Not everyone in the touring party was as agreeable as Larter. Trueman, never shy of speaking his mind, had just bowled more than 1,100 overs in the English summer.
""Fred voiced an opinion which meant in no way was he running around,"" says Larter. ""That just wasn't what we did to get fit. To get fit, we played cricket.
""Fred said he'd just bowled all those overs in the season, and he wasn't going to run around a boat for anyone. The Gordon Pirie thing died off after that.""
For Larter, the trip was not just a first England tour, but a first time out of the country. On the upper deck he mixed with the wealthy travellers, lower down he encountered the Poms emigrating to a new life down under.
""We found the greatest reception came downstairs,"" he says. ""There were people emigrating or moving for all sorts of reasons. A lot of them were young, out to make new lives. It was interesting to meet them. There were more than a couple of decent bars and you could have a quiet pint.""
The journey was not a straight passage to Perth. Remarkably, England tuned up for a tour of Australia by hopping off in Sri Lanka to play a game in Colombo.
""We walked out on to the field and Ted Dexter said I would be opening the bowling,"" says Larter.
""I marked out a run, ran in, and fell flat on my face. A real sprawler. I picked myself up, went back, came in again and did the same thing.
""I'd lost my land legs. They weren't going where I wanted, because I'd been on the boat.
""Ted came across and said 'what's wrong?'. I said they don't work! He took me off. Barry Knight had to finish the over.
""We were entertained and looked after by the British Army. They put on a big barbecue on the beach for us. How do you get to that from a small town in Suffolk? On the beach in Sri Lanka with all of these nice people. It was an eye-opener, just being there.""
Another learning curve for Larter was his encounter with England's tour manager. In those days, the manager not only kept the players on the straight and narrow, but also acted as a figurehead. Tours were sociable occasions, with hands to be shaken and speeches to be made. The manager was often seen as an ambassador for the visiting team.
On the 1962-63 tour, the surprise choice for the role was Bernard Fitzalan-Howard, the 16th Duke of Norfolk.
""You had to respect the fact he was of royal descent,"" says Larter. ""You weren't cheeky to him.
""First thing in the morning, he was addressed as 'your grace'. If you were introducing him to anyone, it was 'his grace'. After that, for the rest of the day, it was 'sir'. There was that mark of respect, a bit like being in the forces. You knew who to salute, and who not to.
""He surprised us with his knowledge of the game. He was good at wanting to know about us and invited us all to dinner, two players at a time. Apart from that, his social movements were several scales above us.""
Not all of the touring party had a positive view of the Duke, whose presence added to a list of distractions in the eyes of Trueman. Among the playing squad was the Reverend David Sheppard, while Dexter's wife Susan, a model, was also on the trip.
""All that the newspapers and television programmes were full of was where the Duke's horses were running, where David Sheppard was preaching and what Mrs Dexter was wearing,"" bemoaned Trueman.
This week, England will play their one and only warm-up match before the upcoming series, a three-dayer against England Lions in Perth.
In 1962, England played nine matches in five different states across six weeks before the first Test began. In five months in Australia they played 22 matches on top of the five Tests, reaching all corners of the country.
Larter lapped up the Aussie lifestyle, living off his tour fee of £1,250 – worth more than £23,000 today.
""I got offered about three jobs, just by talking to people,"" he says. ""I nearly thought 'this is the place for me'. I almost moved there.
""There was never thought of a call home. I wasn't offered and I never thought of it. We'd get airmail and yesterday's Telegraph newspaper sent to the dressing room.
""We had Christmas dinner on the beach. That was surreal. How does an Englishman take his Christmas dinner on the beach? It was almost a surprise to us to find the Australians celebrated Christmas as much as we did, just in a different way.""
But Larter's Ashes was bittersweet. Despite appearing to have attributes that would suit Australian conditions, he did not play a Test, stuck behind established new-ball pair Trueman and Statham in the pecking order.
Though England went 1-0 up by winning the second Test in Melbourne, Australia hit back to level the series in the third Test in Sydney. Two more draws left the series level at 1-1, meaning the home side retained the Ashes.
It was ""depressing"" for Larter, though opportunity was still around the corner. Incredibly, England pressed on from Australia to New Zealand, stretching the tour to six months. Larter played in all three Tests, picking up seven wickets in the match in the series opener in Auckland. England won 3-0.
""I was really pleased to take a bagful of wickets,"" says Larter. ""It was almost 'that showed em'.""
By the time England returned home it was almost the end of March and the new county season was only weeks away.
Larter floated around the England team for the following three years, taking his total of Test caps to 10.
He was part of the squad for the following Ashes tour of Australia in 1965-66, this time a journey taken exclusively by plane. There was more disappointment on Australian soil. Larter suffered an ankle injury that would eventually end his career. It was another Ashes tour on which he did not play a Test.
He drifted away from the game, describing his feelings as ""anti-cricket"". Larter turned down coaching jobs to join his father's haulage business.
He now lives in mid-Wales with his wife Thelma. He has his ceremonial England cap on display and still has the team photo from the 1962-63 tour, along with some projector slides of images captured aboard The Canberra.
""It was an unbelievable experience,"" he says. ""I mean that in its proper sense. You couldn't believe it was going to happen, but it did.
""Apart from not playing, I had the time of my life. It was wonderful.""
'Without 2002-03 there was no chance of 2005'
- Published27 October
'Ball of the century? That was my job' - Ashes 'rhino' Harris
- Published7 days ago
The Ashes: Australia v England
21 November 2025 - 7 January 2026
In-play clips and highlights on iPlayer, BBC Sport website and app. Ball-by-ball commentary on BBC Sounds, BBC Radio 5 Sports Extra and the BBC Sport website and app, which will also have live text commentary and daily features and analysis
- Published16 August"
BBC News,Andrew shuts down Pitch@Palace business,https://www.bbc.com/news/articles/c5y0zl17g29o?at_medium=RSS&at_campaign=rss,The closure of the former prince's start-up competition Pitch@Palace marks his step away from public life,"Tue, 11 Nov 2025 17:15:18 GMT",https://www.bbc.com/news/articles/c5y0zl17g29o#3,,www.bbc.com,2025-11-11T22:16:14.432935+00:00,"Andrew shuts down Pitch@Palace business
Andrew Mountbatten-Windsor is closing down some of his last remaining known business interests, including Pitch@Palace Global Ltd.
Pitch@Palace was a Dragon's Den-style start-up competition where entrepreneurs could present their ideas to potential investors, and was once seen as a possible source of income for the former prince, after the King stopped supporting him financially.
A document announcing the application to dissolve the company was filed with Companies House on Tuesday, signed by the company's only director Arthur Lancaster.
Mr Mountbatten-Windsor and Mr Lancaster have been approached for comment.
The decision to close Pitch@Palace marks another phase in the former prince's retreat from public life, after intense scrutiny over his links to the convicted sex offender Jeffrey Epstein.
The pitching competition suspended operations in 2019, following an interview Mr Mountbatten-Windsor gave to BBC Newsnight, which led to him stepping down as a working royal and the removal of his royal titles.
The UK side of the business was wound up in 2021, but the international part, Pitch@Palace Global, remained open.
It became a further source of controversy when the founder of the Chinese arm of Pitch@Palace, Yang Tengbo, was accused of being a spy - which he denied.
A Dutch company, Startup Bootcamp, previously said it was interested in buying the business, issuing a press release saying it saw ""immense value"" in the former Pitch@Palace network. However, the deal unravelled earlier this year.
Most of the cash left on Pitch@Palace Global's balance sheet has been withdrawn in recent years. The latest set of accounts showed that it had just £10,965 left at the end of March, down from £220,990 the year before.
Mr Lancaster is understood to hold the shares in Pitch@Palace Global on Mr Mountbatten-Windsor's behalf. The latter is listed as a person with significant control under his former title, Prince Andrew.
Another company with links to the former Prince, Innovate Global Ltd, also began the process of closing down on Tuesday.
Arthur Lancaster is the sole director of this company, too, and he signed the application to strike the company off, according to documents filed at Companies House on Tuesday.
A plan to relaunch some of the international activities of Pitch@Palace under the brand Innovate Global was mentioned in a 2023 witness statement given by Mr Yang.
Mr Mountbatten-Windsor's name does not appear on the paperwork for Innovate Global Ltd. It has no employees and virtually no assets.
It was announced on Tuesday that Mr Mountbatten-Windsor's surname should be spelled with a hyphen.
Versions with and without the hyphen have been used in the past, but a 1960 Privy Council announcement used the hyphenated version, which will be used from now on."
BBC News,"Jilly Cooper died from head injury, says coroner",https://www.bbc.com/news/articles/cj6ngrydkj3o?at_medium=RSS&at_campaign=rss,"The popular author suffered the injury during a fall at her rural home, an inquest was told.","Tue, 11 Nov 2025 14:14:38 GMT",https://www.bbc.com/news/articles/cj6ngrydkj3o#3,,www.bbc.com,2025-11-11T22:16:15.833940+00:00,"Jilly Cooper died from head injury, says coroner
Dame Jilly Cooper suffered a fatal head injury during a fall at her Gloucestershire home, an inquest was told.
The writer - known for her steamy romantic novels such as Riders, Rivals and Polo - was found by family at her home in Bisley at about 17:00 BST on 4 October.
Gloucestershire Coroners' Court was told Dame Jilly was initially alert and taken by paramedics to Gloucestershire Royal Hospital, but her condition deteriorated.
She died in hospital, with her family present, at 08.30 BST on 5 October.
Katy Skerrett, senior coroner for Gloucestershire, reached a conclusion of accidental death and said Dame Jilly, 88, died as a result of a traumatic subdural haematoma.
Ms Skerrett said Dame Jilly had been unable to give an account of what had happened, but it was believed she had fallen down a flight of stairs ""as there was a trail of blood"" in that area of her home.
An urgent CT scan revealed she had sustained a skull fracture.
""The medical opinion was that this head injury was unfortunately catastrophic and therefore likely a terminal event,"" Ms Skerrett added.
""She was made comfortable, her condition sadly thereafter deteriorated and she passed away in the emergency department with family present.""
In a statement, South Western Ambulance Service confirmed it had been called at 5.35 BST on 4 October and arrived at Dame Jilly's home about 20 minutes later.
Ms Skerrett said: ""The patient was able to speak to crew on arrival.
""She had no direct recollection of events prior. She was unsure how she had fallen. She had a vague recollection of falling down.""
Dr William Nattrass, Dame Jilly's GP for around 14 years, said that she had sustained two falls previously, in 2018 and September 2024.
""Despite slowing mobility, she was managing well and remained as bright and engaging as ever,"" he said in a statement read to the court.
The coroner said: ""The circumstances surrounding her tragic death were she had suffered an unwitnessed fall at her home address on 4 October. She fell, perhaps down some stairs, sustaining a significant head injury.
""There were no suspicious circumstances surrounding her fall. She passed away later, on 5 October, with family present.
""This is a case of accidental death, the accident being the unwitnessed fall by Dame Cooper at Dame Cooper's address, triggering the tragic events that thereafter followed.
""May this office extend their sincere condolences to Dame Cooper's family.""
Dame Jilly's novels often portrayed the scandals, sex lives and social circles of the wealthy horse-loving country set.
Rivals recently became a hugely successful TV series starring A-listers such as David Tennant and Danny Dyer.
When her death was announced by her children, Queen Camilla described the author as ""a legend"".
Follow BBC Gloucestershire on Facebook, X and Instagram. Send your story ideas to us on email or via WhatsApp on 0800 313 4630."
BBC News,Wolff to sell stake valuing Mercedes F1 at £4.6bn,https://www.bbc.com/sport/formula1/articles/c0exyd57lwpo?at_medium=RSS&at_campaign=rss,"Toto Wolff is in advanced talks to sell part of his shareholding in the Mercedes Formula 1 team, with the proposed sale valuing the team at a record £4.6bn.","Tue, 11 Nov 2025 21:03:31 GMT",https://www.bbc.com/sport/formula1/articles/c0exyd57lwpo#3,,www.bbc.com,2025-11-11T22:16:16.882660+00:00,"Wolff to sell stake valuing Mercedes F1 at £4.6bn
- Published
Toto Wolff is in advanced talks to sell part of his shareholding in the Mercedes Formula 1 team.
The deal values Mercedes at £4.6bn - a record for an F1 team - after McLaren were valued at £3.5bn in a change of ownership structure in September.
Wolff, who owns one-third of Mercedes F1, would sell a shareholding in the region of 5%.
The 53-year-old would stay on as team principal and chief executive officer if the sale goes through.
The deal was first reported by Sportico and BBC Sport has independently verified the information is accurate.
The other shareholders in the team are Mercedes and chemicals giant Ineos, who each also own a third of the company.
A Mercedes spokesperson said: ""We will be making no comment on this. The governance of the team will remain unchanged, and all three partners are fully committed to the ongoing success of Mercedes-Benz in Formula One.""
The deal would represent a significant increase in value of Mercedes F1 since Ineos bought its stake for £208m in 2022.
The rise reflects the growth in valuations of F1 teams in the past few years as a consequence of the increasing appeal of the sport around the world.
This was also seen in the success of the F1 movie starring Brad Pitt, which was released last summer and has grossed more than $630m (£458m) at the box office. It is Pitt's most successful film and the most successful sports movie.
Mercedes are second in the constructors' championship, behind McLaren, with three races remaining this season.
Their lead driver George Russell has won two of the 21 grands prix this year and is fourth in the drivers' championship behind McLaren's Lando Norris and Oscar Piastri, and Red Bull's Max Verstappen.
The team won a record eight consecutive constructors' championships and seven drivers' titles, six for Lewis Hamilton and one for Nico Rosberg, between 2014 and 2021."
BBC News,Asylum seekers can stay at Epping hotel after council loses legal battle,https://www.bbc.com/news/articles/c8x1wz8jz0yo?at_medium=RSS&at_campaign=rss,A council has lost its legal battle with the government in a landmark High Court ruling.,"Tue, 11 Nov 2025 13:55:28 GMT",https://www.bbc.com/news/articles/c8x1wz8jz0yo#3,,www.bbc.com,2025-11-11T22:16:17.967945+00:00,"Court rules asylum seekers can stay at Epping hotel
Asylum seekers can continue living at an Essex hotel after a council lost a landmark legal battle at the High Court to remove them.
Epping Forest District Council sought to block migrants lodging at The Bell Hotel in Epping by arguing its owner had flouted planning rules.
Mr Justice Mould dismissed the claim on Tuesday, ruling an injunction was ""not an appropriate means of enforcing planning control"".
A wave of protests were staged outside the hotel in the summer, following the arrest of an asylum seeker living there who was later jailed for sexual offences.
The judge said he accepted ""the criminal behaviour of a small number of individual asylum seekers"" housed at the hotel had ""raised the fear of crime"" among locals.
But he rejected the idea that hotel owner Somani Hotels had shown a ""flagrant or persistent abuse of planning control"".
It was also said there was a ""continuing need"" to house asylum seekers with pending asylum claims, ""so that the Home Secretary can fulfil her statutory duties"".
A judge previously awarded the council a temporary injunction in August, but this was later overturned at the Court of Appeal after the Home Office stepped in.
Its lawyers told the court that if Epping Forest District Council was granted an injunction to stop the 138 asylum seekers living there, it could encourage other local authorities to seek similar outcomes.
Tuesday's ruling then superseded this and became a final decision on the hotel's operation.
Reacting to it, the Conservatives said the court had given a ""slap in the face to the people of Epping"".
Shadow home secretary Chris Philp said: ""The people of Epping have been silenced in their own town.""
Ken Williamson, a cabinet member on Epping Forest District Council, said the authority had been ""outgunned by bigger and more powerful interests"".
""What we saw in court was an unholy alliance of lawyers for government and big business intent on protecting huge profits and an indefensible asylum policy,"" he added.
But a Home Office spokesman said the judgement allowed it to continue its work to close every asylum hotel in an ""orderly, planned and sustained programme"".
Enver Solomon, chief executive at the Refugee Council, added the government needed to take a different approach towards ensuring all hotels were closed next year and described plans to house people in military sites as ""unsuitable, isolating"" and ""expensive"".
Hadush Kebatu, an Ethiopian national who arrived in the UK on a small boat and was convicted of sex offences while living at the Epping hotel, was jailed for a year in September.
He had been released in error from prison and re-detained after a three-day manhunt - before his deportation in October.
Some of the protests outside The Bell Hotel following Kebatu's arrest turned violent - and three men were jailed in October for punching, kicking and pushing police officers.
Mr Justice Mould said earlier: ""The claimant's desire to find a swift resolution to the disruption to public order and the community tensions which followed the outbreak of street protests on 11 July 2025 was reasonable.
""It does not however follow that the solution lay in an application for an injunction.""
Philip Coppel KC, for the council, previously accused Somani Hotels of ""sidestepping"" planning laws when turning The Bell Hotel into asylum seeker accommodation.
He said the company was driven by ""the lure of a trove of government-funded profits"".
However, Home Office lawyer James Strachan KC told one of the hearings that block-booking rooms at The Bell Hotel ""does not change its use as a hotel"".
He argued that it was not in the public interest to grant an injunction, when considering ""the backdrop of multiple other local authorities seeking similar"" rulings.
The hotel has been housing asylum seekers in spells since May 2020, a service Somani Hotels claimed had been a financial lifeline.
It applied for planning permission for a ""temporary change of use"" in February 2023, but the High Court was previously told this was withdrawn after it had not been determined by April 2024.
Jenny Wigley KC, for Somani Hotels, told the hearing in October that there had been ""no breach"" of planning laws and described the council's decision-making process on this as ""seriously flawed"".
Follow Essex news on BBC Sounds, Facebook, Instagram and X."
BBC News,Reform calls for review into BBC and Plaid relationship,https://www.bbc.com/news/articles/ckgyyw8y5lgo?at_medium=RSS&at_campaign=rss,"Reform highlighted the party's leader and head of political strategy, both who worked for the BBC.","Tue, 11 Nov 2025 20:04:43 GMT",https://www.bbc.com/news/articles/ckgyyw8y5lgo#3,,www.bbc.com,2025-11-11T22:16:19.025266+00:00,"Reform calls for review into BBC and Plaid relationship
Reform UK has called for a ""review into the relationship"" between the BBC and Plaid Cymru.
Cai Parry-Jones, a Reform spokesman, highlighted Plaid's leader, Rhun ap Iorwerth, and director of political strategy, Aled ap Dafydd, both who previously worked for the BBC.
His comments came after Nigel Farage accused the broadcaster of left-wing bias because its interim director of nations, Rhuanedd Richards, is a former chief executive of Plaid.
Responding to Parry-Jones' comments, a BBC Wales spokesperson said: ""Our news teams in BBC Wales and across the BBC are completely committed to providing our audiences with fair and impartial coverage of all relevant political parties.""
Plaid Cymru did not wish to comment on the remarks.
Speaking to Newyddion S4C, Parry-Jones said ap Iorwerth had been ""chief political correspondent for BBC Wales for five years"", while ap Dafydd had ""been in a prominent role with the BBC and S4C's Newyddion"".
""I'm not saying this proves there is a institutional bias within BBC Wales for Plaid Cymru and against Reform UK, but… we need a review into this,"" he said.
The remarks come after the resignations of BBC director general Tim Davie and CEO of News Deborah Turness over an edit of a speech by President Donald Trump on the Panorama programme.
In a video message posted on X, Farage said: ""Rhuanedd Richards was the chief executive of Plaid.
""She worked during the Labour-Plaid coalition for the government of Wales.
""She's now a director of BBC Wales, on just over £190,000 a year.
""There is living proof that, right the way through to the top, the BBC is infected with left-wing bias.""
A BBC spokesperson said: ""Rhuanedd Richards has worked for the BBC since 2018 and has been director of BBC Wales since 2021. She is currently interim director for the nations.
""Rhuanedd has always been open about her career history and is wholly committed to upholding the impartiality of the BBC.""
Richards started her career as a journalist with BBC Wales and was Plaid's chief executive between 2011 and 2016.
She returned to the BBC in 2018, becoming director - or head of - BBC Wales in 2021.
She took up her current interim role in June this year.
Speaking in the Senedd on Tuesday afternoon, Welsh Conservative culture spokesperson Gareth Davies said that ahead of May's Senedd election it was ""imperative that our public service broadcaster in Wales is politically impartial and balanced, and that we can all have confidence that BBC Wales gives balanced coverage to all political parties"".
He added that it was ""right"" that Tim Davie and Deborah Turness had announced their resignations.
""The report by Michael Prescott uncovered a problem of institutional left wing bias in the BBC and he felt forced to leak the dossier since it was ignored by the BBC's board.
""So, it's essential that trust and accountability are restored in the BBC, and if similar problems exist at BBC Wales, that they are identified,"" Davies said.
In response, the Welsh government's business manager - the Trefnydd - Jane Hutt said the trust and accountability of the BBC ""is absolutely crucial"".
""We enjoy a very robust and strong relationship with our broadcasters here in Wales, and of course that is something that is very much important to us in terms of our democracy and our engagement as a Senedd,"" she said.
A spokesperson for BBC Wales said: ""Our news teams in BBC Wales and across the BBC are completely committed to providing our audiences with fair and impartial coverage of all relevant political parties.""
Earlier, responding to Nigel Farage's accusations that the BBC was infected with a left-wing bias, Rhodri Williams, former director of Ofcom in Wales, told BBC Radio Cymru's Dros Frecwast the claims were ""completely absurd and unfair"".
Speaking on BBC Radio Wales Breakfast, Prof Richard Tait, from Cardiff University as well as a former governor on the BBC board, said ""if you work for the BBC, people are going to look at where you previously worked"".
""I think sometimes it's quite oppressive, but the reality is that if you work for BBC you do have to be able to look the audience in the eye and say 'I'm neutral in these areas'.
""It's not so much what you have done privately or what you think privately that matters, it's what you do professionally.""
Mr Tait, who was also editor of BBC Newsnight and Channel 4 News and former chair of the BBC's editorial standards committee, said: ""The BBC is currently under so much fire that they can't really get on the front foot.
""What they have to do is persuade the audience, who in the main is still sympathetic to them, that they genuinely take impartiality as seriously as I know they do.""
President Trump has threatened the BBC with a $1bn dollar lawsuit over the Panorama programme.
The BBC's chairman Samir Shah apologised on Monday for Panorama's ""error of judgement"" saying splicing parts of Trump's speech together ""did give the impression of a direct call for violent action""."
BBC News,Vinted users outraged by sizing changes,https://www.bbc.com/news/articles/c87421v7lzro?at_medium=RSS&at_campaign=rss,The popular second-hand shopping app has changed how sizes are categorised.,"Tue, 11 Nov 2025 15:38:24 GMT",https://www.bbc.com/news/articles/c87421v7lzro#3,,www.bbc.com,2025-11-11T22:16:20.179983+00:00,"Vinted users outraged by sizing changes
Vinted users have been reacting angrily after an update resulted in items being listed as the wrong size.
The second-hand shopping app has revised its sizing categories for women's and children's clothes but did not contact all users about the change.
Many shoppers and sellers have taken to social media saying Vinted listings now show a different size category than originally posted because of the remapping, with one TikTok user describing the conversion as a ""nightmare"".
The company said in a post on its website that the new system was more in line with other platforms.
It has advised users to check their listings and manually change the size if necessary, which has left users frustrated.
Hannah-Abby, from Devon, told BBC News she was forced to switch her account to holiday mode, which suspends sales, because she did not have time to update all her listings.
""I think the whole thing just wasn't clearly thought through,"" she said.
""Most of my friends have also put their pages on holiday mode.""
The 35-year-old said she stopped buying clothes on Vinted recently, and is unlikely to return to the platform unless the sizing categorisation reverts to the original system.
She said it was ""really frustrating"" that she could not physically speak to a person at the company, which she described as being unacceptable.
'More accurate'
Vinted said it was changing the sizing system to make shopping on the app ""easier than ever"".
Vinted said the update applies only to UK members.
The company said: ""Now, the sizes you see on these listings will be more accurate, especially for items purchased from other countries or international brands.
Before the change, the sizes had both a single numeric size and a letter, for instance S/8 or M/10.
The new system has a letter and a range such as S/UK 8-10.
In some cases, the sizing has been recategorised - for example a size L used to be a 12 but is now a UK 16-18.
There are also different numeric size ranges, for instance an XXL/16 size has been changed to XXL/UK 24-26.
One X user wrote: ""Grouping the sizing like that is just stupid. It's going to make it twice as hard for buyers to find things in their size.
""Did anyone actually think this through?""
TikTok user Lisa described the update as confusing and time-consuming.
She said sellers with a lot of listings needed to manually edit every item to correct the sizing, which was unnecessary while other improvements suggested by users remain unaddressed.
""This is not a good change. In fact it's [going to] be an absolute nightmare if you have to go in and change all of your listings that you've already got.""
Frankie Bridger, who makes TikTok content about plus-size fashion, said the change ""makes both selling and buying harder"".
""Not many brands say XL is a 20-22,"" which is what Vinted now does, Frankie said.
""People have been asking Vinted for years to make the sizing separate, [with] one tag for letters and one for numbers.""
A Vinted spokesperson told BBC News: ""We've updated our size guidelines for women's and kids' clothing to make sizing more accurate across international brands.
""UK members will have received a message in their Vinted inbox with more details and you can also find full information on our help centre.""
Stephanie Gallen, from Glasgow, said garments she listed on Vinted with size 14 labels were appearing on the platform as size 20–22.
She told BBC News she contacted the firm to clarify whether this was an error but is yet to receive a response.
""If anyone [who is] size 20-22 buys them they're going to be very disappointed,"" she said.
Charlotte Lunn, from Derby, said she had been left angered by the change as she had to manually change the sizes on ""every single listing"".
""For me this is particularly frustrating, as I'm chronically ill and selling on Vinted has been paramount for me since losing part of my income,"" she said.
The app has more than 100 million users, including 18 million in the UK.
The Lithuanian business posted a profit for the first time last year.
It has proved a popular alternative to second-hand platforms like eBay and Depop.
This isn't the first time that an unexpected update to the app has proved unpopular: last year, Vinted reversed a change to its shipping options after backlash from users."
BBC News,Man dances for 144 hours to break video game marathon record,https://www.bbc.com/news/articles/cy8vwjp4jxyo?at_medium=RSS&at_campaign=rss,Szabolcs Csépe played Dance Dance Revolution for six days to secure his place in the record books.,"Tue, 11 Nov 2025 17:19:37 GMT",https://www.bbc.com/news/articles/cy8vwjp4jxyo#3,,www.bbc.com,2025-11-11T22:16:21.433010+00:00,"Man dances for 144 hours to break video game marathon record
A Hungarian man has set a new record for longest video game marathon by playing the rhythm-based music game Dance Dance Revolution for six days.
Szabolcs Csépe, from Budapest, bopped to over 3000 songs and burned more than 22,000 calories in his quest to romp into the record books.
The 34-year-old, known as GrassHopper on his gaming channels, said that preparation for the marathon took six months and included physical training, focusing on his ""legs and glutes"", as well a a diet plan.
""Playing DDR is always fun for me,"" he told BBC News, ""so this challenge was best described as tediously joyful"".
His feat has been officially recognised by Guinness World Records.
Dance Dance Revolution is a Japanese video game series which was first released to arcades in 1998.
Players stand on a dance platform or mat and hit coloured arrows with their feet, to score points in time with visual cues and the music from a catalogue of songs.
The series has spawned dozens of spin-offs in arcades and many more across home consoles.
The games have also become popular as a way to keep fit, featuring in UK and US school exercise programmes.
In 2004 the series was even recognised as an official sporting event in Norway.
More recently the game has grown in popularity in the esports community, with players across the world competing in official and fan-run tournaments.
Mr Csépe said he was inspired to try the challenge after watching the attempt of previous holder Carrie Swidecki, from the US, who spent a little over 138 hours playing Just Dance in 2015.
But the avid gamer, who works in IT engineering, had already broken several records before attempting this dancing feat.
In 2021, he achieved the longest videogame marathon playing a Naruto game (28 hr 11 min 32 sec playing Narutimetto Akuseru 2) and the longest videogame marathon playing a puzzle game (32 hr 32 min 32 sec playing Tetris Effect).
And in 2023, a 90-hour gaming session on Gran Turismo 7 earned him three more endurance-testing accolades, including the longest videogame marathon playing a racing simulator game.
Mr Csépe, who earned the nickname GrassHopper as a child because he was ""always jumping around"", told the BBC he had been playing Dance Dance Revolution for almost 20 years, but the marathon was far from a dance in the park.
Mr Csépe said he was allowed to have breaks ""through well-earned rest times"", with one hour of dancing earning him a ten minute break, which could be accumulated to allow him to sleep for an hour or two.
Despite the immense effort, the world record holder added that if the record got beaten in the future, he would ""certainly return"" to defend his dancing crown.
Sign up for our Tech Decoded newsletter to follow the world's top tech stories and trends. Outside the UK? Sign up here."
BBC News,BBC News app,https://www.bbc.co.uk/news/10628994?at_medium=RSS&at_campaign=rss,"Top stories, breaking news, live reporting, and follow news topics that match your interests","Wed, 30 Apr 2025 14:04:28 GMT",https://www.bbc.co.uk/news/10628994#4,,www.bbc.co.uk,2025-11-11T22:16:22.539646+00:00,"The BBC News app keeps you informed with live and breaking news you can trust
- Published
With the latest news and analysis from our journalists around the world and the unique human stories behind current events, we've got the best of our journalism in one place on the BBC News app.
Click here, external to download the BBC News app from the App Store for iPhone, iPad and iPod Touch.
Click here, external to download the BBC News app from Google Play for Android devices.
If you're outside the UK, you can download the BBC app here, external.
Features include:
News, features and analysis
Read top stories and breaking news
Watch live and developing news coverage
Get news and weather local to you
Follow news that's important to you
Get alerts for top stories
We would like to know what you think of the new app - click here to give us your feedback.
Depending on the contract you have, data charges may apply for accessing the internet on your mobile device.
If you are not sure about the potential charges, please ask your mobile network provider. You may find some costs are included in your existing price plan or that you can opt for a data package that gives reduced charges for accessing the internet.
The BBC does not charge you to access mobile content."
BBC News,Americanswers on 5 Live! Why is Donald Trump threatening to sue the BBC for $1 billion?,https://www.bbc.co.uk/sounds/play/p0mfxsk5?at_medium=RSS&at_campaign=rss,And how will the U.S. government shutdown end?,"Mon, 10 Nov 2025 20:07:00 GMT",https://www.bbc.co.uk/sounds/play/p0mfxsk5#5,,www.bbc.co.uk,2025-11-11T22:16:23.674928+00:00,"Episode details
News,10 Nov 2025,33 mins
Americanswers on 5 Live! Why is Donald Trump threatening to sue the BBC for $1 billion?
AmericastAvailable for over a year
President Donald Trump has threatened to sue the BBC for $1 billion over how the editing of his speech in a Panorama documentary, calling it ""false and defamatory"". The BBC chair Samir Shah has apologised for an ""error of judgement"" over the edit, and said the BBC was considering how to respond to Trump. Matt Chorley, Justin, Anthony and Marianna discuss what Trump actually said in his January 6th speech, Trump’s long battle with the mainstream media, and what this could mean for the BBC. We also look at the US government shutdown, Elon Musk launching a rival to Wikipedia, and whether a return of Barack Obama to politics could be possible. HOSTS: * Justin Webb, Radio 4 presenter * Anthony Zurcher, North America correspondent * Marianna Spring, Social Media Investigations correspondent GET IN TOUCH: * Join our online community: https://discord.gg/qSrxqNcmRB * Send us a message or voice note via WhatsApp to +44 330 123 9480 * Email Americast@bbc.co.uk * Or use #Americast This episode was made by Rufus Gray with Alix Pickles and Grace Reeve. The technical producer was Ben Andrews. The series producer is Purvee Pattni. The senior news editor is Sam Bonham. If you want to be notified every time we publish a new episode, please subscribe to us on BBC Sounds by hitting the subscribe button on the app. You can now listen to Americast on a smart speaker. If you want to listen, just say ""Ask BBC Sounds to play Americast”. It works on most smart speakers. US Election Unspun: Sign up for Anthony’s BBC newsletter: https://www.bbc.co.uk/news/world-us-canada-68093155 Americast is part of the BBC News Podcasts family of podcasts. The team that makes Americast also makes lots of other podcasts, including Newscast and Ukrainecast. If you enjoy Americast (and if you're reading this then you hopefully do), then we think that you will enjoy some of our other pods too. See links below. Newscast: https://www.bbc.co.uk/sounds/series/p05299nl Ukrainecast: https://www.bbc.co.uk/sounds/brand/p0bqztzm Radical: https://www.bbc.co.uk/sounds/brand/p0gg4k6r The Global Story: https://www.bbc.co.uk/sounds/brand/w13xtvsd
Programme Website"
BBC News,Will We See Trump v BBC In Court?,https://www.bbc.co.uk/sounds/play/p0mg2xlc?at_medium=RSS&at_campaign=rss,How likely is it that President Trump’s threat to sue the BBC will end up in court?,"Tue, 11 Nov 2025 17:59:00 GMT",https://www.bbc.co.uk/sounds/play/p0mg2xlc#5,,www.bbc.co.uk,2025-11-11T22:16:24.726323+00:00,"Episode details
Available for over a year
Today, will the BBC actually end up in court against President Trump? Where would a potential lawsuit by President Trump against the BBC take place? Is $1 billion dollars a realistic figure? What are the calculations both sides are making? Adam discusses with BBC home and legal correspondent Dominic Casciani. And, the rate of UK employment has risen to 5%, the highest level since the pandemic. Meanwhile, Keir Starmer has dropped the biggest hint yet he is about to scrap the two child benefit cap. Adam is joined by Henry and Dharshini. You can now listen to Newscast on a smart speaker. If you want to listen, just say ""Ask BBC Sounds to play Newscast”. It works on most smart speakers. You can join our Newscast online community here: https://bbc.in/newscastdiscord Get in touch with Newscast by emailing newscast@bbc.co.uk or send us a WhatsApp on +44 0330 123 9480. New episodes released every day. If you're in the UK, for more News and Current Affairs podcasts from the BBC, listen on BBC Sounds: https://bbc.in/4guXgXd Newscast brings you daily analysis of the latest political news stories from the BBC. The presenter was Adam Fleming. It was made by Jack Maclaren with Jem Westgate. The social producer was Sophie Millward. The technical producer was Ricardo McCarthy. The assistant editor is Chris Gray. The senior news editor is Sam Bonham.
Programme Website"
BBC News,The engrossing biopic of a Hollywood icon's early years,https://www.bbc.co.uk/iplayer/episode/m002m3tl/mr-burton?at_mid=FCqiGdjR3M&at_campaign=Mr_Burton&at_medium=display_ad&at_campaign_type=owned&at_nation=WLS&at_audience_id=SS&at_product=iplayer&at_brand=m002m3tl&at_ptr_name=bbc&at_ptr_type=media&at_format=image&at_objective=consumption&at_link_title=Mr_Burton&at_bbc_team=BBC,"Based on a true story, starring Toby Jones, Lesley Manville and Harry Lawtey","Mon, 10 Nov 2025 06:00:00 GMT",https://www.bbc.co.uk/iplayer/episode/m002m3tl/mr-burton?at_mid=FCqiGdjR3M&at_campaign=Mr_Burton&at_medium=display_ad&at_campaign_type=owned&at_nation=WLS&at_audience_id=SS&at_product=iplayer&at_brand=m002m3tl&at_ptr_name=bbc&at_ptr_type=media&at_format=image&at_objective=consumption&at_link_title=Mr_Burton&at_bbc_team=BBC#6,,www.bbc.co.uk,2025-11-11T22:16:25.785916+00:00,"- Home Mr Burton
Mr Burton
Watchlist
Audio DescribedSign Language
- More Like This
More Like This Episodes
- HarrietBe free or die trying. An extraordinary true story of courage, sacrifice and freedom1h 56m
- The Life and Death of Peter SellersNever judge a man by his cover. The comedic genius who could play anyone - except himself1h 54m
- The Tommy Steele StoryThe sensational success story of Britain's first rock 'n' roll teen idol1h 18m
- HattieWhat a carry on. How actress Hattie Jacques' home life was shattered by a secret affair1h 25m
- SelmaOne dream can change the world. Oscar-winning biopic of Martin Luther King's 1965 march1h 59m
- Hero: The Extraordinary Life of Mr Ulric CrossThe rise of a hero. Biopic inspired by the world-changing Trinidadian freedom fighter1h 46m
- Blinded by the LightFor anyone with dreams. A feel-good true story with words and music of Bruce Springsteen1h 49m
- OdetteAnna Neagle stars in a stirring spy drama based on a wartime heroine's true story1h 52m
- Burton and TaylorHollywood's glamorous, fiery stars - the celebrity 'it' couple, together one last time1h 22m
- A Song for JennyLove, tragedy and grief. A mother's story of losing her daughter in a terrorist attack1h 17m
- BabsFrom cockney kid to queen of soap, the inspiring, heartwarming story of Barbara Windsor1h 28m
- Fear of FannyJulia Davis stars as the culinary icon who whisked up a storm with her food and fashion1h 19m"
BBC News,Churchill faces his gravest dilemma,https://www.bbc.co.uk/iplayer/episode/m000j4wd/darkest-hour?at_mid=Vd0xZ0H89s&at_campaign=Darkest_Hour&at_medium=display_ad&at_campaign_type=owned&at_audience_id=SS&at_product=iplayer&at_brand=m000j4wd&at_ptr_name=bbc&at_ptr_type=media&at_format=image&at_objective=consumption&at_link_title=Darkest_Hour&at_bbc_team=BBC,Churchill must decide whether to negotiate with Hitler or fight for the greater good.,"Sat, 08 Nov 2025 20:01:03 GMT",https://www.bbc.co.uk/iplayer/episode/m000j4wd/darkest-hour?at_mid=Vd0xZ0H89s&at_campaign=Darkest_Hour&at_medium=display_ad&at_campaign_type=owned&at_audience_id=SS&at_product=iplayer&at_brand=m000j4wd&at_ptr_name=bbc&at_ptr_type=media&at_format=image&at_objective=consumption&at_link_title=Darkest_Hour&at_bbc_team=BBC#6,,www.bbc.co.uk,2025-11-11T22:16:26.845000+00:00,"- Home Darkest Hour
Darkest Hour
Watchlist
Audio DescribedSign Language
- More Like This
More Like This Episodes
- The MercyThe true story of Donald Crowhurst's bid to sail around the world. Stars Colin Firth1h 35m
- PersuasionLove lost, love regained. An adaptation of Jane Austen's heartfelt tale of second chances1h 42m
- RosalieA woman ahead of her time, in a world that wasn’t ready. Acclaimed historical drama1h 48m
- Northanger AbbeyRomance, mystery, and mischief — where Gothic fantasy meets Jane Austen charm1h 30m
- A Cock and Bull StoryBecause everyone loves an accurate period piece. Chaotic comedy starring Steve Coogan1h 31m
- MacbethOrson Welles' haunting retelling of Shakespeare's classic tale of treachery and murder1h 43m
- The Magnificent AmbersonsOrson Welles' acclaimed, moving portrayal of the changing fortunes of an American dynasty1h 24m
- As You Like ItRomance...or something like it. Kenneth Branagh in an adaptation of the Shakespeare play1h 59m
- Jane EyreA beautiful version of a Bronte classic. Starring Mia Wasikowska and Michael Fassbender1h 51m
- Romeo + JulietThe greatest love story the world has ever known. With Leonardo DiCaprio and Claire Danes1h 50m
- Mr Malcolm's ListFinding perfection can be… complicated. Regency rom-com with Freida Pinto and Sope Dirisu1h 49m
- Mrs DallowayA lifetime of lessons. Vanessa Redgrave in an adaptation of Virginia Woolf's classic book1h 33m"
BBC News,The little-known letters between Einstein and Freud,https://www.bbc.co.uk/sounds/play/m001tr2s?at_mid=1gnEePe6cS&at_campaign=Why_War_The_Einstein_Fraud_Letters&at_medium=display_ad&at_campaign_type=owned&at_nation=NET&at_audience_id=SS&at_product=sounds&at_brand=m001tr2s&at_ptr_name=bbc&at_ptr_type=media&at_format=image&at_objective=consumption&at_link_title=Why_War_The_Einstein_Fraud_Letters&at_bbc_team=BBC,Exploring the 1932 letters between Einstein and Freud on global peace and total war.,"Fri, 29 Dec 2023 17:00:00 GMT",https://www.bbc.co.uk/sounds/play/m001tr2s?at_mid=1gnEePe6cS&at_campaign=Why_War_The_Einstein_Fraud_Letters&at_medium=display_ad&at_campaign_type=owned&at_nation=NET&at_audience_id=SS&at_product=sounds&at_brand=m001tr2s&at_ptr_name=bbc&at_ptr_type=media&at_format=image&at_objective=consumption&at_link_title=Why_War_The_Einstein_Fraud_Letters&at_bbc_team=BBC#6,,www.bbc.co.uk,2025-11-11T22:16:27.889093+00:00,"Episode details
Radio 4,29 Dec 2023,28 mins
Why War? The Einstein-Freud Letters
Available for over a year
In 1932 the world-famous physicist Albert Einstein wrote a public letter to the founder of psychoanalysis, Sigmund Freud. Einstein, a keen advocate of the League of Nations and peace campaigner, asked Freud if he thought war and aggression was forever tied to human psychology and the course of international relations: could we ever secure a lasting world peace? Einstein’s letter is deeply prescient, as is Freud’s extraordinary response. The exchange was titled ‘Why War?’. The two thinkers explore the nature of war and peace in politics and in all human life; they think about human nature, the history of warfare and human aggression and the hope represented by the foundation of the League of Nations (precursor to the UN) and its promise of global security and a new architecture of international law. At the time of their exchange, Freud is in the last great phase of his career and has already introduced psychoanalysis into the field of politics and society. Einstein, the younger of the two, is using his huge international profile as a physicist for political and pacifist intervention. For Einstein, future world security means a shared moral understanding across the global order - that humankind rise above the ‘state of nature’ never to devolve into total war again. He wrote to Freud, as 'a citizen of the world…immune to nationalist bias...I greatly admire your passion to ascertain the truth. You have shown how the aggressive and destructive instincts are bound up in the human psyche with those of love and the lust for life. At the same time, you make manifest your devotion to the goal of liberation from the evils of war...’ Is it possible, Einstein asks Freud, to make us 'proof against the psychoses of hate and destructiveness?'. Freud's answer is fascinating and quite unexpected. The exchange of letters was sponsored by the International Institute of Intellectual Cooperation, an organisation promoting global security by using prominent thinkers, drawing on multiple fields of knowledge (from science to psychology, politics and law) to achieve a new language for international peace, following the lessons learned from the Great War of 1914-18. But even as Einstein wrote to Freud in the summer of 1932, the Nazi party became the largest political party in the German Reichstag. Both men felt a sense of apprehension about what was coming; both were pacifist, both Jewish, both would be driven into exile (both Einsteinian physics and Freudian psychoanalysis were denounced by the new regime). The letters were finally published in 1933 when Hitler came to power, suppressed in Germany, and as a result never achieved the circulation intended for them. Featuring readings from the Einstein–Freud letters and contributions from historians of warfare and psychoanalysis, war journalism and global security, this feature showcases the little-known exchange between two of the 20th century’s greatest thinkers, ‘Why War?’ – a question just as relevant in today’s world. Contributors include historian of war and peace Margaret MacMillan, BBC chief international correspondent Lyse Doucet, defence and security expert Mark Galeotti, historian of international relations Patrick O Cohrs, author Lisa Appignanesi, who has written on Freud and the history of psychoanalysis, and Faisal Devji, historian of conflict and political violence in India and the Middle East. Readings are by Elliot Levey (Einstein) and Henry Goodman (Freud) Produced by Simon Hollis A Brook Lapping production for BBC Radio 4
Programme Website"
BBC News,'VAR has to rein its neck in' - how I'd change football for the fans,https://www.bbc.com/sport/football/articles/c3ep2eve820o?at_medium=RSS&at_campaign=rss,"In his BBC Sport column, former Premier League manager Tony Pulis looks at which laws he would change in football.","Tue, 11 Nov 2025 22:00:26 GMT",https://www.bbc.com/sport/football/articles/c3ep2eve820o#7,,www.bbc.com,2025-11-11T22:16:28.941824+00:00,"'VAR has to rein its neck in' - how I'd change football for the fans
- Published
After more than 50 years involved in football - as a player, coach and manager in what I consider to be the greatest team sport in the world - I've witnessed many changes on and off the field.
There's a reason legendary former Liverpool manager Bill Shankly once proclaimed football was 'the people's game' - and that's because it belongs to the fans.
Today's supporters spend enormous amounts of their hard-earned money buying season tickets, and shirts for their children, and on travelling up and down the country to support their team.
That's why, when I was asked to give my views on what I would change to improve football today, I have not tried to reinvent anything. Instead, I wanted to focus on things that would benefit the fans.
My biggest issue is that referees and the VAR are becoming more important than the game itself.
So, for a start, VAR has to rein its neck in. Video assistant referees are here to stay, but we have to change the way they are being used.
'It's impossible not to notice referees'
Television has transformed our national game in the past few decades, markedly for the better.
It has pumped enormous amounts of money into facilities and enabled clubs to attract some of the most gifted players in world football, but it is the intensive TV coverage and its forensic analysis and wall-to-wall punditry debates that led to the birth of VAR.
VAR was brought in to rectify clear and obvious refereeing mistakes like Diego Maradona's infamous 'Hand of God' goal against England - or Thierry Henry's handball that led to France's decisive goal against the Republic of Ireland in a play-off for the 2010 World Cup.
If it was used in the right way - for incidents like those where there is absolutely no debate - VAR would be a wonderful invention.
But unfortunately we are witnessing a worrying trend that has to be challenged and, I believe, corrected.
In my day, referees were judged on whether you noticed them or not. Now it is impossible not to notice them - mic-ed up, with video recorders on their chest, and even making announcements to the crowd.
On top of that, the game is continuously stopped while phases of play are checked by VAR for even the minutest of incidents.
Everything is examined for infringements, meaning no goal can be celebrated unanimously any more until it has been cleared, with the dreaded checks by Stockley Park hanging over stadiums like a dark cloud.
The time it takes to make these calls one way or another is outrageous, to the degree I would say it is an affront to the game of football in this country.
'Give VAR two minutes to make a call'
How many times do we witness a referral, and immediately come to a conclusion ourselves after one viewing, only to have to wait an extra two or three minutes - or more - before the same decision is reached by VAR?
The first thing I would change is that any referrals to Stockley Park can last no longer than two minutes to look at any passage of play.
If it takes any longer to make a call, then it cannot be clear and obvious, which is meant to be the threshold in the first place.
Also, if the people in the booth cannot judge a decision in that time, then in my opinion they should not be there.
On that note, I would ensure that every booth also includes an ex-professional - a former manager, coach or player - as well as the replay operator, the VAR and assistant VAR. The professional might not be up to speed with the laws of the game but they would understand the game and how it's played.
As director of the Professional Game Match Officials Board (PGMOL), Howard Webb is the referees' chief. He works alongside Michael Owen on his own TV show, and former refs like Mike Dean and Dermot Gallagher do the same with ex-professional players on their own shows too.
They all seem to get on pretty well, so let's even it up and get a few ex-players and other professionals helping out with decisions during the game.
Time-keeping is another thing I'd change. I want every game to have a clock that can be stopped for injuries, VAR and excessive time-wasting - at the discretion of the referee.
Everyone in the stadium could then calculate how long there is to go in a game, with no more guessing about how many minutes will be added on at the end.
I used to laugh about this when I was with all the clubs I managed in the Premier League, because if we were beating the big teams there would always be more than five minutes - but if we were losing to them, it was always less than three.
'Make referees invisible again'
Referees are controlled and guided by governing bodies so they have to be held accountable for a lot of the above misgivings, but we have to get away from the situation we are in, where they have become too prevalent.
We need to find a way of making referees invisible again because, at the moment, we have a system that has turned officiating into nothing less than empire building, meaning you often hear more people talking about VAR and refereeing decisions than you do about goals scored or conceded.
I actually sometimes feel sorry for referees, because a lot of this has nothing to do with them. It is the amendments to the laws in recent seasons that have made decisions far more complicated than they should be.
For example, when Manchester City beat Liverpool on Sunday, the big talking point afterwards was Virgil van Dijk's disallowed goal.
With the old-school way that offside was decided, Andy Robertson was definitely offside because he was beyond City's backline. There is no doubt about that.
But the way the law reads now, with references to impacting on play, the line of sight or interfering with the goalkeeper, you can be deeper than the last defender and ruled onside.
Everything is too subjective to each individual incident, which means the referee's interpretation takes centre stage.
The same thing has happened with the law for handball. I don't think anyone really knows what handball is any more - there are so many variations to every decision, it makes it almost impossible for on-field referees or VAR to get it right.
Over-complicating things has taken the joy out of football, which I find ridiculous.
Let's make things simple again, so we can get our game back and start talking about goals again, not refereeing decisions.
Tony Pulis was speaking to BBC Sport's Chris Bevan."
BBC News,Webb backs officials over disallowed Liverpool goal,https://www.bbc.com/sport/football/articles/cp8er90j0veo?at_medium=RSS&at_campaign=rss,"Howard Webb insists it was ""not unreasonable"" for Virgil van Dijk's goal to be disallowed for offside against Manchester City","Tue, 11 Nov 2025 19:04:46 GMT",https://www.bbc.com/sport/football/articles/cp8er90j0veo#7,,www.bbc.com,2025-11-11T22:16:30.000197+00:00,"Webb backs officials over disallowed Liverpool goal
- Published
Premier League referees' chief Howard Webb says it was ""not unreasonable"" for Virgil van Dijk's goal to be disallowed for offside against Manchester City on Sunday.
Van Dijk thought he had equalised for Liverpool in the 38th minute, but referee Chris Kavanagh and his assistant Stuart Burt decided Andrew Robertson had committed an offside offence by ducking under the flight of the ball, which had impacted goalkeeper Gianluiga Donnarumma.
The Video Assistant Referee, Michael Oliver, checked the incident and supported the on-field call, with Manchester City going on to win the game 3-0.
On Monday, Liverpool contacted Professional Game Match Officials (PGMO) - the body that oversees refereeing in English professional football - to raise their concerns, as they believe the relevant criteria for the offence were not met and the goal should have been allowed.
Offside decision 'not clearly and obviously wrong'
Webb, speaking on the Match Officials Mic'd Up show, said that while he accepted there would be a difference of opinion, there were valid reasons for the goal to be ruled out.
""Interfering with an opponent where the offside position player doesn't play the ball and the officials have to make a judgment whether the actions of that player impact an opponent, are some of the most subjective decisions that we have to make,"" said Webb.
""Therefore, it's no surprise that some people believe this goal should have stood, so I think it's important that we look at the facts of what actually happened in this situation.
""We know the corner comes in and the ball reaches Van Dijk. As the ball's coming across the penalty area, the Manchester City players move out, they leave Robertson in that offside position in the heart of the six-yard box.
""When Van Dijk heads the ball forward, that's the moment when we have to make an offside judgment about Robertson and about what he's doing there.
""We know he doesn't touch the ball but what does he do? Well, as the ball moves towards him, three yards out from goal, right in the middle of the six-yard box, he makes that clear action to duck below the ball.
""The ball goes just over his head, and the ball finds the goal in the half of the six-yard box where he is. Then, the officials have to make a judgment - did that clear action impact on Donnarumma, the goalkeeper, and his ability to save the ball? And that's where the subjectivity comes into play.
""Obviously that's the conclusion they drew on that. They looked at that position, they looked at that action, so close to the goalkeeper, and they formed that opinion.
""I know that's not a view held by everybody but I think it's not unreasonable to understand why they would form that conclusion.
""The player is so close to the goalkeeper, the ball's coming right towards him and he has to duck to get out of the way of the ball - and they form the conclusion that that impacts Donnarumma's ability just to dive towards the ball and make that save.
""And then, of course, once they've made that on-field decision, the job of the VAR is to look at that and decide, was the outcome of offside clearly and obviously wrong?
""Only Donnarumma truly knows if he was impacted by this and, of course, we have to look at the factual evidence, and when we see that factual evidence of that position of the player ducking below the ball, so close to the goalkeeper, the VAR determines that the outcome of offside is not clearly and obviously wrong, and they stay out of it.""
'Not about the line of vision' - analysis
- Published1 day ago
Was it correct to disallow Liverpool equaliser?
- Published2 days ago
Webb explained that there were a number of issues that had to be weighed up by the officials.
""You do hear the assistant [on the VAR audio], in this case, talk about line of vision. I agree with you, the line of vision normally would relate to the view being blocked of the ball,"" he said.
""On that one, he does see the ball all the way, but the assistant also talks about other things, ducking below the ball, being close to the goalkeeper.
""Those in themselves can be enough to penalise a player for offside, [by] interfering with an opponent. Even if the keeper can see the ball coming all the way along, he's still in front of the goalkeeper, he still makes that ducking action that could still cause hesitation from the goalkeeper.
""Goalkeepers work on reactions that make it possible to pull out some incredible saves and that's the judgment formed on the field. So, [apart from] the line of vision, there's other aspects that can also say that this is an offside offence, and that's why the VAR left it alone.""
Liverpool boss Arne Slot had made comparisons to a goal scored by Manchester City at Wolves last season, which was initially ruled out for a similar offside against Bernardo Silva but given through a VAR review.
""I think there's a clear difference here in that the ball goes directly over the goalkeeper Jose Sa's head,"" Webb explained. ""It doesn't go over Bernardo Silva.
""Bernardo Silva is an offside position when John Stones heads the ball forward. Importantly, he moved to the left, away from the flight of the ball, and the ball goes straight over Sa, it doesn't go over the head of Bernardo Silva in the way that it went over the head of Robertson, who ducked below it.
""So, I think it's difficult here to see this and think in any way that Jose Sa is impacted by an action of Bernardo Silva. If the ball had gone over Bernardo Silva's head, maybe causing Jose Sa to hesitate in case it hits Bernardo Silva, then we'd come out with the same outcome of check complete on the on-field decision of disallowed goal."""
BBC News,'Written in the stars' - but Earps expects Man Utd boos on return,https://www.bbc.com/sport/football/articles/cy7e214vx6yo?at_medium=RSS&at_campaign=rss,"Paris St-Germain keeper Mary Earps says a return to former club Manchester United was 'written in the stars', but expects some booing in Wednesday's Champions League tie.","Tue, 11 Nov 2025 17:39:53 GMT",https://www.bbc.com/sport/football/articles/cy7e214vx6yo#7,,www.bbc.com,2025-11-11T22:16:31.056339+00:00,"'Written in the stars' - but Earps expects Man Utd boos
- Published
Women's Champions League: Manchester United v Paris St-Germain
Venue: Old Trafford, Manchester Date: Wednesday, 12 November Kick-off: 20:00 GMT
Coverage: Watch on BBC Three & BBC iPlayer, commentary on BBC Radio 5 Live & BBC Sounds, live text commentary on the BBC Sport website & app
""Written in the stars, some might say.""
After 501 days since her departure, Mary Earps is returning to Manchester United.
But the goalkeeper, who played 125 times for the club during a five-year spell, will be lining up on the other side of the pitch when Paris St-Germain visit Old Trafford in the Women's Champions League on Wednesday.
""I knew it from the moment they qualified. Sometimes you just feel it. Maybe I manifested it, I don't know,"" Earps told BBC Sport.
The 32-year-old said she exchanged messages with her former United team-mate Ella Toone straight after the draw was made, while she added: ""Going back to Old Trafford which is a special place, with so many amazing memories. I'm looking forward to the game.""
The spotlight will certainly be on Earps, who has dominated headlines in recent weeks for comments about former England team-mate Hannah Hampton and manager Sarina Wiegman in her newly released autobiography.
""Mary was always a leader,"" said United manager Marc Skinner in his pre-match news conference. ""She always had a voice and her own opinion - I always welcomed that. She always said what she was thinking.
""We welcome her back and absolutely respect her for what she did here. We also welcome her back as an opponent and I have to be clear on that. During the game, it's about us trying to win against Mary.""
With United chasing a third successive win in the competition, what sort of reception can Earps expect at Old Trafford and how has she fared in the French capital?
Baffling? Distracting? The fallout from Earps' book
- Published4 days ago
I've not written book to tear anyone down - Earps
- Published3 November
'She transformed' in five-year spell
Earps was a hugely popular figure at United following her arrival in 2019 from Wolfsburg.
She played every league game for four seasons as United's outright number one and won the Women's FA Cup in May 2024 - the club's first major trophy - before heading to France when her contract expired.
Earps had been offered a new deal to stay but, after much deliberation, she rejected it, saying the club were preparing to ""undergo a period of transition"" that ""did not align"" with where she was in her career.
""I think she will get a good reception. Her time at Manchester United was very good,"" ex-England midfielder Fara Williams told Football Focus.
""She took them to their first Champions League finish while she was there. She had second-placed finishes with United, played in FA Cup finals. She had a great time at the club and the fans adored her, so I'm sure she'll go back to a good reception.""
Earps, though, was less hopeful.
""I'm probably expecting a little booing,"" she admitted. ""I hope it's a little bit, but it might be a lot.
""A few of the fans have come out to support me at PSG, but Manchester United is their number one team. I understand that.""
While he can't control what reception Earps will receive, Skinner said he was looking forward to welcoming her back to Manchester and hopes the new book will not change people's perceptions of her.
""Deep down I know Mary is a good person,"" he added. ""I'm sure part of bringing out a book is bringing out controversial stuff that will help sell the book. I know that she has to defend that publicly.
""Knowing the human she is, I'm sure she will be getting criticism that she won't like. It's part of the other side of releasing a book.
""But she's a great person, she doesn't need me to say that really. I hope people toe the line with criticism, but I'm sure Mary understands the situation she's put herself in.
""She's on a platform where people are interested in what she says, so that's a credit to her and to her hard work.
""The goalkeeper we had at the start, to the one that left, was not the same person. She transformed.""
How has Earps fared at PSG?
Speaking in a BBC interview earlier this year, Earps said her move to PSG had allowed her to escape ""the craziness of England"".
She fitted seamlessly into the team, instantly becoming the club's number one to start 22 of their 24 league matches last term.
But it was a disappointing season for PSG as they ended the campaign 10 points behind Lyon, who also beat them in the play-off final, while they were also knocked out in the second round of Champions League qualifying.
And just as her journey in Paris was getting started, Earps' England career was beginning to wind down. Despite playing regularly for her club, Lionesses boss Wiegman gave more opportunities to Chelsea keeper Hampton.
When Hampton was handed the starting spot ahead of Euro 2025, Earps described the decision as ""unjust"" and subsequently announced her retirement from international football just before the tournament started.
This term, PSG find themselves second in the league, three points behind Lyon, and head to Manchester in search of a first Champions League win after losing to Wolfsburg and Real Madrid.
Earps has started every game in both competitions, conceding 15 goals in nine matches - including six in the 6-1 defeat by Lyon.
PSG head coach Paulo Cesar has ""no doubts whatsoever"" Earps is ready to take on her former club, despite the furore surrounding her book.
""She is completely ready for the game,"" he said. ""Has there been an impact on her as a person? I can't see it.
""If there is anything in the dressing room, it hasn't filtered through to me and I see her every day.""
PSG defender Olga Carmona added all her team-mates had ""a great deal of confidence"" in the keeper, who was capped 53 times by England.
""It's a pleasure to play with Mary, I'm very lucky to be in the same team as her. It creates safety and security we all need at the back.
""As a defender, we have very good communication between us. I value her winning mentality and we see it in the matches she plays."""
BBC News,Reinventing Football - five things fans would change,https://www.bbc.com/sport/football/articles/cx2y3j1924xo?at_medium=RSS&at_campaign=rss,BBC Sport asked football fans to rip up the rulebook and suggest one change to the game. Here are the top five talking points from thousands of replies.,"Tue, 11 Nov 2025 16:34:04 GMT",https://www.bbc.com/sport/football/articles/cx2y3j1924xo#7,,www.bbc.com,2025-11-11T22:16:32.134071+00:00,"Reinventing Football - five things fans would change
- Published
After asking players, pundits and referees what changes they would make to reinvent football, we opened the debate up to you.
We opened the floor for fans to imagine a world in which they could rip up the rulebook and start again.
The topic stirred up plenty of debate across our live page and social media and we received thousands of messages from our audience, suggesting the one thing they would change.
Here are the top five talking points, followed by the assessment of former Premier League referee Chris Foy and BBC Sport's football issues correspondent Dale Johnson.
Ditch marginal offsides - make it clear and obvious
The offside rule was a widely-debated topic, with fans wanting to either tweak the law, or get rid of it completely. Former Premier League referee Anthony Taylor said ""scrapping offside might be the answer"" and added: ""One of the best tournaments I refereed in was a prison officer tournament and we had no offside... and we had so many goals it was unbelievable.""
Another frustration for supporters is around 'delaying the flag' - where officials are told to keep their flag down if they felt there was an immediate goalscoring opportunity.
What the fans said:
Matt: Scrap the offside flag going up 20 minutes after someone is offside. Needlessly wasting time and play continuing could result in injuries. Just throw the flag up when they're off.
Sal: I would change the offside rule, where there has to be ""daylight"" between the last defender and attacker, in order for a claim of offside to be legitimate.
Charlie: I would remove offside completely. Hockey successfully removed offside many years ago and I think it would see more goals which is what fans want to see.
Chris: I would like the offside law changed, so you can only be offside beyond the 18-yard line. This would spread out the play.
What Chris Foy said: ""Assistant refereeing is an art form and they are encouraged to keep the flag down in clear attacking situations. But I do understand that sometimes it can be frustrating.
""With semi-automated technology, I believe we have an accurate judgement of offside.""
What Dale Johnson said: ""'Daylight offside' has been a topic of discussion ever since it was suggested by Arsene Wenger in 2020.
""It has not made it to full trials because there are serious doubts about its impact on the tactical approach to a game. Giving more advantage to the attacker doesn't necessarily mean more goals, it could lead to more defensive play. I'd be very surprised if this ever happens.""
Stop the clock and reduce time-wasting
Goalkeepers holding the ball for more than eight seconds are now punished with a corner for the opposition, but what about time-wasting elsewhere on the pitch? The average ball-in-play time this season 55 minutes 05 seconds - 114 seconds down from last season.
What the fans said:
Anthony: When infringements or injuries occur, stop the clock as they do in rugby. Then at the 90th minute, that is the end of the match. No more debates about why several minutes have been added to half-time or full-time.
Gary: Change the game to 60 minutes, but with a stop clock when the ball isn't in play [like basketball]. In most current games, there is less than 50 minutes of play. Would eliminate time-wasting in an instant.
Tony: The clock stops every time ball goes out of play, and the referee blows his whistle to stop play.
Alex: Follow rugby, stop the clock for any injury, video assistant referee (VAR) check, etc. If you are losing, you want more injury time; if you are winning, you want less. So just stop the clock, get rid of the unknown at the end of the game.
What Chris Foy said: ""Time is always a big talking point in football. Something could be adopted to address this, for example, an independent timekeeper as we have in other sports such as basketball.
""The referee calls time off and on when play restarts. The fans can then also see the clock counting down which I'm sure will add to the excitement.""
What Dale Johnson said: ""One issue with a stopped clock is that unless you're in a ground with a scoreboard, the fans would have no idea how long there is left to play.
""But more and more time is being lost to stoppages like goal-kicks, throw-ins and corner-kicks. All three are at their highest this season. So something has to be done about it.""
'Ban the cheats' - punish dissent and simulation
Under current rules referees can instruct players not to approach them, and show yellow cards to those who do so without permission and behave in a disrespectful manner. Diving should also result in a booking. However, many fans believe this is not enforced enough.
Former Liverpool and Fulham midfielder Danny Murphy said ""for anyone caught cheating or diving, the other team gets a penalty"", while ex-Blackburn and Celtic forward Chris Sutton said: ""Rather than just a yellow card for simulation, I would upgrade that to a red card and a three-game ban. Let's ban the cheats.""
What the fans said:
Christopher: Swearing at the ref or any abusive language = immediate red card and a four-match ban.
Jeff: Any attempt to simulate a foul would be an instant yellow card, but given when a break in play, and monitored by VAR. Any holding or pulling of clothing to be a yellow card, again monitored by VAR. Both of these are against the spirit of the game.
Dave: Implement cards for any kind of simulation. Too many players conning the ref trying to get advantage, in particular players going down holding face or head when never touched. Classic example was Gabriel holding his face for Sunderland's second goal when clearly nowhere near his face.
David: Red card for simulation, how long have fans been asking for this?
What Chris Foy said: ""Dissent is a problem at many levels of football and when I was refereeing it was no different. If open acts of dissent are detected they should be dealt with - 2019 saw the introduction of sin-bins at grassroots football which is a great addition for dealing with open shows of dissent. Referees cannot do it alone and everyone has a duty to protect the image of the game.""
Change handball rule
Referees now have a whole menu of reasons to give handball, with the aim to give a ""clearer and more consistent definition and interpretation"". What it brought was consistently more penalties, because there were many more reasons to give one.
Former England captain Alan Shearer said some of the phraseology was confusing and has called for change: ""Proximity... obvious position... not in an obvious position... natural,"" he said. ""For me, it's pretty simple - is it deliberate handball or not?"". It's safe to say fans agree with him.
What fans said:
Mike: Bring back the old, sensible ""ball to hand"" as accidental handball. Common sense interpretation needed. Some of these handball calls are utterly ridiculous and ruin a game.
Harry: Hand to ball is a penalty, ball to hand is not a penalty. That would stop players from aiming for hands in the penalty area.
David: Handball in the box by a defender should be an indirect free-kick. The ball accidentally hitting a hand does not warrant a penalty, which can change a game completely.
Simon: Scrap penalties for handballs in the box unless it's denying a goalscoring opportunity. Indirect free-kick instead. Giving the attacking team an almost guaranteed goal for something can be a really minor infraction by the defender is wildly disproportionate.
What Chris Foy said: ""To prove if something was absolutely deliberate, you would have to ask a player if they meant to handle the ball.
""Personally, I think the game is in a good place regarding the handball rule and don't forget we have had a number of changes over the past five years. We don't want to see changes every year.""
Bring in a challenge system on VAR
Former England striker Ellen White said VAR ""takes out the joy and the emotion when a goal is scored"" for players and fans alike, while ex-Liverpool defender Stephen Warnock said it has ""too many inconsistencies and it's down to human error, which is still a massive problem"".
Match of the Day presenter Gabby Logan doesn't think we should get rid of VAR, but ""there should be a 90-second rule. If it is not clear an obvious in 90 seconds, it's not clear and obvious.""
What fans said:
Owen: With VAR, learn from cricket and only go to VAR on request from the captain... Three requests per game for each team. It would mean fewer VAR calls and would only be when there were really clear errors not just minor ones.
Barry: I would change VAR to only be activated if the referee asks for a check, similar to rugby.
Jeff: If something takes more than a minute, it's not clear and obvious. Refs have a big enough on-field team, VAR is an unnecessary addition, and I would love to know the cost to clubs, and why they don't bin it?
Mike: Get rid of VAR completely. We had 120-odd years of the old system when football was football. Now, it's a waste of time.
Charlie: Why aren't refs allowed to request to see the monitor themselves? Stop VAR telling the ref what to do and let the ref use VAR himself. If the ref isn't sure he should ask VAR to bring it up on the monitor instead of waiting five minutes.
What Chris Foy said: ""In relation to VAR and its protocol, the referee can initiate a 'review' for a potential 'clear and obvious error' or 'serious missed incident' when the VAR (or another match official) recommends a 'review' and the referee suspects something serious has been missed.
""Time limit on checks are difficult to implement as in some situations, checks have many moving pieces.""
Dale Johnson added: ""The problem with placing a time limit on reviews is the necessary proof may not be immediately available.
""Last season, in a VAR review for a penalty Liverpool had been awarded against Wolves, the VAR appeared ready to support the decision after the first few replay angles. But then the next replay clearly showed the attacker had initiated contact.
""With a time limit, this may have stayed as a penalty. There's no doubt that if you do place a time limit, incorrect decisions may not be overturned.""
Related topics
- Published17 October
- Published16 August"
BBC News,Djokovic had 'slap from reality in last couple of years',https://www.bbc.com/sport/tennis/articles/c74jy1z43wyo?at_medium=RSS&at_campaign=rss,"Novak Djokovic still believes he can win a 25th Grand Slam title - despite being given a ""slap from reality in the last couple of years"".","Tue, 11 Nov 2025 21:13:52 GMT",https://www.bbc.com/sport/tennis/articles/c74jy1z43wyo#7,,www.bbc.com,2025-11-11T22:16:33.187157+00:00,"Djokovic had 'slap from reality in last couple of years'
- Published
Novak Djokovic says he still believes he can win an outright record 25th Grand Slam singles title - despite being given a ""slap from reality in the last couple of years"".
The Serb great equalled Margaret Court's record of 24 major singles titles with his 2023 US Open triumph, but the emergence of Carlos Alcaraz and Jannik Sinner has prevented him from going one further.
Alcaraz and Sinner, the world's top two players, have split the past eight Slam titles between them.
Djokovic met Sinner and Alcaraz in the semi-finals at three of the four majors this year but injury and fatigue hampered the 38-year-old on each occasion.
""I believe that to some extent I am the superman who can never injure myself, that can never be weak,"" Djokovic said in an interview with Piers Morgan.
""But I got a slap from reality in the last couple of years. I'm just getting to know this new chapter.""
Djokovic pulled out of the Paris Masters in October without giving an explicit reason, although he was hampered by injury in a semi-final loss to qualifier Valentin Vacherot at the earlier Shanghai Masters.
He qualified for the ATP Finals as the third-best player on the men's tour but pulled out the day before the tournament with injury.
Djokovic lost to Sinner in the French Open and Wimbledon semi-finals and to Alcaraz at the same stage at the US Open.
""I'm aware that [comparing] my best level now and their best level now, they're better. That's the reality,"" Djokovic said of the pair.
""I have always believed in things that are almost impossible to achieve.
""I do have doubts that I can win Slams against these two guys. But when I enter the court, I don't care who's across the net.
""I always believe I'm better and I deserve to win.""
Alcaraz battles back to beat Fritz in thriller
- Published5 hours ago
Cash & Glasspool seal year-end number one ranking
- Published2 hours ago
'Suspension cloud will always follow Sinner'
Sinner reached all four major finals in a year when he also served a three-month doping suspension after twice testing positive for a banned substance in 2024.
Wada accepted Sinner ""did not intend to cheat"" and Djokovic said he believed the Italian ""didn't do it on purpose"".
However, Djokovic warned that the case would remain a ""cloud"" over the 24-year-old throughout his career.
""That cloud will follow him as the cloud of Covid will follow me,"" said Djokovic, who was deported from Australia in 2022 because he was not vaccinated against the virus.
""Over time it will fade, but I don't think it will disappear.""
A number of players questioned the timing of Sinner's ban, with Djokovic adding: ""There is the lack of transparency, the inconsistency, the convenience [of] the ban coming between the slams so he doesn't miss out. It was very, very odd.
""I really don't like how the case was being handled. You could hear so many other players who had similar situations coming out in the media and complaining that it was a preferable treatment.""
Related topics
- Published16 August"
BBC News,Play now,https://www.bbc.com/weather/articles/cwy5r7xwq8xo?at_medium=RSS&at_campaign=rss,Think you can work out where's hotter and colder than you today? Find out by playing our game,"Tue, 11 Nov 2025 07:07:10 GMT",https://www.bbc.com/weather/articles/cwy5r7xwq8xo#8,,www.bbc.com,2025-11-11T22:16:34.227146+00:00,"Play: Cooler Than Me?
- Published
Britain's true national sport is complaining about the weather. But does the Sun really shine brighter everywhere else, or is this quite a green and pleasant land after all?
Compare your location to cities across the world, and find out if you're forecast to become the BBC's next star meteorologist.
You can find the latest forecast on the BBC Weather website.
Want to know how Cooler Than Me? works? Read the FAQ."
Global News,"More than 30 days after entering final tests, Eglinton Crosstown LRT still being assessed",https://globalnews.ca/news/11521460/eglinton-crosstown-lrt-still-revenue-service-demonstration/,"On Oct. 7, provincial transit agency Metrolinx announced the Crosstown had started revenue service demonstration, a key 30-day testing process.","Tue, 11 Nov 2025 22:02:29 +0000",https://globalnews.ca/?p=11521460,Isaac Callan,globalnews.ca,2025-11-11T22:16:36.061014+00:00,"The Eglinton Crosstown LRT is still undergoing a key final testing phase more than a month after it embarked on a rigorous dress rehearsal, reducing the likelihood the line can open this year.
On Oct. 7, provincial transit agency Metrolinx announced the Crosstown had started revenue service demonstration, a major 30-day testing process.
The tests involve operating the Eglinton LRT as if passengers were riding it, but keeping it closed to the public. Regular timetables, station operations and stops all take place during the tests.
The tests were billed as a 30-day period if they went off without issue, meaning they should have wrapped up around Nov. 6. In late October, however, there was an incident during the tests, which are still underway.
Metrolinx told Global News the revenue service demonstration (RSD) tests are broken into two separate sections: unscored and scored testing.
They said the incident had happened during the unscored portion, meaning the entire 30-day period did not need to be restarted. The agency did not say how much the issue had delayed the tests.
Get breaking National news
“As the earlier incident occurred during the unscored phase of testing, the timeline for RSD did not ‘restart’ to day 1 but rather resumed as unscored testing once the trains were on the line again,” a spokesperson told Global News.
“Should an issue occur during the scored phase, we would restart the specific week of scored testing but would not need to re-do the unscored portion.”
The agency would not tell Global News how many days were left, but said the light rail route had now entered the scored testing phase.
“The exact amount of time to complete RSD will depend on the outcome of testing,” they said.
The long-delayed light rail line was started under the previous Liberal government and has continued construction for seven years under the Progressive Conservatives.
Its opening date was repeatedly pushed under former Metrolinx CEO Phil Verster, until it was removed altogether. Instead, the agency said it would announce an opening date three months before service began.
Under new leadership, Metrolinx appeared to have reduced its notice period to one month and was aiming for October to complete its tests.
The Finch West LRT, which completed its revenue service demonstration in late October, will not open until Dec. 7.
If the Crosstown were to follow a similar pattern of opening a month and a half after revenue service demonstration wraps up, it would not open this year."
Global News,Oilers GM Stan Bowman on Edmonton’s scuffling start: ‘We’re just not clicking’,https://globalnews.ca/news/11521751/edmonton-oilers-stan-bowman-goaltending/,Stan Bowman smirked when the conversation shifted to goaltending.,"Tue, 11 Nov 2025 21:45:01 +0000",https://globalnews.ca/news/11521751/bowman-on-oilers-start-were-just-not-clicking/,Globalnews Digital,globalnews.ca,2025-11-11T22:16:37.141358+00:00,"Stan Bowman smirked when the conversation shifted to goaltending.
The Edmonton Oilers general manager has been in the job just under 16 months. He knows the crease — especially in a Canadian market — is always a hot topic.
And it’s particularly scalding right now in Alberta’s capital.
Stuart Skinner has allowed 11 goals over his last three starts, including four in Saturday’s embarrassing 9-1 home loss to the Colorado Avalanche before getting pulled.
The Oilers rebounded with a 5-4 overtime victory Monday against the Columbus Blue Jackets thanks to a pair of jaw-dropping goals from Connor McDavid on a night that saw Skinner stop 15 of the 19 shots he faced.
Coming off its second straight Stanley Cup final appearance in June, Edmonton owns a 7-6-4 record through 17 games with Skinner and Calvin Pickard between the pipes.
Skinner, the team’s current No. 1 option, had a .905 save percentage and a 2.62 goals-against average in 2023-24, but has watched his numbers head the wrong direction since.
The 27-year-old had a .896 save percentage and a 2.81 GAA last season before starting off the current campaign with a 2.91 GAA and an .883 save percentage.
There have been calls from fans and media for Bowman to make a trade, but speaking Tuesday in Toronto after the NHL’s annual November GM meeting, the executive said his netminders have been far from the only issue in a wobbly start.
“Our goalies have been average — haven’t been elite and they haven’t been bad,” Bowman told The Canadian Press. “Sort of the way our team has been. I don’t know if they performed really any differently than our forwards and our defence. We’re just not clicking as a group.
“That position gets more attention. I’m not sure it’s more of a problem.”
Get daily National news
Bowman said the onus is on the entire roster to simply play better.
“We’ve had ups and downs throughout with both goalies, the defence and the forwards,” he said. “It would be probably clearer if (goaltending was) costing us games night after night, but that’s just not it.
“We’ve had other things that have been costing us just as much.”
Edmonton stumbling out of the gate is a familiar story.
The Oilers sat 5-11-1 through 17 games in 2023-24 and was 9-7-1 last season before both times turning things on and making memorable runs to the final.
“We’re kind of up and down,” Bowman said this iteration. “We haven’t really had any consistent (stretches). Usually, each year we get on a run where you win six, seven eight in a row … we haven’t been able to get going. It’s win one, lose one, overtime loss, overtime win. We’re trying to find that.”
The Oilers brought in some new faces over the summer that have taken time to adjust, while heart-and-soul winger Zach Hyman has yet to suit up after suffering a serious wrist injury in the second round of last spring’s playoffs.
Bowman, in short, appears willing to be patient.
“Unfortunately, it takes time to sort through that and have everyone find their roles,” he said. “But we’re not connected the way we probably should be after 17 games.”
MCDAVID MAGIC
The Edmonton captain put on a show in Monday’s extra-time victory by first turning Blue Jackets defenceman Denton Mateychuk into a pretzel on a spinarama goal before using his speed to blow past the opposition for another highlight-reel finish.
Bowman has grown to appreciate McDavid, who he signed to a team-friendly contract extension before the start of the regular season, and what motivates the star centre even more than he did from afar.
“That singular focus which propels him every day,” Bowman said. “(Monday) night was probably the representation of where he basically said, ‘We’re not going to lose this game.’ He made some just unbelievable rushes to score huge goals when the game was looking pretty bleak. He basically wasn’t going to let our team be denied.
“You read about it and you see it from a distance, and then when you’re part of it up close, you take a step back and you’re like, ‘Wow, this guy’s something.'”
OLYMPIC INFRASTRUCTURE
NHL commissioner Gary Bettman said the league is constantly getting “reassurances” from the International Olympic Committee and the International Ice Hockey Federation that “everything will be fine” when it comes to the still-unfinished arenas for the 2026 Milan-Cortina Games in Italy.
Deputy commissioner Bill Daly, meanwhile, gave GMs an Olympic update on Monday. He said officials plan to visit the venues following the NHL games between the Nashville Predators and Pittsburgh Penguins in Sweden on Friday and Sunday.
“There’s still work ongoing on the rinks and the ice conditions,” Bettman added. “It’s something that we’re monitoring closely — and we have absolutely no control over.
“This is all on the IOC and the IIHF.”"
Global News,Veterans thrilled with Remembrance Day turnout in Calgary: ‘It wasn’t for nothing’,https://globalnews.ca/news/11521602/calgary-remembrance-day-2025/,"'Today is my most important day of the year. It's honouring those who have gone before us and those who are following,' said Iraq and Afghanistan veteran Rick Ostashower.","Tue, 11 Nov 2025 21:32:02 +0000",https://globalnews.ca/?p=11521602,Globalnews Digital,globalnews.ca,2025-11-11T22:16:38.202999+00:00,"Veterans say they were heartened by the support as thousands of Calgarians turned out on a bright, sunny Tuesday to commemorate Remembrance Day in Canada.
“I like it because that means people are starting to remember what we fought for, what we sacrificed for and what we gave up so they could be free,” said Ken McPherson, 65, who said he spent much of his career on peacekeeping missions after joining in 1976.
“Thank you. It means it wasn’t for nothing.”
Rick Ostashower, who is 69, said he spent 41 years in the Canadian Forces including stints in both Iraq and Afghanistan before severe PTSD forced him to call it a career.
He said this is a day that he will never miss.
“I’m Jewish. Yom Kippur is of course our most important religious day of the year. Today is my most important day of the year. It’s honouring those who have gone before us and those who are following,” said Ostashower, who was sporting a chest full of medals.
He said he isn’t worried about the future of Remembrance Day.
Get breaking National news
“I don’t think there’s any danger of this slipping by the wayside … not until the last trumpet has rung.
“Until there’s nobody left to do it, there will be people coming out to remember.”
Sixteen-year-old Elizabeth Brooks and her brother William, 22, said attending Remembrance Day ceremonies has been a family tradition.
“I think it’s really important that we keep the tradition alive and also that we never forget,” she said.
“Also, in school it’s good that we have assemblies and take time to discuss it with classmates and to acknowledge that a lot of our ancestors have taken part in the war.”
After the playing of the Last Post in Calgary, a C-17 Globemaster did a flyby in honour of Remembrance Day.
Finance Minister François-Philippe Champagne represented the federal government and laid a wreath.
He said it recognizes the brave men and women who fought and died and helped protect Canadian values of peace, democracy and human rights.
“This is how we honour the legacy of those who came before us.”"
Global News,Health Canada recalls ‘laughing gas’ sold without authorization,https://globalnews.ca/news/11521586/nitrous-oxide-recreational-recall-canada/,"Health Canada is recalling nearly a dozen forms of nitrous oxide it says were sold for recreational consumption, which poses a safety risk.","Tue, 11 Nov 2025 20:54:52 +0000",https://globalnews.ca/?p=11521586,Ari Rabinovitch,globalnews.ca,2025-11-11T22:16:39.280213+00:00,"Health Canada is recalling nearly a dozen “laughing gas” products it says are being sold recreationally without authorization, which poses a serious safety risk.
Nitrous oxide is approved for use when administered by an authorized health-care professional, including in medical and dental procedures for sedation and pain relief, according to Health Canada.
Some of the recalled items were sold as “cream chargers” with brand names like “Bamboozle” and “Gold Whip,” and candy-like and fruit flavours including “Lemon Mint Ice,” “Strawberry” and “Passion Fruit.”
Others included in the recall are unflavoured.
Get weekly health news
For a full list of the recalled products, read the Health Canada advisory.
The government says not to inhale nitrous oxide products recreationally, and that users should seek immediate medical attention from a health-care professional if they have used such products recreationally or for medical purposes and have experienced any side effects.
According to the government’s previous statement warning of the risks of using nitrous oxide recreationally, adverse side effects may include birth defects, impaired bowel and bladder function, heart attack and stroke, nerve damage, loss of consciousness and in some cases, death.
Nitrous oxide can also be found in cream dispensers and other food tools where it is not meant to be inhaled, and has common recreational street names including “laughing gas,” “whippets,” “NOS,” “hippy crack” and “nang.”"
Global News,Trump wants to bring in 50-year mortgages. Could it help — or hurt?,https://globalnews.ca/news/11521580/trump-50-year-mortgages-canada/,U.S. President Donald Trump has proposed introducing a 50-year mortgage to spur activity in the housing market. But experts say Canadians are unlikely to follow suit.,"Tue, 11 Nov 2025 20:48:53 +0000",https://globalnews.ca/?p=11521580,Uday Rana,globalnews.ca,2025-11-11T22:16:40.353729+00:00,"U.S. President Donald Trump may be touting them as a solution to the housing crisis in that country, but experts say the 50-year mortgage is unlikely to find takers in Canada.
Last week, Trump posted on social media, comparing his proposal to offer longer mortgage terms to former U.S. president Franklin D. Roosevelt’s proposal for 30-year mortgages.
“Thanks to President Trump, we are indeed working on The 50 year Mortgage – a complete game changer,” U.S. director of federal housing Bill Pulte posted on social media following Trump’s post.
The White House says this will help lower monthly mortgage payments, helping new people enter the housing market, but it quickly drew criticism from policymakers, social media and economists.
What it save a homeowner money?
Extending the life of a mortgage to 50 years does decrease a borrower’s monthly payment, the Associated Press and U.S. analysts noted in an assessment of the proposal.
The average selling price of a home in the U.S. was US$415,200 in September, according to National Association of Realtors.
Assuming a standard 10 per cent down payment and an average interest rate of 6.17 per cent, the monthly payment on a 30-year mortgage would be US$2,288 while the payment on a 50-year mortgage would be US$2,022.
That’s presuming a bank would not require a higher interest rate on a 50-year mortgage, due to the longer duration of the loan.
Because even more of the monthly payment on a 50-year mortgage would go toward interest on the loan, it would take 30 years before a borrower would accumulate US$100,000 in equity, not including home price appreciation and the down payment.
That’s compared to 12-13 years to accumulate US$100,000 in equity when paying off a 30-year mortgage, excluding the down payment.
A borrower would pay, roughly, an additional US$389,000 in interest over the life of a 50-year mortgage compared to a 30-year mortgage, according to an AP analysis.
Get breaking National news
Other analysts came to a similar conclusion.
“Extending a mortgage from 30 years to 50 years could double the (dollar) amount of interest paid by the homebuyer on a median priced home over the life of the loan and significantly slow equity accumulation,” wrote John Lovallo with UBS Securities.
Why Canada likely won't see similar plans
There are some key differences between Canada’s banking system and the one in the U.S., said Penelope Graham, mortgage expert at Ratehub.ca.
In the U.S., the mortgage term — the period for which your rate remains fixed — and the mortgage amortization — the total repayment timeline — is usually, though not always, the same.
For example, for a 30-year amortization, you’re likely to have the same fixed interest rate for the whole period.
“They bundle up all of the mortgages and then they sell them as mortgage-backed securities to investors. That essentially gets the mortgage loans off of the bank’s balance sheet,” she said.
In Canada, the two are usually different. For a 25-year mortgage, you might get a fixed rate for three, five or 10 years.
“In Canada, we underpin our mortgages with our deposit business at banks and that tends to be shorter term. Savings accounts, GIC terms — that’s what funds fixed rate mortgages (in Canada),” she said.
Canada’s system of linking mortgages to bank deposits is not as risky as the U.S. model, she said, and was lauded during the 2008 housing bubble crisis.
The differences mean any potential of Canada taking a similar approach to extend mortgages “seems unlikely,” said Dan Eisner, CEO of Calgary-based True North Mortgage.
Most borrowers in Canada are eligible for 25- or 30-year mortgages, with a 40-year amortization available for some sub-prime loans, Eisner said.
“CMHC has a program for multi-family properties that meet certain affordability targets. Those builders are actually able to get a 50-year amortization, but that’s a very different model (than residential buyers). It’s a commercial property, it’s an 80-unit multiplex, and it just lowers the cost of making the cash flows work,” he said.
What would it cost?
If Canada were to introduce 50-year amortizations, it would result in a dramatic decrease in monthly payments, a Ratehub.ca calculation shared with Global News shows.
Ratehub took the example of a home costing $680,000, just slightly more than the average home price in Canada as of September, according to the Canadian Real Estate Association (CREA).
Assuming a buyer has a 10-per cent down payment, they would have a total mortgage amount of $630,972.
Currently, at a 25-year amortization at an interest rate of 3.79 per cent fixed for five years, their monthly payment would come to $3,248. Spread over 30 years, it would be $2,932.
A 50-year amortization would get this homebuyer a monthly payment of $2,334.
That would mean monthly savings of $914 compared to the 25-year mortgage and $598 compared to the 30-year mortgage.
However, like in the U.S. analysis, the key issue would become the amount of extra interest charged on a longer loan.
“The trade-off is always a lot more interest paid over the lifetime of the mortgage. And when you’re paying more in interest, you are building your equity more slowly,” Graham said.
The interest you pay over the years would rack up significantly, Eisner warned.
“You’d be paying over two and a quarter times the amount of interest over a 50-year period,” he said.
Similar concerns were raised by U.S. experts.
The average age of a first-time homebuyer has been creeping up for years and is now roughly 40 years of age. A 50-year mortgage would be difficult to underwrite for a bank for a 40-year-old first-time homebuyer, who would be 90 years old by the time that home is paid off, the Associated Press noted.
The average life expectancy of an American is now roughly 79 years, meaning there’s 11 years of life expectancy not covered in a 50-year loan.
“It’s typically not a goal of policymakers to pass on mortgage debt to a borrowers’ children,” Konczal said.
According to Canada Mortgage Housing Corporation (CMHC), around half of all first-time homebuyers in Canada are between the ages of 25 and 34.
For someone buying their house at 34, a 50-year amortization would mean they wouldn’t be debt-free until they turn 84.
“You could be carrying that debt well into retirement. And that impacts your ability to save for retirement. You can’t rely on the equity that you’ve built up in your home, because that equity is not yet there,” Graham said.
“A 50-year mortgage that would be creating a borrower for life. You’re essentially staying a renter throughout your lifetime because you’re never going to stop paying down your property,” she added.
–with files from Associated Press"
Global News,Remembrance Day ceremonies in New Brunswick reflect on those who fought and served,https://globalnews.ca/news/11521585/remembrance-day-new-brunswick/,"People in New Brunswick took part in Remembrance Day ceremonies to honour those who have served and are serving, and to show support for the region's large military community.","Tue, 11 Nov 2025 20:43:38 +0000",https://globalnews.ca/?p=11521585,Reeti Rohilla,globalnews.ca,2025-11-11T22:16:41.852430+00:00,"People in New Brunswick took part in Remembrance Day ceremonies to honour those who have served and are serving, and to show support for the region’s large military community.
In the heart of Saint John, about 4,000 people stood together at TD Station to remember the loss and the price of peace.
“The spirit in this room is just unbelievable, from the choirs to the bands,” said Saint John-Kennebecasis MP Wayne Long.
“It’s just a wonderful day to reflect, remember, and most of all, be appreciative that we’re Canadian.”
Among those in the crowd was 101-year-old Winnie Rice, a war bride and veteran of the Second World War — still standing tall with pride and memories.
“I enjoyed being in service even though there was a war on. I learned to take orders, I learned to get along with people,” she recalled.
With growing global tensions, some say Remembrance Day also means readiness and making sure Canada can protect the peace it stands for.
Get breaking National news
“Because of the tensions in the world, Canada needs to build up its military. That’s not to say that we are going to be a war-type country. We are a peace-loving country, but you have to defend yourself as well,” said Bernard Cormier, chairman of the Saint John Remembrance Day Committee.
In Fredericton, a ceremony was held at the provincial cenotaph.
This year marks 80 years since the end of the Second World War, and those with a connection to the conflict wanted to make sure they came out.
“It’s nice to see people coming out supporting and remembering,” said Sydney Robichaud, whose great-grandfather fought on D-Day.
Dominic Dechain’s great-grandfather also served during that war, and he said he feels an immense pride in remembering him.
“I never did meet my great-grandfather but what I’ve heard about him is pretty good. So I never really had those direct connections, but through this guy, I’ve heard a bit,” he said while tapping his father, Yves Dechain, on the shoulder.
Yves Dechain says he believes it’s important to come to ceremonies because Remembrance Day is more than just a day off from work.
“The day off isn’t just a day to relax, it’s a day to come and remember however you can,” he said."
Global News,Arts Club Theatre employee under investigation after hidden recording device found,https://globalnews.ca/news/11521544/arts-club-theatre-employee-investigation-hidden-recording-device/,"Sources tell Global News the Arts Club employee allegedly secretly recorded more than a dozen individuals in a dressing room, with the alleged victims being of various ages.","Tue, 11 Nov 2025 20:08:17 +0000",https://globalnews.ca/?p=11521544,Amy Judd,globalnews.ca,2025-11-11T22:16:42.918567+00:00,"An employee from the Arts Club Theatre Company is under investigation after a hidden recording device was located.
Sources tell Global News the Arts Club employee allegedly secretly recorded more than a dozen individuals in a dressing room, with the alleged victims being of various ages.
Vancouver police confirmed they launched a voyeurism investigation in August after receiving a report alleging several people had been surreptitiously recorded inside a private changing room used by cast members at the Stanley Theatre on Granville Street.
Get daily National news
Global News has learned a 33-year-old person was arrested at the Granville Island Arts Club location at the end of August. Charges have not been laid.
Vancouver police confirm protective conditions have been imposed, which restrict the suspect from contacting the alleged victims or anyone known to be associated with all Arts Club venues.
The executive director of the theatre company told Global News that if the allegations are true, they are deeply troubling and run counter to everything the company stands for.
“While it is our policy not to discuss personnel matters … it is important to share that the accused individual is not actively working while the investigation is ongoing,” Peter Cathie White, the Arts Club executive director, told Global News.
“Support services have been established for those affected.”
Vancouver police said that investigators believe all alleged victims have now been identified. The police investigation is still ongoing.
–with files from Rumina Daya
- Parents face charges after 4-year-old twins shot with gun left under couch
- Sex assault charge against ‘Trailer Park Boys’ Bubbles actor ‘won’t be tried in the media’: lawyer
- Sean ‘Diddy’ Combs enters prison rehab program that could reduce sentence
- Trump pardons Rudy Giuliani, others who backed overturning 2020 election"
Global News,Sean ‘Diddy’ Combs enters prison rehab program that could reduce sentence,https://globalnews.ca/news/11521324/sean-diddy-combs-prison-rehab-program-to-reduce-sentence/,"'Mr. Combs is an active participant in the Residential Drug Abuse Program (RDAP) and has taken his rehabilitation process seriously from the start,' his spokesperson said.","Tue, 11 Nov 2025 19:30:16 +0000",https://globalnews.ca/?p=11521324,Katie Scott,globalnews.ca,2025-11-11T22:16:43.996752+00:00,"Sean “Diddy” Combs is participating in a drug rehabilitation program in prison that could help reduce his sentence by a year, his spokesperson Juda Engelmayer said.
The program is offered at Fort Dix, the federal prison complex in New Jersey where Combs will serve his sentence.
Combs is “committed to sobriety, focused on healing, and trying to set an example for others,” Engelmayer told the New York Times.
“Mr. Combs is an active participant in the Residential Drug Abuse Program (RDAP) and has taken his rehabilitation process seriously from the start,” Engelmayer said. “He is fully engaged in his work, focused on growth, and committed to positive change.”
Combs has been sleeping in a nine-person room within a unit that houses around 200 people and he currently works in the chapel library, Engelmayer added.
On Friday, a report from TMZ claimed that Combs had been caught in prison drinking homemade alcohol, which Engelmayer denied.
Combs’ official X account also shared a statement denying the allegations on Monday, saying, “The rumors claiming Mr. Combs was caught with alcohol are completely false. His only focus is becoming the best version of himself and returning to his family.”
In an Oct. 6 filing, Combs’ legal team requested that he be placed at “FCI Fort Dix for RDAP purposes and any other available educational and occupation programs” in order to “address drug abuse issues and to maximize family visitation and rehabilitative efforts.”
The news of Combs’ participation in the rehabilitation program comes two weeks after his prison release date was revealed following his sentencing.
Get daily National news
The 55-year-old disgraced hip-hop mogul was originally scheduled to get out of prison on May 8, 2028, but the date has now been changed to June 4, 2028, according to the Federal Bureau of Prisons’ online database.
On Oct. 3, Judge Arun Subramanian sentenced Combs to just over four years in prison and a fine of US$500,000, the maximum possible, for his conviction on federal prostitution-related offences. He will also be under five years’ supervised release after his time in prison is served.
In his ruling, Subramanian said that “a history of good works can’t wash away the record in this case, which shows that you abused the power and control over the lives of women who you professed to love.”
“You were no John,” he added. “You were more than that, even if your currency was satisfying your sexual desires instead of money.”
Subramanian said a substantial sentence is required “to send a message to abusers and victims alike that exploitation and violence against women is met with real accountability.”
Federal prosecutors had asked that Combs, 55, be sentenced to at least 11 years and three months in prison. Combs’ lawyers urged the judge to sentence him to no longer than 14 months, which would have resulted in his near-immediate release, as he has already served nearly 13 months in a Brooklyn jail.
- 50 years later, why the wreck of the Edmund Fitzgerald haunts us still
- Could Canada join Eurovision Song Contest? Experts say audience needed
- For the first time in 35 years, the Billboard Top 40 has no hip-hop or rap songs. Here’s why
- Blake Lively requests $161M in damages amid Justin Baldoni legal battle
While addressing the judge, Combs thanked Subramanian for “giving me the chance to finally speak up for myself,” as the former rapper did not testify during his trial.
“One of the hardest things that I’ve had to handle is having to be quiet. Not being able to express how sorry I am for my actions,” Combs said in his statement to the court.
“I want to personally apologize again to Cassie Ventura for any harm or hurt that I’ve caused her – emotionally or physically.”
Combs called his conduct “disgusting, shameful and sick.”
“Because of my decisions, I lost my freedom, I lost the opportunity to effectively raise my children and be there for my mother,” Combs said. “I lost all my businesses, I lost my career, I totally destroyed my reputation.”
Combs said he’s “lost my self-respect” and has been “humbled and broken to my core.”
“I hate myself right now. I got stripped down to nothing,” Combs said. “I want to apologize to my seven children. Y’all deserve better.”
The sentencing marked the conclusion of Combs’ New York trial, which began on May 5.
Combs’ legal team filed a notice of appeal on Oct. 20 in the U.S. District Court for the Southern District of New York from the Oct. 3 judgment. Details of the appeal have not been made public other than the legal filing."
Global News,"Edmonton senior with dementia missing, last seen at University of Alberta Hospital",https://globalnews.ca/news/11521503/edmonton-missing-senior/,"Luzia Tome, 79, was last seen around 3 p.m. on Monday afternoon at the University of Alberta Hospital, near 84 Avenue and 112 Street.","Tue, 11 Nov 2025 19:25:17 +0000",https://globalnews.ca/?p=11521503,Karen Bartko,globalnews.ca,2025-11-11T22:16:45.049179+00:00,"The Edmonton Police Service (EPS) is asking the public to be on the lookout for an elderly woman with dementia who went missing on Monday afternoon.
Luzia Tome, 79, was last seen around 3 p.m. at the University of Alberta Hospital, near 84 Avenue and 112 Street.
Luzia is approximately five feet tall and and has black and grey hair.
Police said she was last seen wearing a plain grey sweater, either grey pajama pants with Christmas decorations on them or black jeans, along with black running shoes, a hospital gown and she had a red lanyard with keys around her neck.
Get breaking National news
Luzia also wears a medical alert bracelet on her wrist and may be wearing glasses.
Police said Luzia has dementia, so her family and EPS are concerned for her well-being.
Anyone with information about her whereabouts is asked to contact the EPS at 780-423-4567 or #377 from a mobile phone."
Global News,Parents face charges after 4-year-old twins shot with gun left under couch,https://globalnews.ca/news/11521118/4-year-old-twins-shot-gun-left-on-couch-parents-arrested-orlando-florida/,"According to the arrest affidavit, both parents told police they did not witness the incident, but heard a loud 'pop' from inside the home.","Tue, 11 Nov 2025 19:02:20 +0000",https://globalnews.ca/?p=11521118,Rachel Goodman,globalnews.ca,2025-11-11T22:16:46.119707+00:00,"A Florida couple were arrested over the weekend and now face charges after their four-year-old twin sons were found with gunshot injuries allegedly from a firearm the boys discovered underneath a couch cushion inside their home, according to police.
The children were taken to a hospital in Orlando in critical but stable condition, the Orange County Sheriff’s Department told Global News in a statement.
At about 2 p.m. on Saturday, deputies responded to a report of two four-year-old boys with gunshot wounds who had been taken to the hospital by their parents.
Preliminary information indicated that the incident occurred at the family’s home, investigators said. Both parents were arrested.
Get breaking National news
Keishara B. Goodrum, 39, was “arrested on two counts of child neglect with great bodily harm,” police said. “Detectives have also added two counts of storing or leaving a loaded firearm where children could get access,” a spokesperson told Global News.
Maurice Wayne Bright Jr., 40, was arrested “for possession of a firearm by a convicted felon.”
According to the arrest affidavit, obtained by Global News from local police, both parents told police they did not witness the incident, but said they heard a loud “pop” — that Goodrum later described as a firearm being shot — from inside their home.
Goodrum, who told detectives she was in the kitchen when she heard the “pop,” said she noticed a wound under one of the boy’s arms. Bright, who was in the home’s yard at the time, said he ran inside and also noticed a wound on the child’s body.
The parents placed the two boys in their car and began driving to the hospital. Once in the vehicle, they told police they noticed the second child complaining of pain and saw a large amount of blood on his shirt, which led them to conclude that he was also injured, the affidavit states.
Hospital staff confirmed to police that both children had sustained gunshot wounds.
Goodrum told police she had been drinking heavily at her home the night before the incident and during that time had grabbed her handgun and sat on her living room couch.
She recalled not wearing clothing with a waistband, so said in the affidavit that she placed the gun under a couch cushion.
On Saturday morning, Goodrum went to Walmart to buy groceries for breakfast. Before heading back to her house, she stopped at a gas station to purchase alcohol, according to the legal filing.
When she arrived home, she began making breakfast for herself and her five children, including the twins, who were playing in the living room with her other children. Bright was on the back porch preparing a meal on a grill.
While speaking with the police, Goodrum suggested that the four-year-old twins allegedly accessed the gun from where it was unsecured under the couch cushion.
According to the affidavit, police determined through investigative measures that “neglect of two children with great bodily harm had occurred by the mother of the children.”"
Sky News,Culture secretary defends BBC - after leak reveals staff's anger at Tory-linked board member,https://news.sky.com/story/culture-secretary-defends-bbc-after-leak-reveals-staffs-anger-at-tory-linked-board-member-13468765,Culture Secretary Lisa Nandy has defended the BBC as a crisis initiated by an edit of a Donald Trump speech engulfs the corporation.,"Tue, 11 Nov 2025 19:13:00 +0000",https://news.sky.com/story/culture-secretary-defends-bbc-after-leak-reveals-staffs-anger-at-tory-linked-board-member-13468765,,news.sky.com,2025-11-11T22:16:47.836584+00:00,"Culture secretary defends BBC - after leak reveals staff's anger at Tory-linked board member
Lisa Nandy has defended the BBC, saying ""some in the House"" have suggested the corporation is institutionally biased, but that she disagrees as it is a ""light on the hill for people here and across the world"".
Tuesday 11 November 2025 21:42, UK
Culture Secretary Lisa Nandy has defended the BBC as a crisis initiated by an edit of a Donald Trump speech engulfs the corporation.
The organisation apologised on Monday after two of its top figures, including director-general Tim Davie, resigned amid concerns about impartiality - notably the editing of a Panorama documentary from October 2024.
It aired the week before the US presidential election and showed an edited speech made by Mr Trump before the 2021 Capitol riot, in which he appeared to tell supporters he was going to walk there with them to ""fight like hell"".
Ms Nandy has defended the BBC, saying ""some in the House"" have suggested the BBC is institutionally biased, but that she disagrees as the BBC is a ""light on the hill for people here and across the world"".
""All of us in this House should value it, uphold it and fiercely defend it,"" she added.
The culture secretary said that she has been in ""regular contact"" with BBC chair Samir Shah, ensuring that where its standards were not met, ""firm, swift and transparent action follows"".
""I welcome the steps that have already been set out and I will keep the House updated as the BBC leadership grips these issues,"" she added, saying she agreed with Mr Shah that the national broadcaster has a responsibility to ""uphold the highest standards"".
Ms Nandy said a review of the BBC's Royal Charter will begin ""imminently"" and a public consultation will be launched, with more details in the ""coming weeks"".
Meanwhile, Mr Trump threatened to sue the BBC for $1bn, and a letter dated 9 November from Florida lawyer Alejandro Brito outlines three demands upon the organisation to avoid being sued, with a deadline of 10pm UK time on Friday to respond.
He demanded that the BBC issue a ""full and fair retraction"" of the documentary, apologise immediately, and ""appropriately compensate"" Mr Trump.
Shadow culture secretary Nigel Huddleston has demanded an apology from the BBC to Trump and to the British public.
He told the House of Commons on Tuesday that the corporation is ""in a sorry mess... of its own making"" and ""needs saving from itself"".
Mr Huddleston stressed that his party wants the BBC to succeed and praises its successes, but emphasised that this ""requires institutional change and far more than a few moves at the top"".
The problems of the corporation relate to its failure to honour its charter obligation to impartiality, he said.
In an all-staff call on Tuesday morning, the outgoing BBC director-general Mr Davie said the corporation had ""made some mistakes that have cost us"" but added he was ""proud"" and that the organisation needed to ""fight"" for its journalism.
He also admitted: ""I think we did make a mistake, and there was an editorial breach, and I think some responsibility had to be taken.""
Mr Davie, who has worked for the BBC for 20 years and been in charge for the past five, is not stepping down immediately.
He said in his departure note to staff that he is ""working through exact timings with the board to allow for an orderly transition to a successor over the coming months"".
There are several potential candidates who could replace him and take on the highest-profile role in British broadcasting, which effectively serves as both the corporation's chief executive and its editor-in-chief across television, radio and online.
In a Q&A with Mr Davie after the all-staff call, staff were frustrated by having their questions vetted, Sky News arts and entertainment correspondent Katie Spencer reports.
Some of the questions were about the controversial appointment of Sir Robbie Gibb, the former Tory director of communications for prime minister Theresa May, to the BBC board.
But when these questions were getting through the vetting process, staff tried to ask questions in the reply boxes, which were public.
The anonymous comments included questions like ""How can we claim to be unbiased if Gibb is on the board?"" and ""Why is Robbie Gibb still on the board?"".
Read more:
The man behind the leaked BBC memo
Trump's legal threat letter in full
Who is Sir Robbie Gibb and why are there calls to get him off BBC board?
""I find Robbie Gibb's continued presence at the BBC to be incredibly demoralising. It feels as if he is fighting against and undermining the work we're trying to do,"" another comment read.
The leaders of the Lib Dems and SNP have both called for Sir Robbie's removal.
But Ms Nandy told the Commons that the government is ""unable"" to remove Sir Robbie, as ""the charter sets a strict legal threshold that must be met before dismissal of a board member""."
Sky News,Snapchat groomer jailed for sexual assaulting and raping young girls,https://news.sky.com/story/devious-scheming-and-manipulative-nhs-manager-jailed-for-28-years-after-grooming-girls-on-snapchat-13468709,"A senior NHS manager, described by a judge as ""devious, scheming and manipulative"", has been jailed for 28 years for raping and sexually assaulting girls he groomed on Snapchat.","Tue, 11 Nov 2025 17:27:00 +0000",https://news.sky.com/story/devious-scheming-and-manipulative-nhs-manager-jailed-for-28-years-after-grooming-girls-on-snapchat-13468709,,news.sky.com,2025-11-11T22:16:48.952682+00:00,"Snapchat groomer jailed for sexual assaulting and raping young girls
Leicester Crown Court heard Paul Lipscombe, 51, created multiple Snapchat profiles to groom girls before assaulting them. He also sold AI-generated child abuse videos on a website.
Tuesday 11 November 2025 20:55, UK
A senior NHS manager, described by a judge as ""devious, scheming and manipulative"", has been jailed for 28 years for raping and sexually assaulting girls he groomed on Snapchat.
Paul Lipscombe, 51, from Rothley in Leicestershire, admitted 34 offences against six girls - aged between 12 and 15 - between September 2023 and April 2024 after targeting them via the social media app.
Leicester Crown Court heard that police became aware of his offending after a 15-year-old girl, who was reported missing, told officers that she had been raped.
Prosecutor Frida Hussain KC told Judge Keith Raynor on Monday that Lipscombe was initially arrested on suspicion of kidnapping the missing girl when officers pulled over his car in Birstall, near Leicester, in April 2024.
Ms Hussain told the court the girl went missing from her home late at night and was picked up by Lipscombe nearby, before he took her to a hotel. Police later found the child at a rented address.
""He accused other people of serious crimes simply in order to mask his own crimes,"" Ms Hussain added.
Follow-up searches at the hotel, his car and home uncovered evidence that the youngster had been sexually assaulted. Police recovered items including soft toys, restraints, vodka, his phone and another mobile which had been wiped.
Devious, scheming and manipulative
Passing sentence on Tuesday, Judge Raynor told Lipscombe he was ""intelligent, confident, resourceful and well-organised"" and the victims had been ""truly vulnerable"".
""The evidence shows you to have been devious, scheming and manipulative. You were bold in your offending and you took very high risks. The sexual abuse of young girls was an obsession in life for you,"" he said.
Leicester Crown Court heard that when Lipscombe initially contacted the girls, he told them he was in his late 20s or early 30s. Five of the six girls had met with him and been raped or sexually assaulted.
A significant number of indecent images of children were discovered on his devices and online storage accounts. He had also set up a website where people could buy illegal videos of child abuse created through AI technology.
The court was told Lipscombe had been targeting girls using several Snapchat accounts, including two fake names, Dom Woodmore and George.
In February, Paul Lipscombe pleaded guilty to 34 offences, including two counts of rape of a child under 13; 21 counts of sexual activity with a child; three counts of sexual assault of a child under 13; and causing or inciting a child to engage in sexual activity.
He also admitted six counts of making indecent photographs of children and distributing indecent photographs of children.
Lipscombe was sentenced on Tuesday to 28 years and one month, and to remain on licence for three years after his release. He has been placed on the sex offenders register for life.
Read more from Sky News:
Bin lorry crashes into building
Lammy: Three prisoners still at large
Conwoman with £5bn Bitcoin jailed
Could be other victims, say police
Detective Constable Lauren Speight, from the Child Abuse Investigation Unit (CAIU), said: ""Our investigation into the offending carried out by this man is continuing.
""We suspect he may have been in contact with other girls and could well have committed sexual offences against others. We would urge anyone who has been in contact with him to contact us.""
The married NHS executive worked with the University Hospitals Coventry and Warwickshire NHS Trust as a performance and informatics specialist.
Be the first to get Breaking News
Install the Sky News app for free
In a statement, the trust said Lipscombe was initially suspended when he was arrested, then later dismissed in June 2024.
It added there was ""nothing has been identified at this stage to indicate this individual's criminal activity was committed as part of their role""."
Sky News,"Hundreds of Russian troops roll into key frontline city 'Mad Max-style', video appears to show",https://news.sky.com/story/hundreds-of-russian-troops-roll-into-key-frontline-ukrainian-city-mad-max-style-video-appears-to-show-13468646,"Hundreds of Russian troops have pushed deeper into eastern Ukrainian cities 'Mad Max-style', video released by the Russians appears to show.","Tue, 11 Nov 2025 15:29:00 +0000",https://news.sky.com/story/hundreds-of-russian-troops-roll-into-key-frontline-ukrainian-city-mad-max-style-video-appears-to-show-13468646,,news.sky.com,2025-11-11T22:16:50.300479+00:00,"Hundreds of Russian troops roll into key frontline Ukrainian city 'Mad Max-style', video appears to show
The fight to gain hold of the key eastern city of Pokrovsk, a strategic point on a large road and rail artery in the Donetsk region, has been raging for well over a year.
Tuesday 11 November 2025 21:21, UK
Hundreds of Russian troops have pushed deeper into eastern Ukrainian cities 'Mad Max-style', video released by the Russians appears to show.
The troops were seen rolling through the fog on motorbikes, with some on the roofs of battered cars and vans, apparently into the city of Pokrovsk, as Russia said its forces had also pressed further into Kupiansk on Tuesday.
Ukraine has acknowledged the presence of the troops on its territory, although Reuters news agency says that when the video was shot is yet to be verified.
The fight to gain hold of Pokrovsk, a strategic point on a large road and rail artery in the Donetsk region, has been raging for well over a year, in Vladimir Putin's push to gain control of the whole of Ukraine's industrial east.
The Donbas region comprises the neighbouring regions of Luhansk and Donetsk.
Ukraine's military said around 300 Russian soldiers were now inside Pokrovsk and that Moscow had intensified efforts to get more troops in over the past few days - using dense fog for cover from drones.
It said Ukrainian forces were fighting Russian groups in the city.
Moscow says taking Pokrovsk, dubbed ""the gateway to Donetsk"" by Russian media, would give it a platform to push north towards the two largest remaining Ukrainian-controlled cities in the Donetsk region - Kramatorsk and Sloviansk.
Posting on X on Tuesday, Ukraine's President Volodymyr Zelenskyy said: ""The front: our main focus right now is on the Pokrovsk direction and the Zaporizhzhia region, where the Russians are increasing the number and scale of assaults.
""The situation there remains difficult, in part because of weather conditions that favor the attacks. But we continue to destroy the occupier, and I thank every one of our units, every warrior involved in defending Ukraine's positions.""
Moscow and Kyiv have given different accounts of the battle for Pokrovsk. Moscow has for days said the city is surrounded, while Kyiv has denied Moscow controls the city and said on Monday that it was still able to supply neighbouring Myrnohrad.
Moscow has been threatening Pokrovsk for more than a year, attempting to surround it and threaten supply lines, rather than use the deadly frontal assaults it used to take the city of Bakhmut in 2023.
Russian war bloggers published a video on Tuesday showing what they said were Russian forces entering Pokrovsk along a road enveloped in fog, in what some Telegram users said looked like scenes from the Mad Max action film series, many of which are set in a post-apocalyptic landscape.
The date of the footage has not been independently verified.
Read more:
At least 12 killed after suicide bombing in Pakistan
Thailand-Cambodia peace deal in trouble
Russia said it had taken 256 buildings and that Moscow's forces were actively advancing to the northwest and east of Pokrovsk as well as around the railway station.
Russia has executed a pincer movement around the city and was close to closing it, open-source battlefield maps from both sides show, though Kyiv has counter-attacked around the town of Dobropillia.
Ukraine's top military commander, Oleksandr Syrskyi, said in an interview with the New York Post that Russia was concentrating some 150,000 troops in a push to capture Pokrovsk, with mechanised groups and marine brigades forming part of this drive.
Russia said its forces had taken full control of the eastern part of Kupiansk in Ukraine's Kharkiv region. A Russian commander, who gave his call sign as Hunter, said his troops had taken control of an oil depot on the eastern edge of Kupiansk.
In a video statement issued by Russia's defence ministry, he said his forces had also taken control of a series of train stops along the railway to Kupiansk Vuzlovyi, a settlement around 6km (4 miles) south of the centre of Kupiansk itself.
Be the first to get Breaking News
Install the Sky News app for free
Russia also said its troops had taken control of the settlement of Novouspenivske in the southeastern Zaporizhzhia region.
Ukraine withdrew from some villages, including Novouspenivske, due to intense attacks involving more than 400 artillery strikes per day, RBC-Ukraine news agency cited a military spokesperson as saying.
Russia's military says it now controls more than 19% of Ukraine, or some 116,000 square km (44,800 square miles), up from 18% nearly three years ago, according to Ukrainian maps tracking frontline changes."
Sky News,"'Shamima Begum should be repatriated', counterterrorism review says",https://news.sky.com/story/counterterrorism-review-calls-for-shamima-begum-and-other-british-linked-people-in-syria-to-be-repatriated-13468688,"Shamima Begum, the former east London schoolgirl who joined Islamic State, and other British-linked people who are detained in camps in Syria should be repatriated, a major review of UK counterterrorism policy has said.","Tue, 11 Nov 2025 16:47:00 +0000",https://news.sky.com/story/counterterrorism-review-calls-for-shamima-begum-and-other-british-linked-people-in-syria-to-be-repatriated-13468688,,news.sky.com,2025-11-11T22:16:51.434198+00:00,"Counterterrorism review calls for Shamima Begum and other British-linked people in Syria to be repatriated
The review warns that the current policy of leaving such women, men and children in limbo is ""unsustainable"" and risks turning the detention camps in northeastern Syria into ""Britain's Guantanamo"".
Tuesday 11 November 2025 19:45, UK
Shamima Begum, the former east London schoolgirl who joined Islamic State, and other British-linked people who are detained in camps in Syria should be repatriated, a major review of UK counterterrorism policy has said.
The report, by an independent commission, said the current policy of leaving such women, men and children in limbo was ""unsustainable"" and risked turning the detention camps in northeastern Syria into ""Britain's Guantanamo"".
This is a reference to the notorious American detention facility in Guantanamo Bay, Cuba, that was used to imprison al Qaeda suspects indefinitely.
The Independent Commission on UK Counterterrorism warned that conditions at the Syrian camps, including Al Hol and Al Roj, ""constitute inhuman and degrading treatment"".
It said forcing British-linked people to live in such facilities instead of allowing them to return home was ""inconsistent"" with the UK's international human rights obligations.
The exact number of British citizens, as well as individuals like Begum, who had her citizenship revoked because she joined Islamic State (IS), stranded in the camps is not clear.
But estimates put the total figure at between 50 and 70, the majority of them women, and between 12 to 30 children, half of whom are under the age of 10.
There is a particular obligation of the British state to protect children from harm.
""The government should facilitate the voluntary repatriation for British nationals, including those deprived of British nationality,"" the commission said.
""It should appoint a special envoy to oversee repatriation and inform returnees of the likelihood of prosecution.""
The report said that the UK was an ""outlier"" in its policy towards UK-linked citizens who joined Islamic State and are detained in camps.
Termed ""strategic distance"", the British approach involved stripping people of their citizenship, limiting consular assistance and helping to fund the Kurdish guards who man the detention camps to ensure they remain stranded.
Be the first to get Breaking News
Install the Sky News app for free
By contrast, the US, Canada and several European states have brought their citizens who joined Islamic State home.
""Pressure from the US government, which has called for all states to take back their nationals, the change in the Syrian regime, and as other states repatriate, the prospect of what was referred to as 'Europe's Guantanamo' becoming 'Britain's Guantanamo', may force the government to begin returns,"" the commission said.
The report cited research that found the balance of risk favoured repatriating British-linked people rather than leaving them stranded in Syria and open to potential further radicalisation.
""As escapes from camps are likely to lead to some returns to the UK, an organised programme of return, rehabilitation and integration is the best long-term option for managing risk,"" the commission said.
It listed tools that could be used to manage returns and limit the risk to public safety, including preventing returnees from travelling, putting them under investigation and enrolling them in deradicalisation programmes.
Shamima Begum, now 26, is the most high-profile detainee in the Al Roj refugee camp.
She lost an appeal against the removal of her British citizenship last year.
Begum travelled to Syria in 2015, aged 15, with two schoolfriends. She married an Islamic State fighter soon after her arrival. They had three children, but none survived.
She has been stranded in the camp since 2019.
Read more:
Ex-IS brides and their children desperate to go home
British girl returns to UK from IS detention camp in Syria
As well as recommendations on what to do about British-linked citizens detained in Syria, the report focused on how to improve counterterrorism measures in the UK.
Most significantly, it found that the UK's Prevent counter-terrorism strategy ""is no longer keeping the country safe"" and needs a ""radical overhaul""."
Sky News,Image released after woman racially abused and assaulted at Tube station,https://news.sky.com/story/police-want-to-identify-two-people-after-woman-racially-abused-and-assaulted-at-bond-street-station-13468393,Police have released a photo after a woman was racially abused and assaulted while with her family in central London last month.,"Tue, 11 Nov 2025 08:13:00 +0000",https://news.sky.com/story/police-want-to-identify-two-people-after-woman-racially-abused-and-assaulted-at-bond-street-station-13468393,,news.sky.com,2025-11-11T22:16:52.561970+00:00,"Police want to identify two people after woman racially abused and assaulted at Bond Street station
The man allegedly sprayed a substance he said was pepper spray - but the victims reported no ill effects.
Tuesday 11 November 2025 08:20, UK
Police have released a photo after a woman was racially abused and assaulted while with her family in central London last month.
The victim was entering Bond Street Tube station with her sister and two young children, one of whom was in a pushchair.
British Transport Police (BTP) said the man and woman pictured in the image were walking in front of the family when the woman ""collided with the pushchair"".
The man then allegedly shouted racial abuse at the victim and her family and the woman grabbed her hair.
When she tried to defend herself, BTP said the man pulled out a small bottle he claimed was pepper spray and sprayed it in the direction of the victim and her family.
""The woman shouted abuse and made lewd gestures at them before both parties left the area,"" the force added.
Police said the incident happened around 7.30pm on Saturday 11 October.
Read more from Sky News:
Pressure grows to release 15 penguins at London aquarium
Learner driver has failed their theory test 128 times
Be the first to get Breaking News
Install the Sky News app for free
They are still trying to identify what substance was sprayed, but the victims of the incident reported no ill effects.
Anyone who recognises the people in the photo is asked to contact the BTP."
Sky News,"Bin lorry crashes into building, leaving one dead and two injured",https://news.sky.com/story/bin-lorry-crashes-into-building-leaving-one-dead-and-two-injured-13468691,A man has died and two others have been left seriously injured after a bin lorry crashed into a building in Herefordshire.,"Tue, 11 Nov 2025 16:47:00 +0000",https://news.sky.com/story/bin-lorry-crashes-into-building-leaving-one-dead-and-two-injured-13468691,,news.sky.com,2025-11-11T22:16:54.591727+00:00,"Bin lorry crashes into building, leaving one dead and two injured
Residents have been urged to avoid the area after emergency services responded to incident in Herefordshire.
Tuesday 11 November 2025 18:12, UK
A man has died and two others have been left seriously injured after a bin lorry crashed into a building in Herefordshire.
The man, in his 60s, was a passenger in the vehicle, which also carried the driver and another passenger.
The driver and the second passenger were seriously injured and airlifted to hospital.
The incident occurred at around 6.40am in Leominster, according to West Mercia Police.
Superintendent Helen Wain said: “A cordon remains in place while the fire service and local authorities continue to work to make the building safe.
""Roads surrounding the building are closed and are expected to remain closed for some time.
“On behalf of all agencies, our thoughts and condolences are with those involved and the families affected by the incident.""
The building, initially thought to have been a house, was empty at the time and no one else was injured.
The West Midlands Ambulance Service said it received multiple 999 calls at around 6.45am reporting that a refuse lorry had collided with a property.
Read more from Sky News:
91 prisoners freed in error over past seven months
Epping hotel to house asylum seekers after legal challenge fails
When ambulance staff arrived, they found a “significant” road traffic collision. Three passengers were trapped in the bin lorry.
“Due to structural damage to the building, all three emergency service teams worked rapidly together to safely extricate the patients,” a spokesperson said.
“Sadly, one male passenger was confirmed deceased at the scene.”
Be the first to get Breaking News
Install the Sky News app for free
The driver and the remaining passenger were airlifted to Queen Elizabeth Hospital Birmingham for further emergency care.
Herefordshire Council thanked the emergency services for their “swift response,” adding: “We are working with our partners to assess the situation. Further updates will be issued when more facts are known.”"
Sky News,Details of footballer's &#163;1m Manchester United lawsuit revealed,https://news.sky.com/story/axel-tuanzebe-details-of-former-manchester-united-players-1631m-lawsuit-against-club-obtained-by-sky-news-13468703,"Manchester United have been accused of harming the career of a former player by failing to treat an injury ""promptly"" and ""appropriately"", leaving him with more serious long-term problems, according to a £1m lawsuit obtained by Sky News.","Tue, 11 Nov 2025 17:05:00 +0000",https://news.sky.com/story/axel-tuanzebe-details-of-former-manchester-united-players-1631m-lawsuit-against-club-obtained-by-sky-news-13468703,,news.sky.com,2025-11-11T22:16:55.757294+00:00,"Axel Tuanzebe: Details of former Manchester United player's £1m lawsuit against club obtained by Sky News
Sky News has obtained legal documents lodged at London's High Court which allege that the Burnley defender can no longer play ""without restriction or impediment"" over United's handling of a spinal injury.
Tuesday 11 November 2025 18:50, UK
Manchester United have been accused of harming the career of a former player by failing to treat an injury ""promptly"" and ""appropriately"", leaving him with more serious long-term problems, according to a £1m lawsuit obtained by Sky News.
While defender Axel Tuanzebe is still in the Premier League at Burnley, he blames United for no longer being able to play ""without restriction or impediment"" - impacting his career and earnings.
The landmark case has been brought by the footballer claiming clinical negligence - shining an unprecedented spotlight on the inner workings of a leading club's medical care and alleged handling of an injury.
The lawsuit lodged at the High Court in London shows the 27-year-old Congolese player ""expects to recover damages in excess of £1,000,000"".
An academy graduate at United, he left the club in 2023 after 17 years. United declined to comment.
The case centres on stress fractures at the back of the spine, which the British Association of Spine Surgeons says footballers are vulnerable to.
It's alleged Tuanzebe sustained a left-sided pars fracture in January 2020, which became chronic by July 2022 when he also developed a right-sided pars fracture.
The lawsuit says: ""Appropriate treatment plans would, on the balance of probabilities, have resulted in the claimant avoiding the pain and discomfort set out below and would have resulted in him being able to play professional football at elite level without restriction or impediment.
""As it is, although he continues to play at an elite level, this has impacted his career and earnings.""
The details of the injury have never previously been reported.
Injury origins
The case centres on how MRI scans in early 2020 were interpreted following a hamstring injury suffered in a League Cup match in December 2019 against Colchester.
A suspected pars fracture was detected - referencing spinal stress fractures in the lower back, which athletes can suffer from repeated movements.
The lawsuit says: ""It is the claimant's case that the defendant [United] negligently failed to properly investigate the claimant's pars fractures, failed to rest the claimant and failed to refer him to a specialist sports spinal surgeon.
""As a result, the claimant's symptoms significantly progressed to bilateral grade 4 fractures, and he developed a left-sided chronic spinal fracture.
""Had the claimant been appropriately rested, his left-sided pars fracture would not have developed into a chronic condition and the right-sided fracture would have been avoided altogether.""
The fractures, which developed by July 2022, caused Tuanzebe ""significant pain and discomfort since their development and deterioration.""
Return to playing
The lawsuit claims that in January 2020, United ""failed to refer him to a specialist sports spinal surgeon"" who would have apparently advised at least 12 weeks of rest to allow the fracture to heal.
But Tuanzebe was back playing by March 2020 for United in the Premier League 2 development competition and returned to first-team action in October in the Champions League against French side Paris Saint-Germain.
Then United-manager Ole Gunnar Solskjaer hailed ""a tremendous defender, a great leader"", adding: ""He's going to be a top player for us and he's got the character and the attitude that a Man United player should have.""
New pain
In December 2020, Tuanzebe told United he was suffering hamstring pain after sprinting. Despite concerns at the start of the year, the lower spine ""was not imaged on this occasion"", the lawsuit says.
The lawsuit says: ""By allowing the claimant to train and play as normal from February to March 2020 and thereafter, he suffered more serious symptoms than he would have if he had been diagnosed promptly and treated appropriately with rest.""
It claims an ""appropriate treatment plan"" was only put in place three years later - in April 2023.
The lawsuit says: ""Appropriate treatment plans would, on the balance of probabilities, have resulted in the claimant avoiding the pain and discomfort set out below and would have resulted in him being able to play professional football at elite level without restriction or impediment.
""As it is, although he continues to play at an elite level, this has impacted his career and earnings.""
On loan in Italy
It was while on loan at Napoli in January 2022 that left-sided lower back pain led to the Italian club sending Tuanzebe for scans.
United were informed by Tuanzebe of difficulties getting out of bed and into his car.
But Dr Steve McNally, United senior club doctor and head of sports medicine and science, who left the club after 16 years in December 2022 to take a role with the PGMOL, is alleged to have ""indicated no urgency"" for him to return home for an examination.
Dr McNally is alleged to have told Tuanzebe it was ""most likely"" he had ""disc irritation or change in posture mechanics rather than a stress problem"" and that it ""usually resolves with physio"" rather than being serious.
The lawsuit highlights the period from January 2020 to January 2022 - claiming United ""failed to properly assess, record or attempt to treat the claimant's fracture in the acute phase"" when further regular medical examinations were required and appropriate rest from training and playing was needed.
Examinations continued into the following month, February 2022.
Be the first to get Breaking News
Install the Sky News app for free
Read more from Sky News:
'Goddess of Wealth' conwoman jailed over £5bn Bitcoin hoard
Princess of Wales lays Armistice Day wreath
The lawsuit says while a stress fracture was excluded by Dr McNally following a CT scan, there could be an ""inflamed facet joint between the vertebrae"".
But Napoli's club doctor said an analysis of a CT scan showed a potential stress fracture, described as ""chronic incomplete lysis of the isthmus of L5 with intact superior cortical profile"".
Dr McNally is alleged to have responded by saying that it was already visible on a CT scan from 2017, so ""don't think that would cause your current pain"".
Based on a referral by United, Tuanzebe was recommended pain relief injections in March 2022.
Despite reporting pain in June 2022, Tuanzebe went on United's pre-season tour to Thailand the following month, but then asked to return to England for treatment.
After further MRI and CT scans, a stress fracture of the spine was reported in medical reports in August 2022.
He was able to return to full training by January 2023 and joined Stoke on loan until the end of the season, but ongoing discomfort limited him to five appearances.
United then released Tuanzebe rather than triggering a one-year contract extension.
The lawsuit says: ""By allowing the claimant to return to training and playing, including an intense strength and conditioning and running programme following 17 August 2022, this has caused him to suffer more serious symptoms than he would have if he had been diagnosed promptly and treated appropriately with rest.""
The ""particulars of claim"", which sets out the basis for the case, was filed after being signed by Tuanzebe on 27 October."
Sky News,The Sting and Anna star Sally Kirkland dies aged 84,https://news.sky.com/story/sally-kirkland-famous-for-her-oscar-nominated-roles-in-the-sting-and-anna-dies-aged-84-13468707,"Sally Kirkland, a former model and Oscar nominated actress known for her roles in films such as Anna, The Sting and JFK has died aged 84.","Tue, 11 Nov 2025 17:14:00 +0000",https://news.sky.com/story/sally-kirkland-famous-for-her-oscar-nominated-roles-in-the-sting-and-anna-dies-aged-84-13468707,,news.sky.com,2025-11-11T22:16:56.876813+00:00,"Sally Kirkland, famous for her Oscar-nominated roles in The Sting and Anna, dies aged 84
The actress, who was famously comfortable with nudity, was also a fierce advocate for people with AIDS, prisoners and the homeless.
Tuesday 11 November 2025 20:46, UK
Sally Kirkland, a former model and Oscar nominated actress known for her roles in films such as Anna, The Sting and JFK has died aged 84.
Her representative, Michael Greene, said Kirkland died on Tuesday morning at a Palm Springs hospice.
Kirkland had been unwell and struggling to cover medical bills after she fractured six bones last year and developed two life-threatening infections. She had also been diagnosed with dementia.
A GoFundMePage that was set up by her friends to help pay for her ongoing treatment had raised over £45,000 ($60,000).
Her biggest role was in the 1987 film Anna, as a fading Czech movie star remaking her life in the United States and mentoring a younger actor.
Kirkland won a Golden Globe and earned an Oscar nomination alongside Cher in Moonstruck, Glenn Close in Fatal Attraction, Holly Hunter in Broadcast News and Meryl Streep in Ironweed.
Born in New York City, Kirkland was encouraged to start modelling at age five by her mother, who was a fashion editor at Vogue and Life magazines. Kirkland went on to graduate from the American Academy of Dramatic Arts in 1961.
An early breakout for the star was appearing in Andy Warhol's 13 Most Beautiful Women in 1964.
Some of her earliest roles were playing Shakespeare parts, including Helena in A Midsummer Night's Dream and Miranda in an off-Broadway production of The Tempest.
She once told the Los Angeles Times: ""I don't think any actor can really call him or herself an actor unless he or she puts in time with Shakespeare.""
Kirkland was also infamous for her nude scenes, often disrobing in films and for social causes. In particular, Kirkland volunteered and advocated for people with AIDS, the homeless and prisoners."
Sky News,California governor accuses Trump of 'abdicating responsibility' over green energy,https://news.sky.com/story/california-governor-gavin-newsom-accuses-donald-trump-of-abdicating-responsibility-over-green-energy-at-cop30-13468725,"A possible Democratic contender for the White House says he's at the COP summit with an ""open hand not a closed fist"" - as he vowed not to let China dominate the green space.","Tue, 11 Nov 2025 18:04:00 +0000",https://news.sky.com/story/california-governor-gavin-newsom-accuses-donald-trump-of-abdicating-responsibility-over-green-energy-at-cop30-13468725,,news.sky.com,2025-11-11T22:16:58.042231+00:00,"California governor Gavin Newsom accuses Donald Trump of 'abdicating responsibility' over green energy at COP30
The Republican president has ignored the meeting of tens of thousands of people at the COP30 climate talks in Brazil, leaving the stage wide open for Democrats to swoop in and lob criticism from afar.
Tuesday 11 November 2025 21:44, UK
A possible Democratic contender for the White House says he's at the COP summit with an ""open hand not a closed fist"" - as he vowed not to let China dominate the green space.
California Governor Gavin Newsom has for months been teasing a bid for the next presidential election in 2028.
Sky News asked him at COP30 in Brazil if he was using it to drum up support for his campaign.
""I'm here in the absence of leadership from Donald Trump, who's abdicated responsibility on a critical issue,"" he said.
The Republican president has ignored the meeting of tens of thousands of people in Belem, leaving the stage wide open for Democrats to swoop in and lob criticism from afar.
Mr Newsom is a longstanding political foe of US President Donald Trump - they trade insults like ""Gavin Newscum"" and ""The Nodfather"".
He added the switch to green energy is about ""more than electric power"".
""It's about economic power,"" Mr Newsom said, ""and I'm not going to cede America's economic leadership to China.""
When he took office this year, Donald Trump cancelled clean energy projects and subsidies.
Meanwhile China is making eight in ten of the world's solar panels and seven in ten electric vehicles - while also producing more coal than any other country.
The US president is fighting back for the domestic oil and gas industry by trying to sell more of it abroad.
But in doing so he has given China more room to dominate green markets, Democrats say.
The US and China have been locked in tariff threats and trade wars this year.
Read more:
Trump urged to involve US in the fight against climate change
COP30 kicks off with plea to work together - despite Trump-shaped hole
Why US may soon have a real energy emergency
What is COP30?
'Open hand, not a closed fist'
Mr Newsom said at another event at COP30 today California was going to ""lean in"" and ""compete in this space"".
""But we can't do that without all of you... So we're here with an open hand, not a closed fist.""
Democrats have been pounding the hot and humid hallways in Amazonian Belem to tout California's ""climate leadership"".
The state doesn't have any formal say in these inter-governmental negotiations. But as the fourth-largest economy in the world, it does wield influence in energy markets.
California gets two thirds of its electricity from renewables, but also still imports 300,000 barrels of oil a year, the second-biggest provider of which is the country hosting the climate summit, Brazil.
Republican states were also faster to roll out renewable power than Democrats. Sky News put that to California senator Josh Becker yesterday, also here on a PR exercise for the state.
Mr Becker said the fact that Republican Texas had rolled out more solar and wind than California was ""a good thing that shows that it's economically competitive"".
""It's actually cheaper. That's really why they did it,"" he said. ""Not necessarily because of climate action. And that's good news. So we're all for that."""
Sky News,"Universal credit claimants soar by over a million in a year, new figures show",https://news.sky.com/story/universal-credit-claimants-soar-by-over-a-million-in-a-year-new-figures-show-13468726,"The number of universal credit (UC) claimants has soared to 8.3 million people - up from 7.2 million at the same time last year, new government figures show.","Tue, 11 Nov 2025 18:00:00 +0000",https://news.sky.com/story/universal-credit-claimants-soar-by-over-a-million-in-a-year-new-figures-show-13468726,,news.sky.com,2025-11-11T22:17:29.255380+00:00,"Universal credit claimants soar by over a million in a year, new figures show
Nearly half of all universal credit claimants are not required to work, the latest statistics show.
Tuesday 11 November 2025 20:07, UK
The number of universal credit (UC) claimants has soared to 8.3 million people - up from 7.2 million at the same time last year, new government figures show.
That is a 1.1 million increase in the space of a year, and is the largest annual rise in total claimants since early in the COVID pandemic - the 12 months to April 2021.
UC is a payment to help with living costs and is available for people in work who are on low incomes, as well as those who are out of work or cannot work.
Tap here for the latest news from Westminster
There has also been a sharp rise in the number of people claiming UC who have ""no work requirements"".
Four million people were in this category in October, up from 2.9 million people a year ago, statistics from the Department for Work and Pensions show.
Claimants in the ""no work requirements"" bracket are people in full-time education, over the state pension age, with a child aged under one, and who are considered to have no prospect of work - they make up 48.7% of all claimants.
Other claimants must do certain work-related activities to receive the UC benefit, such as attending interviews to plan for their return to work or be actively searching for work.
The number of people in the searching for work category stood at 1.6 million in October, and the number of working people on UC stood at 2.2 million last month - both unchanged year-on-year.
The government has previously said it ""inherited a broken welfare system and spiralling, unsustainable benefits bill"" from the Conservatives, and is working on reforms including tightening rules on who can claim UC.
The new data on the huge increase in UC claimants comes on the day it was announced that the unemployment rate has risen to 5% in the three months to September - the highest rate since the pandemic in 2020.
Following a commitment to publish a breakdown of UC claimants by immigration status, which was first done in July, the DWP has published updated figures showing that the majority were British and Irish nationals and those who live or work in the UK without any immigration restrictions.
They accounted for 84.3% of all UC claimants in October, up from 82.9% in October 2024 - and of these, 99.9% were UK citizens and around a third (32%) were in employment.
Be the first to get Breaking News
Install the Sky News app for free
9.2% of claimants have EU Settled Status in the UK, which is down from 10.4% a year ago.
And 2.6% were people who had indefinite leave to remain in the UK, up from 2.2% the previous year.
Refugees accounted for 1.5% of UC claimants, which is unchanged from the same point last year.
A DWP spokesperson said: ""The number of people receiving universal credit has been increasing as we have invited tens of thousands of people each month to move from legacy benefits as they become phased out.
""We're determined to get more people off welfare and into work. That's why we are stepping up our plan to Get Britain Working with the most ambitious employment reforms in a generation. This includes modernising jobcentres and providing tailored support through the Connect to Work programme.
""Every eligible young person who has been on universal credit for 18 months without earning or learning will also be offered guaranteed paid work through our Youth Guarantee."""
Deutsche Welle World,"It's Trump vs. the press, again, with new threat to BBC",https://www.dw.com/en/it-s-trump-vs-the-press-again-with-new-threat-to-bbc/a-74705138?maca=en-rss-en-world-4025-rdf,Donald Trump is poised to again sue a major news organization — this time the BBC — following the publication of a leaked internal memo raising concerns of bias in its programming.,2025-11-11T20:57:00Z,https://www.dw.com/en/it-s-trump-vs-the-press-again-with-new-threat-to-bbc/a-74705138?maca=en-rss-en-world-4025-rdf,,www.dw.com,2025-11-11T22:17:31.456733+00:00,"It's Trump vs. the press, again, with new threat to BBC
November 11, 2025The president of the United States could take Britain’s national broadcaster to court amid a debate over editorial decisions at the BBC that has claimed two of its most senior executives.
Contents of a memo sent to a BBC internal editorial standards committee by Michael Prescott, a former external adviser, was published by the Daily Telegraph newspaperbetween November 3-6.
It raised concerns about the BBC’s coverage of immigration, racism, historical content, transgender issues, and BBC Arabic’s coverage of the Gaza war.
It also highlighted issues with an episode of the BBC’s flagship current affairs program, Panorama.
Prescott cited problems with the show’s depiction of Trump’s speech to supporters in Washington D.C. on January 6, 2021, as the US Congress prepared to certify the election victory of Joe Biden. Following that speech, the crowd marched to the US Capitol building, with a violent riot ensuing.
Screened a week before the 2024 presidential election, Prescott raised concerns about the way the episode fused two separate clips together to give the impression that Trump incited the crowd’s actions on January 6. In reality, the clips took place almost an hour apart. The omitted period included a moment where Trump called for a peaceful march to the Capitol building.
A high-profile fallout
On Sunday, the BBC’s Director-General Tim Davie and head of news and current affairs Deborah Turness resigned from their positions. Both have dismissed suggestions of systemic bias at the broadcaster.
In a letter to MPs, the broadcaster’s chair Samir Shah said the BBC accepted ""that the way the speech was edited did give the impression of a direct call for violent action"" and apologized ""for that error of judgement.""
A lawyer for Trump has now called on the BBC to apologize, retract the documentary and ""appropriately compensate President Trump for the harm caused"" by Friday, November 14, 2025, or face a $1 billion (about €863 million) lawsuit.
Media observers have said the memo’s criticisms of the Panorama edit are reasonable, but are concerned about wider attacks on the BBC’s record of impartiality.
""It certainly was a mistake,"" said Mel Bunce, director of the Centre for Journalism and Democracy at City St George's University, UK. ""My far greater concern is the attacks on the BBC that are resulting from this.""
Similarly, Dafydd Townley, a political historian at Portsmouth University and chair of the UK American Politics Group, said the possibility of legal action against the broadcaster could ""severely impinge the BBC’s reputation in the US, but also its ability to report and gain extensive reach in the US.""
The BBC has ranked in the top three of 52 news sources in the United States in YouGov’s annual trust in media poll since 2022.
The fallout has continued to raise questions about the broadcaster, particularly ahead of a scheduled review to be carried out by the UK government. The BBC is publicly funded by a license fee paid by households with televisions or who use streaming services; however its decision-making is independent from the government.
Timeline: Trump vs. the press
It is not the first time Donald Trump has been willing to take legal action against media organizations. His most recent activities have seen some of the biggest American media companies sued for millions, or billions of dollars. These have included CNN, ABC (US) and CBS, and the owners of major newspapers like the Wall Street Journal and New York Times. Journalists attached to reporting on Trump have also been sued by the president.
Recent cases brought by Trump against other large media companies include:
CNN
Donald Trump filed against CNN in October 2022 for $475 million. A chief allegation in the filing was that CNN’s use of the phrase ""the Big Lie"" to describe Trump’s claims the 2020 election was stolen from him, associated him with Adolf Hitler. A US federal judge dismissed the case in July 2023, saying the statements made on CNN ""while repugnant, were not, as a matter of law, defamatory.""
ABC News (Disney)
In December 2024, ABC News agreed to pay $15 million toward a foundation for Trump’s presidential library after it settled a lawsuit with the president. Trump brought a defamation lawsuit against ABC after its news anchor George Stephanopoulos inaccurately described on-air the verdicts of New York writer E. Jean Carroll’s civil case against the president.
CBS (owned by Disney)
In July 2025, Paramount Global, which owns the broadcaster CBS, agreed to settle a $20 billion lawsuit brought against it. Trump had sued CBS for the way it edited an interview with his presidential election rival Kamala Harris for an episode of its flagship current affairs program, 60 Minutes.
Wall Street Journal
In July 2025, Donald Trump sued the Wall Street Journal and its owners, including Rupert Murdoch, for at least $10 billion for publishing a story that quoted a 2003 letter it said was signed by him and written to convicted sex offender Jeffrey Epstein. The Journal and its owners have defended the reporting publicly and have said they will contest the lawsuit.
New York Times
In October 2025, Trump refiled a $15 billion lawsuit brought by Trump against the New York Times and three of its journalists. The original filing was tossed by District Court Judge Steven Merryday in September. The Times, two of its reporters and the book publisher Penguin Random House as named defendants.
'This couldn’t come at a worse time'
With a November 14 deadline, it is unclear how the president’s latest legal threats against the BBC will play out, particularly as the Panorama episode was not screened or available in the US.
But combined with non-legal actions, such as removing the Associated Press from the White House press gallery or issuing orders to scrap funding for public broadcasters PBS and NPR, Voice of America and Radio free Europe, the threat of litigation continues a trend of actions by the president against legacy media organizations.
In May 2025, Reporters Without Borders said Trump’s second term in office had ""led to an alarming deterioration in press freedom.""
Editorial standards, freedom of the press and the way that public and private media organizations are able to report on government activities and politicians is something that continues to come under strain. Townley said long-established media houses have been less able to perform their traditional role.
""We have to have, not just concerns about editorial processes within the BBC, but also about executive branch attitudes towards press,"" said Townley.
""It is just an indication of that relationship between the fourth estate [the press] and the executive branch is under extreme pressure at the moment.""
""That’s a big concern for many in the US, and who is going to hold the executive branch and the federal government to account in the way that the mainstream media should be doing?""
Irrespective of whether Trump takes action against the BBC, there are also concerns about how this current challenge to the broadcaster will impact ongoing discussions around its role in Britain and abroad. Bunce points to the fact that the BBC is responsible for major non-news cultural outputs, and also provides independent media services to regions around the world through the BBC World Service, an equivalent entity to DW.
""The main concern here is that this will feed into political arguments that will influence the funding decisions, that the BBC might get defunded, not just its news organizations but also its high quality cultural industries.""
""This couldn’t come at a worse time, these questions about its editorial integrity."""
Deutsche Welle World,UN welcomes aid supply talks with Sudan army,https://www.dw.com/en/un-welcomes-aid-supply-talks-with-sudan-army/a-74705980?maca=en-rss-en-world-4025-rdf,"Tom Fletcher, the UN's top humanitarian official, is visiting Port Sudan, the de facto capital of Sudan. Meanwhile, a UN official told DW ""dismal"" international aid donations were severely hampering refugee assistance.",2025-11-11T20:48:00Z,https://www.dw.com/en/un-welcomes-aid-supply-talks-with-sudan-army/a-74705980?maca=en-rss-en-world-4025-rdf,,www.dw.com,2025-11-11T22:17:32.916974+00:00,"UN welcomes aid supply talks with Sudan army
November 11, 2025Leading UN diplomat Tom Fletcher was in Port Sudan on Tuesday for talks with the country's transitional military government, looking to secure better supply of aid to the war-torn country that's partly controlled by the rival Rapid Support Forces (RSF) militia.
Sudan's Transitional Sovereign Council shared a brief video on social media of Fletcher sitting in a room with President Abdel Fattah al-Burhan and other officials.
Fletcher, a veteran British diplomat and government advisor, meanwhile shared an image of the meeting online, and lauded the ""positive"" discussions early in his one-week visit to Sudan.
""Practical and positive exchange with General Al-Burhan on continued dialogue and cooperation to improve humanitarian access across Sudan. The UN appreciates the clear commitment to support us to deliver lifesaving aid everywhere it is needed,"" Fletcher wrote.
Millions displaced in two-and-a-half year conflict, limited international response
Prior to his departure for Sudan, Fletcher had also issued an impassioned appeal at the UN Security Council, asking diplomats from around the world why the international response to more than two years of fighting had been so muted when compared to the genocide in Darfur in western Sudan two decades ago.
""What is different today is that we are seeing a different global reaction: one of resignation,"" he told the Council. ""So this is also a crisis of apathy.""
Since the civil war erupted in April 2023 between the Sudanese army and the paramilitary Rapid Support Forces, tens of thousands have been killed and an estimated 12 million people have been displaced, either within Sudan or across its borders. This has created one of the world's largest humanitarian crises.
The Transitional Sovereign Council (TSC) backed by the country's military controls most of the north, east and center of Sudan, while the RSF controls most of Darfur, the vast region in western Sudan, and parts of the south.
RSF forces last month claimed control of el-Fasher, the last of the five regional capitals within Darfur, after a siege lasting more than a year, sending thousands fleeing.
The RSF said last week that it was willing to sign up to a humanitarian ceasefire proposal put forward by the US and other brokers, but the military government has not commented on the matter. Furthermore, reports of RSF attacks on army-held areas in regions like Kordofan and the capital Khartoum have persisted despite the group's pledge.
Fletcher said that he would work during a visit lasting one week ""to stop the atrocities, back peace efforts, uphold the UN charter, and push for our teams to get the access and funding they need to save lives across the battle lines.""
President Burhan meanwhile affirmed ""Sudan's keenness to cooperate with the United Nations and its various agencies,"" according to the army-backed TSC.
'Dismal' international contributions impeding aid provision, UN official tells DW
Meanwhile, Kelly Clements, Deputy High Commissioner of the UNHCR refugee agency, spoke to DW on Tuesday soon after a visit to Chad's region bordering western Sudan, where many of those fleeing Darfur head.
She described harrowing tales from people, often women and children, fleeing the fighting in el-Fasher.
""And the stories are horrific,"" Clements said. Around 87% of the refugees were women and children, higher figures than average, she said. ""The majority of women and girls have been assaulted or subject to sexual violence. We hear upwards of 70%.""
She said that cuts to international aid programs — perhaps most notably by the US President Donald Trump administration but also by a number of western governments including but not limited to Germany, the UK, France and Canada — were drastically impacting aid provision in Sudan and in countries like Chad, which are housing more and more Sudanese refugees.
""And because the funds that support us and support other aid providers has been so dismal, it's been very, very difficult to provide the kind of support — medical, psychosocial and otherwise — that these new arrivals desperately need, including those that we want to reach inside Darfur,"" Clements warned.
'Astounding' readiness to help in Chad, but 'much more support' needed
Clements expressed admiration for Chad's willingness to continue welcoming people fleeing the fighting in western Sudan.
""I met with several of the ministries last week and it is just astounding how they continue to talk about keeping their borders open to their brothers and sisters that need aid, need support, and are literally running for their lives,"" she said.
However, he noted that Chad is a country with many needs, including basic infrastructure, access to clean water, healthcare, and income.
""We have a million and a half refugees in Chad in different parts of the country fleeing wars from from different neighbors over the last decades. And it is a country that continues to be a hospitable host to refugees, but they need much more support from the international community,"" Clements said.
Meanwhile, Germany's Foreign Minstry said on Tuesday that G7 foreign ministers' talks in Niagara-on-the-Lake in Canada — likely to be dominated by the security situation in Ukraine and the Middle East, like so many such meetings in the past two or more years — would also discuss the situation in Sudan.
Edited by: Dmytro Hubenko"
Deutsche Welle World,Nigeria teams up with US and UK to investigate cocaine haul,https://www.dw.com/en/nigeria-teams-up-with-us-and-uk-to-investigate-cocaine-haul/a-74706106?maca=en-rss-en-world-4025-rdf,The drugs found in a container at a port in Lagos is one of the largest drug seizures in Nigeria's history.,2025-11-11T19:51:00Z,https://www.dw.com/en/nigeria-teams-up-with-us-and-uk-to-investigate-cocaine-haul/a-74706106?maca=en-rss-en-world-4025-rdf,,www.dw.com,2025-11-11T22:17:34.526985+00:00,"Nigeria teams up with US and UK to investigate cocaine haul
November 11, 2025Nigeria's National Drug Law Enforcement Agency (NDLEA) said Tuesday it is working with its US and British counterparts to investigate the origins of one of the country's largest drug hauls.
Authorities recovered a ton of cocaine from a container at Lagos' Tincan Island Port.
The shipment, worth more than 338 billion naira ($235 million, €232 million), was discovered during a joint inspection last weekend.
Officials described it as the largest single seizure of cocaine at Tincan Island Port.
Global investigation to find drug smugglers
NDLEA says officers from the US Drug Enforcement Administration (DEA) and the UK's National Crime Agency (NCA) ""have already joined the ongoing investigation to track the cartel behind the consignment.""
""The essence of collaborating with our international partners on this case is to ensure no stone is left unturned and every gap is sufficiently covered so that ultimately we can get all the masterminds of this huge consignment brought to book wherever they are located across the globe,"" Brigadier General Mohamed Buba Marwa, the NDLEA chairman, said.
Nigeria is a major transit hub for drugs in West Africa and is also becoming a key producer, according to the United Nations Office on Drugs and Crime.
Edited by: Dmytro Hubenko"
Deutsche Welle World,Syrian president in Washington: Start of a new regional order?,https://www.dw.com/en/syrian-president-in-washington-start-of-a-new-regional-order/a-74703515?maca=en-rss-en-world-4025-rdf,"This week, Syria joined the US-led global coalition fighting the ""Islamic State."" But Syria's move is a much bigger deal than membership of the coalition. It's potentially a sign of regional realignment, experts say.",2025-11-11T18:03:00Z,https://www.dw.com/en/syrian-president-in-washington-start-of-a-new-regional-order/a-74703515?maca=en-rss-en-world-4025-rdf,,www.dw.com,2025-11-11T22:17:35.986233+00:00,"Syrian leader in Washington: Start of a new regional order?
November 11, 2025Long-time observers of politics in the Middle East called it a ""surreal"" moment.
Syria's interim president, Ahmad al-Sharaa, who formerly fought with al-Qaeda and was jailed by the US as a terrorist, was welcomed at the White House by US President Donald Trump — even if he and his delegation did arrive for the meeting through a side door.
Also surreal for some: The fact that a former al-Qaeda member would then also sign his country up to the global coalition fighting the extremist ""Islamic State"" group. The ""Islamic State,"" or ""IS,"" group was originally an offshoot of al-Qaeda in Iraq.
But in fact, Hayat Tahrir al-Sham, the militia group al-Sharaa eventually formed actually split from al-Qaeda in 2016, and focused more on fighting the regime of Syrian dictator Bashar Assad. The militia, known as HTS, was also opposed to the ""IS"" group and battled it inside Syria for years.
'Islamic State' in Syria still dangerous
So, Syria becoming the 90th member of what is officially called the Global Coalition against Daesh (the organization uses the Arabic acronym for the ""IS"" group) actually makes sense. It is also a logical move because ""IS"" remains a threat inside Syria.
Between 2,500 and 3,000 ""IS"" loyalists are still in Syria and in the year since the Assad regime was ousted, they have increased their activities.
""[The 'IS' group] thrives on instability and chaos,"" Tanya Mehra, a researcher at the International Centre for Counter-Terrorism, or ICCT, in the Netherlands, wrote in a recent opinion piece. ""The more internal fighting among rebel groups and the more the de facto government has to deal with attacks from neighboring [countries], the more favorable the situation becomes for ISIS,"" using another common acronym for ""IS.""
The ""IS"" group exploited security chaos following the fall of the Assad regime to reestablish presence in parts of Syria it had previously left, researchers at the Washington-based Middle East Institute, or MEI, confirmed in an October analysis.
Extremists' new strategy
The group now operates with much smaller cells, of only around 10 fighters each, who conduct rapid night ambushes or plant improvised explosive devices. Also in ""IS's"" revised repertoire are lone wolf attacks, blackmail to fund its operations — it apparently offers new recruits $400 (€346) a month in pay — and exploiting the intercommunal divisions that already threaten Syria's stability.
Syrian media reports that the group has been trying to recruit more members and gain favor with locals by targeting former members of the Assad regime. It is trying to sell itself as the only party that will take real revenge and achieve ""justice"" after 14 years of civil war. The group has also been trying to infiltrate the ranks of the new Syrian security forces, in order to spy, recruit and sell itself there too, Syrian journalists say.
""According to field observers, these developments reflect a shift toward a strategy of 'flexible dormancy,'"" the MEI researchers explained, ""centered on endurance and disruption rather than territorial control.""
As ""IS"" activities have increased, so have operations by Syrian security forces against it. Last weekend, Syrian security forces conducted over 60 raids around the country, arresting 71 individuals associated with the ""IS"" group. Some of those raids were reportedly based on information received from the US. And in other cases, too, the Syrians had already been cooperating with the global coalition, well before officially becoming members this week.
A bigger deal than it seems?
There are more implications to Syria joining the global coalition than just the ongoing fight to contain extremist violence.
The move will likely impact Syrian Kurdish groups that control northern parts of Syria and who have been negotiating with the government in Damascus as to how and where they fit into the new Syrian political system.
Syria's Kurds were semi-independent throughout the civil war and the main Kurdish group, the Syrian Democratic Forces, or SDF, played an essential role battling the ""IS"" group between 2014 and 2019. The SDF now manages large camps and several prisons, holding an estimated 45,000 ""IS"" members and their families.
As a result, the SDF became the US's most important partners on the ground, combatting the ""IS"" group and receiving funding, arms and training from the Americans.
But now that the Syrian government also plans to play an official part in combatting the ""IS"" group, that will ""undermine the SDF's exclusive status as the coalition's [only] official partner in Syria, thereby weakening its leverage in negotiations with the Syrian government,"" MEI researchers argued.
But it could also lead to better relations between Damascus and the SDF, the ICCT's Mehra told DW. ""The SDF have been crucial in combatting 'IS' and I don't necessarily see al-Sharaa joining the anti-Daesh coalition as a step back,"" she argues. ""The government in Damascus will hopefully rely on integrated SDF fighters who have considerable experience in combatting 'IS.'""
Over the past week, news agency Reuters has also reported rumors that, as a result of Syria joining the coalition, the US might establish a base near Damascus.
Local media reported that a delegation from the global coalition against ""IS"" visited Al-Seen air base, around 80 kilometers (50 miles) from Damascus in the Syrian desert. There are also rumors that a Trump hotel or tower could be built in Damascus.
Observers say a new US base would put to rest suspicions about al-Sharaa's own previous links to extremist groups in some American quarters, as well as assuage Israeli fears about Syria becoming a threat to it. Such a US presence would also diminish the influence of other countries in Syria, including Iran, Russia and even Turkey.
""This is part of the larger picture … I think it is more than symbolic,"" Mehra suggests.
""All signs point toward a US vision of integrating the new Syria firmly into the Washington-led regional order,"" Marc Lynch, a professor of political science and international affairs at George Washington University, wrote in Foreign Policy magazine this week. This ""represents one of the shrewdest things the Trump administration has done in the Middle East,"" Lynch added on his personal blog.
There are basically two main obstacles to this working out, Lynch suggests. Al-Sharaa's ability to navigate intercommunal divisions, including with the SDF, and Israel, the academic says.
""Israel has stood defiantly outside this US-led support for al-Sharaa's state-building efforts,"" Lynch writes. ""If the US really does establish an air base in Damascus, it would quickly be forced to grapple with the fact that the most dangerous and destabilizing external threat to Syria currently is Israel. That makes Syria the unexpected leading edge of the little-noticed emerging divide in priorities between the US and Israel, which could have wide-ranging implications for the regional order,"" Lynch concluded."
Deutsche Welle World,India: Exit polls favor Modi's coalition in Bihar election,https://www.dw.com/en/india-exit-polls-favor-modi-s-coalition-in-bihar-election/a-74704657?maca=en-rss-en-world-4025-rdf,The outcome of Bihar Legislative Assembly elections could reflect Prime Minister Narendra Modi's popularity and his alliance's influence in the key state.,2025-11-11T17:15:00Z,https://www.dw.com/en/india-exit-polls-favor-modi-s-coalition-in-bihar-election/a-74704657?maca=en-rss-en-world-4025-rdf,,www.dw.com,2025-11-11T22:17:37.478065+00:00,"India: Exit polls favor Modi's coalition in Bihar election
November 11, 2025Indian Prime Minister Narendra Modi's Bharatiya Janata Party-led National Democratic Alliance, or NDA, is poised to return to power in Bihar, according to several exit polls.
Phase one of voting for a new Legislative Assembly in Bihar, in eastern India, took place on November 6, the second phase wrapped up on Tuesday.
Official results are expected on Friday in the state, long seen as India's political bellwether.
Why do the Bihar elections matter?
Bihar is part of a politically crucial heartland region for Modi's NDA, and the vote comes ahead of key state polls in Uttar Pradesh, West Bengal and Assam in the run-up to national elections in 2029. Bihar sends 40 lawmakers to Parliament's lower house, and a win in the state could strengthen Modi's coalition.
The state recorded its highest voter turnout at 66.91%, according to Election Commission data.
If the polls are accurate, the NDA coalition is expected to secure well over the majority mark of 122 seats in the 243-member state assembly. The opposition Mahagathbandhan alliance, led by the Rashtriya Janata Dal and the Congress party, is predicted to win fewer seats.
Congress member of Parliament Tariq Anwar told the ANI news agency the polls ""cannot be considered accurate.""
""They are only a speculation. It indicates what might happen. It would not be right to think that they are accurate,"" he said.
But BJP leader Syed Shahnawaz said the exit polls showed, ""People have voted for Prime Minister Modi, Chief Minister Nitish Kumar and development.""
Edited by: Dmytro Hubenko"
Deutsche Welle World,World War I Armistice Day remembered in Ypres and elsewhere,https://www.dw.com/en/world-war-i-armistice-day-remembered-in-ypres-and-elsewhere/a-74702017?maca=en-rss-en-world-4025-rdf,"World War I fighting officially stopped at 11 a.m. on November 11 in 1918. Ceremonies marking the anniversary took place around much of the world, including the Menin Gate at Ypres in Belgium.",2025-11-11T16:47:00Z,https://www.dw.com/en/world-war-i-armistice-day-remembered-in-ypres-and-elsewhere/a-74702017?maca=en-rss-en-world-4025-rdf,,www.dw.com,2025-11-11T22:17:39.050072+00:00,"World War I Armistice Day remembered in Ypres and elsewhere
November 11, 2025Soldiers, veterans, politicians and onloookers gathered in Ypres in western Belgium on Tuesday to commemorate the 107th anniversary of the end of World War I in 1918.
They laid wreaths, often commemorative poppies, at the newly renovated Menin Gate memorial to the fallen in Ypres, a Belgian town at the heart of the fighting more or less throughout the four-year war which became synonymous with the conflict on the Western Front.
The halt in fighting, valid as of 11 a.m. local time on November 11, became known as Armistice Day and was also adopted by a series of countries as a day to honor veterans more generally — whether as Veterans Day in the US or Remembrance Day in France and in Commonwealth member states like the UK, South Africa, Australia and New Zealand.
It's a public holiday in France, the US and Belgium, while the UK holds its major ceremonies on the nearest Sunday each year but observes two minutes' silence at 11 a.m. on the 11th.
Ceremonies around Europe and beyond
Soldiers and politicians laid wreaths at Ypres' Menin Gate, with bagpipes and bugles sounding as ranks marched beneath the structure inscribed with the names of tens of thousands of soldiers who were killed but left without graves as their remains were not recovered.
A choir also sang John Lennon's ""Imagine,"" and a Belgian guitarist played a rendition of Bob Dylan's scathing anti-war anthem ""Masters of War."" Flanders' Minister-President Matthias Diependaele was the highest-ranking local politician in attendance. Belgium's King Philippe led the memorial at the Tomb of the Unknown Soldier in Brussels to the south.
In Paris, French President Emmanuel Macron laid a wreath at the Tomb of the Unknown Soldier under the Arc de Triomphe, lighting the eternal flame at the memorial engraved with the words: ""Here rests a French soldier who died for the nation.""
Prime Minister Anthony Albanese attended a ceremony at the Australian War Memorial in Canberra, while the Sydney Opera House's sails were lit up with poppies and traffic was stopped at key sections of the Melbourne Central Business District.
""We remember every young Australian denied the chance to grow old, and every Australian who came home but never fully left the battle,"" Albanese said.
While King Charles and his heir William the Prince of Wales were on the streets of London outside the Cenotaph for the main ceremonies on Sunday, Catherine the Princess of Wales attended an Armistice Day event with veterans in Staffordshire on Tuesday.
Veterans Day commemorations were set to follow later on Tuesday in the US.
'War to end all wars' that ushered in modern destruction
Almost 10 million soldiers died in the 1914-1918 war that pitted the armies of France, the British Empire, Russia and eventually the US against a German-led coalition including the Austro-Hungarian and Ottoman empires, as well as Bulgaria. Hundreds of thousands died on the Ypres Salient alone.
Known at the time as the Great War or the ""war to end all wars,"" it was also the first conflict on such a scale that began to usher in more modern, industrialized means of fighting that would come to define World War II and subsequent 20th century conflicts.
The earliest iterations of tanks and planes took to the battlefields for the first time. Poison gas was used by both sides. Zeppelins flew over major cities like London, doing little real damage but foreshadowing the widespread urban aerial bombardment of future wars. Aerial reconnaissance made artillery more accurate and devastating. And early automatic weapons like machine guns met with old-fashioned infantry tactics with disastrous consequences for the advancing troops.
Edited by: Dmytro Hubenko"
Deutsche Welle World,What's stopping Elon Musk from becoming a trillionaire?,https://www.dw.com/en/what-s-stopping-elon-musk-from-becoming-a-trillionaire/a-74684756?maca=en-rss-en-world-4025-rdf,"Musk's record-breaking pay deal was approved by Tesla shareholders after years of legal battles. It's tied to Tesla's robotic ambitions, but critics warn the new tech isn't remotely ready.",2025-11-11T15:43:00Z,https://www.dw.com/en/what-s-stopping-elon-musk-from-becoming-a-trillionaire/a-74684756?maca=en-rss-en-world-4025-rdf,,www.dw.com,2025-11-11T22:17:40.647040+00:00,"What's stopping Elon Musk from becoming a trillionaire?
November 11, 2025The future’s so bright for Elon Musk, even industrial-grade shades won't block the glare from his $1 trillion (€862 billion) pay deal. That is, of course, if he manages to hit some truly mind-boggling goals for Tesla, the electric-vehicle company he founded and transformed into a tech juggernaut.
To unlock the full value of his compensation package, Musk must hit milestones that sound more like science fiction than corporate strategy. These include deploying one million robotaxis — autonomous vehicles that generate revenue without human drivers — and producing a million Optimus humanoid robots, powered by artificial intelligence (AI).
Musk will only become the world's first trillionaire, albeit in stock options, if Tesla reaches a market capitalization of $8.5 trillion, six times the current $1.43 trillion. Even if he misses the mark, Musk won’t be hurting for cash, but the real question is: Can he deliver?
Tesla fans put faith in Musk
Alexandra Merz, the Tesla shareholder known as TeslaBoomerMama and who voted for the deal, strongly believes Elon Musk is ""the best executor there is on this planet.""
""I'm very confident that he will hit the milestones. He's shown us before what is possible,"" she told Bloomberg Television recently.
More than three-quarters of Tesla shareholders approved Musk's pay deal last Thursday after a seven-year legal battle and despite opposition from some institutional investors, including CalPERS, the largest public pension fund in the United States.
CalPERS cited concerns about Musk's expanding control of Tesla. Under the stock deal, he could secure up to 25% shareholder voting rights, from 13% today. Critics argue that if Musk owned a quarter of Tesla, he could wield outsized control, stifle dissent and steer the firm's direction with minimal oversight.
Musk could hold too much power
Nell Minow, vice chair of ValueEdge Advisors, is one of the most vocal critics of Musk’s latest pay deal, arguing that it gives him too much control while diluting other shareholders.
""[It's] more than an outrage, it is a fraud,"" Minow told DW, noting how Musk moved Tesla from the business-friendly state of Delaware to Texas at huge expense after his previous $56 billion pay package was twice overturned by Delaware courts.
""Then, also at huge expense, he paid lobbyists, lawyers, and legislators to pass a new law severely limiting the ability of shareholders to challenge the pay plan,"" which she said gives the board authority to award Musk's compensation ""at their discretion, even if those goals are not met.""
Worrying sign of extreme inequality
Others like Joanna Bryson, a professor in ethics and technology at Berlin's Hertie School of Governance, think Musk's pay deal is emblematic of a wider problem in US governance — how Big Tech's growth and power are creating extreme inequality, which she says is ""unsustainable.""
""There’s a big security problem when individuals have more power than countries,"" she told DW.
Bryson gave the examples of World War I and the pre-1929 US stock market bubble as times when the world was as unequal as it is now.
""Anything that's giving disproportionate large amounts of money to any one person is creating entropy [moving from order to chaos].""
An even bigger potential issue is key man risk. In Musk's case, this would be the negative impact on Tesla if he were unable to perform his role due to departure, illness, distraction or death.
Tesla's success is heavily tied to Musk’s leadership, vision and execution. The firm could be left vulnerable if he were to be preoccupied by his other ventures, like SpaceX or xAI.
Musk accused of too many distractions
Musk was already criticized for taking his eye off the ball earlier this year when he joined the Trump administration as the head of DOGE (Department of Government Efficiency — not the meme coin).
His brief stint at DOGE triggered a backlash that spilled into Tesla's operations, with protests outside factories, calls for boycotts and even sabotage incidents that disrupted production and dented investor confidence.
Musk stepped down from DOGE after just 130 days, and in July launched his new political movement, the America Party, aiming to challenge the two-party system and reshape national discourse.
For some investors, the risk of distraction is no longer hypothetical — it’s unfolding in real time.
""If Musk is not sufficiently motivated by his current holdings, this [new pay deal] will not be enough to persuade him to ignore his many side hustles and stop the outrageous political comments that a recent Yale University study has shown have cost the company and the shareholders one million sales,"" Minow told DW.
The board said the primary objective of the bumper share deal is to keep Musk's attention on Tesla. He won't be able to sell newly awarded stock for up to a decade after receiving it.
Doubts over robotics' near-term potential
Even if he remains laser-focused, critics argue the goals themselves may be out of reach, especially the plan to produce a million Optimus humanoid robots per year. While Tesla has showcased Optimus prototypes performing basic tasks, many experts believe the technology is still in its infancy.
Australian roboticist Rodney Brooks wrote in an essay published in September that Optimus and other humanoid robots are doomed to failure due to a lack of agility.
""The general plan is that humanoid robots will be ... able to step in and do the manual things that humans do at lower prices and just as well. In my opinion, believing that this will happen any time within decades is pure fantasy thinking,"" Brooks wrote.
Other skeptics warn that setting such futuristic milestones may be a way to justify Musk's eye-watering compensation while keeping the hype machine running. If Optimus fails to materialize at scale, it could undermine the credibility of the entire pay package.
The most optimistic forecasts for more advanced humanoids believe they could be ready in two to five years, prompting Musk fans to predict that one man can deliver on the promise.
""As a shareholder, I'd rather have Elon have the keys to an army of bots than anybody else,"" Merz told Bloomberg. ""Show me one other CEO who did even half of what Elon has accomplished.""
Whether Musk can juggle Tesla, politics and a robot army is the trillion-dollar question. But one thing’s certain: We'll need shades and plenty of popcorn to watch it unfold.
Edited by: Uwe Hessler"
Deutsche Welle World,Iran's drought: A disaster in slow motion,https://www.dw.com/en/iran-s-drought-a-disaster-in-slow-motion/a-74700581?maca=en-rss-en-world-4025-rdf,"As Iran faces an unprecedented drought, the chronic incompetence of the country's officials is driving millions into a fully predictable disaster.",2025-11-11T15:28:00Z,https://www.dw.com/en/iran-s-drought-a-disaster-in-slow-motion/a-74700581?maca=en-rss-en-world-4025-rdf,,www.dw.com,2025-11-11T22:17:42.231124+00:00,"Iran's drought: A disaster in slow motion
November 11, 2025Half of Iran has not seen a drop of rain since the end of summer — after the summer itself brought extreme heat and exacerbated water supply issues.
Official data, which starts measuring precipitation every year starting from September 23, shows zero rain has been recorded since then in 15 out of the country's 31 provinces.
The crisis now amounts to unprecedented drought and has forced the authorities to ration water. The capital Tehran has imposed rolling restrictions on water supply to ""avoid waste,"" according to Energy Minister Abbas Ali Abad.
The residents are instructed to use water containers and pumps to bridge the supply issues. For many of them, the story sounds very familiar — Tehran's population is constantly growing, with some 10 million currently living in the city itself and nearly 18 million in the metropolitan area, but its water infrastructure remains outdated and dilapidated and much of the water is lost in transit.
People living in the city center have been facing unannounced water restrictions for several months, with officials saying these were due to repairs.
""Our water has not been cut off yet, but we have been using water pumps in our apartment building for a while now, because the pressure is too low,"" a retired woman from the western part of Tehran told DW.
Agriculture drinking up Iran's water
Iran has now seen six years of drought in a row, with reservoirs in Tehran dropping to their lowest level in decades. Officials say Tehran residents have reduced their water consumption by 12% in the last seven months, but this still falls short of the projected goal.
""In view of the climate conditions and the persistent drought, this reduction needs to reach some 20% in order to ensure water supply until the winter,"" authorities say.
""Reduced consumption among the population is nowhere near enough to overcome this crisis,"" said environmental researcher Azam Bahrami.
""One look at the water consumption pyramid shows that the agriculture sector consumes about 80-90%, the biggest share. As long as other sectors are positioned as priority (…) the water saving measures will not be very successful.""
Billions of tons of water lost every year
Iran has always been a rather dry country. At this point, however, its water reserves have been severely depleted due to decades of overuse, inefficient irrigation and faulty infrastructure.
The country has been losing some 16 cubic kilometers of water per year since 2002, according to Stuttgart University researcher Mohammad Javad Tourian. One cubic kilometer is roughly equivalent to a billion tons of water.
""This means that Iran loses a volume the size of Lake Constance almost every three years,"" according to Tourian, who coauthored a study on Iran's water crisis which was published by the reputable Nature magazine in 2022.
""In total, some 370 cubic kilometers have disappeared over the last 23 years. This means the problem is very serious,"" he said in response to a DW query.
Pezeshkian hints at evacuating Tehran
Environmental experts have long been trying to convince the Iranian officials that the country can no longer sustain a growth in population or be fully self-reliant in food production. The authorities responded by systematically eliminating them from the decision-making process and replacing them by people who are more ideologically suitable.
With no end to water crisis in sight, it seems the debate is now finally reaching the public. The pro-reform paper Etemad blamed it on ""unqualified managers in key institutions,"" while the daily Schargh said climate protection had been ""sacrificed to politics.""
Many are also criticizing President Masoud Pezeshkian, who hinted that Tehran might be evacuated due to the water crisis. Iranian authorities have not explained how millions of this city's residents would leave and where they are expected to go.
How can Iran resolve the water crisis?
Overall, the officials have yet to present a clear plan to overcome this crisis beyond imposing water restrictions and waiting for the rain.
""There are some measures that can bring rapid relief at this point,"" said researcher Tourian. ""Prioritizing drinking water in cities such as Tehran and the temporary diverting of less critical usage could be effective quickly as short-term steps. What's important, however, are decisive moves for a sustainable solution to the water crisis.""
Use of satellite imagery would help form a clear and independent overview of water losses nationwide, and help quantify water budgets realistically, he added. Another key step would be to transform Iran's agriculture and orient it to crops appropriate for the climate, paired with a more efficient irrigation system.
""All these measures, however, are easier to articulate than implement. They require institutional reforms, technical capacity, reliable data structures and political will — and these factors are often harder to create in practice than the technical solution itself,"" he told DW.
This article has been translated from German."
Deutsche Welle World,India charts its own course on AI regulation,https://www.dw.com/en/india-charts-its-own-course-on-ai-regulation/a-74702266?maca=en-rss-en-world-4025-rdf,"India's young, tech-savvy population has already made it a leading country in AI adoption. When setting rules for artificial intelligence, New Delhi is taking a different approach compared to the EU, China and the US.",2025-11-11T14:52:00Z,https://www.dw.com/en/india-charts-its-own-course-on-ai-regulation/a-74702266?maca=en-rss-en-world-4025-rdf,,www.dw.com,2025-11-11T22:17:43.614777+00:00,"India charts its own course on AI regulation
November 11, 2025India unveiled a set of artificial intelligence (AI) guidelines last week, outlining how it wants to regulate and promote the technology.
The move comes as New Delhi prepares to host a major AI summit at the start of 2026.
The guidelines advocate using existing legal frameworks — like the Information Technology Act and the Digital Personal Data Protection Act — to handle emerging risks such as deepfakes and unauthorized data use.
""India's AI governance adopts a balanced, agile and flexible approach that promotes innovation and safety,"" Amal Mohanty, AI policy expert and one of the lead authors of the guidelines, told DW.
He said India's approach is different to the rules charted by the EU, China and the US.
""Unlike the EU's detailed AI Act that imposes strict, rule-based obligations based on risk classification, ours favors self-regulation and voluntary measures,"" he said. ""This allows developers more freedom to innovate while managing AI risks responsibly.""
Rapid pace of AI adoption in India
India ranks among the global leaders in AI adoption and innovation, mainly due to its youthful, tech-savvy population.
Millions of workers and consumers in the world's most populous country are embracing the technology at an unprecedented rate.
From health care and agriculture to fintech and public services, AI is becoming a central part of digital growth.
A recent report by Boston Consulting Group states that 92% of employees involved in customer service, operations and production activities in India are already using AI at work, the highest rate in the Asia-Pacific region and well above the global average of 72%.
""We are still in the early stages of the AI lifecycle. It is like the dial-up internet era of AI. I strongly believe now is not the time to set roadblocks in front of AI innovation,"" Paul Emmanuel, founder and CEO of Two Minute Reports, told DW.
Emmanuel's company, which is involved in design and development of AI-driven data analytics and reporting tools for marketers, said the focus should be on widespread public awareness, education and upskilling to ensure vulnerable groups are not blindsided by AI advancement.
""The Indian government's light-touch approach is going to help local businesses compete better globally. More importantly, it helps build the talent and technological know-how to be ready for future demands and challenges of AI,"" said Emmanuel.
Working within existing laws
But Urvashi Aneja, founder and executive director of Digital Futures Lab, a research and advisory firm, pointed out that the guidelines do not flesh out how India's AI objectives will be achieved.
""For example, how is data usability and sharing going to be enhanced? Improving access to public sector data to spur innovation has been a long-standing goal but data quality continues to be poor,"" she told DW.
Aneja also said there is a patchy understanding of the risks involved.
""This narrow view on AI risks mean the guidelines are silent on issues such as labor displacement, psychological and environmental harms. Equally glaring is the absence of any discussion on market concentration,"" she underlined.
A core element of the guidelines is the ""Do No Harm"" principle, which officials hope will manage AI risks effectively without stifling technological growth.
Another important point is content authentication to help distinguish authentic content from AI-produced or modified material.
The government has already proposed amendments to existing IT rules that require social media platforms like YouTube and Instagram to visibly label AI-generated or synthetically modified content. Visual labels are to cover at least 10% of the display area, while audio content must include audible labels for at least 10% of the duration.
These measures aim to enhance transparency and help users distinguish authentic from AI-manipulated content, making them less susceptible to misinformation and deepfakes.
What makes India different on AI?
Yash Shah, co-founder and CEO of Momentum91, a custom software development company, said the new AI guidelines take a very ""India first"" route. He described the rules as practical, flexible and built for a country where innovation often outpaces infrastructure.
""Think of the EU approach as airport security. It is meticulous, mandatory, and sometimes painfully slow. India's approach is more like metro security. It is efficient, situational, and designed to keep people moving,"" Shah told DW.
""For example, a fintech startup in Bengaluru can deploy an AI underwriting model faster under India's voluntary safeguards than it could under the EU's mandatory risk classification system,"" he added.
""Similarly, an edtech company experimenting with personalized learning tools doesn't have to wrestle with multi-layer compliance before even testing its product,"" said Shah, explaining why the framework is simply better suited to India's scale and complexity.
Overall, the current framework advocates governing AI applications specifically, not the technology itself.
It also stands in contrast with China's technology-specific rules and the US' evolving, more fragmented policies.
Pawan Duggal, India's foremost cybersecurity expert, told DW that the Indian government is committed to widespread dissemination and adoption of AI to encourage innovation so that it can become a vehicle and catalyst for economic growth.
But, he said, it must be grounded in a proper legal framework.
""First and foremost, these are only guidelines, which do not have the force of law. There are no legal consequences if stakeholders do not follow the said guidelines,"" said Duggal.
""India requires a distinct and dedicated law on AI. It needs to grant legal recognition and conditional personality rights to AI, while dealing with the contentious issues of liability, accountability, and transparency, including sustainable AI.""
Edited by: Srinivas Mazumdaru"
Deutsche Welle World,OpenAI loses song lyrics copyright case in German court,https://www.dw.com/en/openai-loses-song-lyrics-copyright-case-in-german-court/a-74698240?maca=en-rss-en-world-4025-rdf,OpenAI lost a copyright infringement case in a lower German court for using popular song lyrics in its ChatGPT language model without paying royalties.,2025-11-11T13:53:00Z,https://www.dw.com/en/openai-loses-song-lyrics-copyright-case-in-german-court/a-74698240?maca=en-rss-en-world-4025-rdf,,www.dw.com,2025-11-11T22:17:45.097924+00:00,"OpenAI loses song lyrics copyright case in German court
November 11, 2025Large language models like ChatGPT infringe on German authors' rights laws if they use song lyrics in their responses without having paid license fees for them, a Munich court ruled on Tuesday.
Judge Elke Schwager at the Munich District Court I said that OpenAI, the US company that owns ChatGPT, would be charged damages for the unauthorized usage. She did not specify a sum.
The claimant and a German journalists' trade union both claimed the case could have far-reaching implications for AI or large language models and intellectual property and copyright laws.
The verdict can be appealed.
""We do not agree with the verdict and are examining further steps,"" OpenAI said in response, adding that it respected intellectual property rights and was in negotiations with relevant organizations around the world.
What was the case about?
The German association GEMA that seeks to defend authors' rights brought the lawsuit.
Authors' rights law (or Urheberrecht in German) is separate from and not to be confused with the more commonly understood Anglo-American copyright law. It places more emphasis on the individual artist or author and considers the rights non-transferable, rather than the property of the owner of the content (like a publisher or record label).
GEMA used nine specific songs as examples for the purposes of the case, including titles like ""Männer (Men)"" by Herbert Grönemeyer, ""In der Weihnachtsbäckerei (In the Christmas bakery)"" by Rolf Zuckowski, and ""Atemlos (Breathless)"" originally by Kristina Bach and popularized more recently by Helene Fischer.
Although this case only concerned German law and usage, one of GEMA's lawyers claimed that Tuesday's ruling would prove groundbreaking for Europe as a whole, given that the applicable rules were ""harmonized."" He said he anticipated negotiations with companies like OpenAI on suitable licensing fees.
""We are of course extremely pleased that the chamber has ruled so clearly,"" GEMA lawyer Kai Welp told journalists. ""The goal is not to remove anything from the market, but rather to receive appropriate compensation.""
GEMA made international headlines about a decade ago with its restrictive approach to German music videos on YouTube, though a deal was ultimately reached to permit their publication on the platform.
Judge baffled by oversight from 'highly intelligent' defendants
Judge Schwager said while issuing her ruling that she was astonished that OpenAI had not taken heed of what she called a clear legal situation.
""We have highly intelligent defendants who have managed to create the most modern of technologies,"" Schwager said.
Anyone who created something and used outside content in doing so had to pay for that content or otherwise obtain permission, she said, finding that the current usage amounted to unlicensed distribution and reproduction.
""Authors' rights are protected intellectual property,"" Klager said. ""And so it's clear that this is out of order.""
On what grounds did OpenAI dispute the allegations?
Neither side disputed during the trial that the songs' lyrics had been used to ""train"" the fourth iteration of ChatGPT.
What was at issue was whether or not the lyrics had been actively stored in the large language model's database for future use.
OpenAI argued that ChatGPT did not store or copy specific training data, but rather reflected in its parameters what it had learned in its entire training dataset. It also argued that ""outputs"" from ChatGPT answering user questions were generated only in response to user prompts and so if anybody were responsible for their generation it would be users more than OpenAI.
The court found that the coincidental generation of text that happened to match the lyrics either exactly or in large part was not plausible.
""Given the complexity and length of the song text, coincidence can be ruled out as the cause of the reproduction of the song lyrics,"" the court wrote in a press release.
German journalists' union hints at wider implications
Several media organizations had also questioned the legality of large language models' training processes, with journalism among the sources used.
The chairman of one leading journalists' trade union, Mika Beuster of the DJV, called Tuesday's ruling ""a partial victory for authors' rights.""
""The training of AI models is intellectual property theft,"" Beuster said, arguing that journalists seeking compensation from companies like OpenAI would now have an improved legal position.
Correction, Nov 11, 2025: An earlier version of this story referred to ""In der Weihnachtsbäckerei"" as a song by Reinhard Mey. This has now been corrected and we apologize for the mistake.
Edited by: Dmytro Hubenko"
Deutsche Welle World,"Turkey: Over 2,000-year jail sentence urged for Istanbul mayor",https://www.dw.com/en/turkey-over-2-000-year-jail-sentence-urged-for-istanbul-mayor/a-74700556?maca=en-rss-en-world-4025-rdf,"Ekrem Imamoglu is facing almost 150 charges that could collectively land him with a 2,353-year jail sentence. The mayor of Turkey's largest city is an outspoken critic of Turkish President Recep Tayyip Erdogan.",2025-11-11T13:23:00Z,https://www.dw.com/en/turkey-over-2-000-year-jail-sentence-urged-for-istanbul-mayor/a-74700556?maca=en-rss-en-world-4025-rdf,,www.dw.com,2025-11-11T22:17:46.524321+00:00,"Turkey: 2,000-year jail sentence urged for Istanbul mayor
November 11, 2025Turkish prosecutors on Tuesday charged jailed Istanbul Mayor Ekrem Imamoglu with 142 offenses, meaning that he could potentially face up to 2,532 years in prison if found guilty of all of them.
Imamoglu, who has been in jail already for nearly eight months after being arrested and suspended from office in March, is seen as one of Turkish President Recep Tayyip Erdogan's most serious rivals.
What is Imamoglu charged with?
In a nearly 4,000-page indictment, prosecutors drew up a list of offenses ranging from running a criminal organization and bribery to embezzlement, extortion and tender rigging.
Imamoglu, from the opposition Republican People's Party (CHP), is currently in pre-trial detention on corruption charges, as well as serving a separate jail sentence of a year and eight months for allegedly insulting and threatening Istanbul's chief prosecutor.
His arrest in March triggered massive protests.
Host of legal proceeding against Imamoglu
The corruption charges against Imamoglu, which he has strongly denied, make up just one of several legal proceedings against him.
Among other things, he is also facing espionage charges filed last month, with prosecutors accusing him of passing on personal data of Istanbul residents to gain funding from abroad for his presidential campaign.
Prosecutors have also accused him of insulting the chief prosecutor and of forging diploma documents.
Critics see the case as part of an effort to sideline him after his party's strong performance in last year's local elections.
The government insists that the judiciary is independent and that any investigations aim only to expose corruption or other wrongdoing.
Edited by: Dmytro Hubenko"
Deutsche Welle World,COP30: African youth push for climate justice,https://www.dw.com/en/cop30-african-youth-push-for-climate-justice/a-74698981?maca=en-rss-en-world-4025-rdf,"Young African activists at COP30 in Brazil are calling for climate funding, political inclusion, and justice for communities hit hardest by the climate crisis.",2025-11-11T13:09:00Z,https://www.dw.com/en/cop30-african-youth-push-for-climate-justice/a-74698981?maca=en-rss-en-world-4025-rdf,,www.dw.com,2025-11-11T22:17:47.893012+00:00,"COP30: African youth push for climate justice
November 11, 2025Anita Soina is a climate activist from Kenya with over 100,000 Instagram followers. She is widely seen as one of Africa's most promising voices in the environmental movement.
The 26-year-old, who is a member of Kenya's Maasai community, traveled to the city of Belem in northern Brazil for COP30, the UN climate conference.
Soina said she has witnessed how deforestation fuels drought, hunger, and water scarcity in her native Kenya. For her, COP30 carries special meaning.
""I think this event will be one of the biggest wins for the Global South,"" she told DW. ""When we are here, listening to the COP president or Brazil's president, you can feel that something truly promising is happening.""
But Soina's optimism is cautious.
""We have had many promises before, and at the end of the day, the crisis continues getting worse,"" she said. ""The biggest barrier in Africa is the lack of political will. That is why most resources are not used for the purposes they were intended.""
Demands for transparency and action
Representing Zambia, Maurice K. Nyambe, executive director of the graft monitor Transparency International, also traveled to the Amazon for COP30. He hopes this year's summit will deliver not only new pledges but mechanisms to ensure accountability.
""Whether we talk about climate finance or carbon trading, it is important to include transparency [and] accountability in all those discussions,"" he told DW. ""We have high expectations for COP30.""
What's at stake at COP30?
The annual climate change conference is known as COP, which stands for the ""Conference of the Parties"" that signed the 1992 UN climate treaty. The agreement, called the UN Framework on Climate Change Convention (UNFCCC), committed nations to work together to fight climate change.
This year's conference, COP30 Brazil, is expected to be historic: for the first time, the global gathering is being held on the edge of the Amazon rainforest.
It will serve as a review of the 2015 Paris Agreement to curb climate change, assessing progress on emission targets and climate finance for Global South countries — commitments that remain largely unfulfilled, especially in Africa.
The continent is among the most vulnerable to climate change. Droughts, floods and the loss of farmland already threaten millions of livelihoods and food security.
This is why, in recent years, young African activists have become increasingly vocal in international climate debates, demanding climate justice and tangible actions from wealthy nations.
The Paris Agreement united nearly 200 countries in a pledge to limit global warming to well below 2 degrees Celsius (3.6 degrees Fahrenheit), and to pursue efforts to cap the rise at 1.5 C.
Voices from the frontlines
The opening session of this year's COP30 saw Brazilian President Luiz Inacio Lula da Silva call for a firm stand against climate change deniers.
""Climate change is no longer a threat looming in the future — it is a tragedy unfolding in the present,"" he said, as ministers discussed how the crisis is already devastating the world's most vulnerable populations.
Helping her community is what drives Hilda Nakabuye, a prominent Ugandan activist and member of Fridays for Future Uganda, now attending her fifth COP. ""To me, COP30 is a special moment because it marks 10 years of the Paris Agreement,"" she said.
Her work focuses on youth and women in Uganda, and on opposing the controversial East African Crude Oil Pipeline (EACOP), a planned 1,400-kilometer (870-mile) heated pipeline backed by TotalEnergies and China National Offshore Oil Corporation.
It cuts through sensitive areas like Murchison Falls National Park and skirts Lake Victoria, Africa's largest freshwater lake. Environmentalists have warned of irreversible damage to biodiversity and water sources relied on by over 40 million people.
""As a young … woman from Africa, I am here to raise my voice and represent the communities affected by a crisis they did not create,"" she said.
""We ask for a fair and just energy transition. I expect leaders here at COP30 to put people's voices — especially those of marginalized communities — at the center of their decisions.""
Engaging communities
Both Soina and Nakabuye agree that empowering local communities to understand their rights is essential. There is so much more to be done to involve communities. The best strategy is to engage them not only in addressing climate change but also in community development, Soina explained.
Simon Peter Longoli, who traveled from Uganda, took part in an event on the opening day of COP30 focused on how local communities can engage more effectively in the UNFCCC process.
For him, COP30 brings high expectations, as pastoralists are now formally recognized within the UN framework as part of the so-called ""local communities.""
For the first time, he believes that recognition may come.
""What we have achieved here today is another milestone,"" Longoli said. ""We expect that tomorrow it can be formalized — that indigenous people called 'caucus', as their local communities, can participate in the process related to climate change in the UNFCCC.""
""Time is running out on climate change. For pastoralists, we may be able to adapt. But COP needs to deliver results that can be implemented,"" he added.
Global South solidarity
African youth say they hope to see real climate finance commitments and genuine participation in decision-making at COP30. A common message echoes through their voices: Climate justice must move beyond rhetoric and translate into resources for those living on the frontlines.
They also call for deeper cooperation among Global South nations — from the Amazon to Africa — to confront the global crisis together.
These young activists consider their presence in Belem as more than symbolic. It's a demand for action.
Edited by: Keith Walker"
Deutsche Welle World,"German, Polish eco-activists fight to get the Oder River cleaned up",https://www.dw.com/en/german-polish-eco-activists-fight-to-get-the-oder-river-cleaned-up/a-74685950?maca=en-rss-en-world-4025-rdf,"Despite bureaucratic and financial challenges, environmentalists in Germany and Poland are joining forces to protect the biodiverse Oder River ecosystem.",2025-11-11T12:21:00Z,https://www.dw.com/en/german-polish-eco-activists-fight-to-get-the-oder-river-cleaned-up/a-74685950?maca=en-rss-en-world-4025-rdf,,www.dw.com,2025-11-11T22:17:49.404924+00:00,"German, Polish activists fight to get the Oder River clean
November 11, 2025Stefanie and Norbert Bartel's farm in eastern Germany is a stone's throw from the Oder River and right across from the Polish town of Porzecze on the opposite riverbank.
The Oder's lush, fertile banks attract tourists, who cycle along the broad pathways and enjoy the rich birdlife.
For the Bartels, whose farm doubles as a bed and breakfast, connecting people with nature is a personal mission.
Their farm has become a hub for local environmentalists who are united by one goal: to keep this river paradise intact.
The 2022 Oder ecological disaster
But the Oder they so love faces many challenges linked to the canalization of the river and a changing climate. Sudden heavy rainfall means that the Oder regularly breaches its banks, causing flooding.
Conversely, in periods of prolonged heat, water levels can fall sharply, threatening farmers, shipping and wildlife.
In the summer of 2022, the river suffered its greatest ecological disaster in decades: a mass fish die-off triggered by upstream pollution.
At the time, the Bartels, fishers, locals and activists on both sides of the border rolled up their sleeves and shoveled about 360 tons of dead fish and other creatures out of the water.
Scientists later traced the disaster to a toxic bloom of golden algae that thrives in the mining sector's warm, saline discharge and is exacerbated by low water levels and high temperatures.
From disaster to cooperation
The 2022 Oder River crisis — and the authorities' lack of action in response to it — sparked cross-border cooperation.
""We didn't have a lot of contact with the Polish side, but with the die-off, we got to know one another,"" recalls Norbert Bartel.
The Bartels are members of Save the Oder, one of 26 local environmental initiatives in Germany, Poland and Czechia (where the Oder originates) united in the alliance known as Time for the Oder.
The alliance was launched after the severe floods of 1997 to strengthen cross-border cooperation between local actors.
The environmental disaster in 2022 was a reminder to all three countries that the river and its health do not stop at the border — and neither should responsibility for them.
Threat from industrial discharge and sewage
German computer scientist Holger Seyfarth, also of Save the Oder, argues that the underlying causes of the 2022 disaster have not been addressed.
""Factories in Poland have been pumping saline discharge into the river for years, and farmers still use the river to dispose of their sewage,"" he says.
Seyfarth is right to be worried. There is no legislation in Poland banning the discharge of saline waters or sewage into rivers, and Warsaw seems in no rush to change this.
One major omission on the part of the Polish government prior to the 2022 disaster was that it did not monitor and control the water quality in the Oder on a regular basis. Moreover, any monitoring results were not shared.
Monitoring salinity
For this reason, Seyfarth and his partner Sascha Groddeck launched a citizen-led science project that uses AI to improve transparent monitoring of the river.
In 2024, Groddeck tested a prototype saline monitoring box during a kayaking tour from Wroclaw to Berlin.
His test results confirmed high salinity downstream from the Polish copper mines KGHM in Glogow, 250 kilometers (155 miles) upstream from the Bartel's residence.
In late September, experts raised the alarm that the Oder is still struggling with excessive salinity, largely attributed to saline waste from mining operations.
New data confirms that the conditions that triggered the 2022 disaster remain largely unchanged, despite increased monitoring by the authorities.
Frustration and progress
Dorota Chmielowiec-Tyszko of the Polish NGO EkoFundacja is frustrated at the fact that her country is not taking responsibility and at her compatriots' lack of outrage. ""There are so few of us that our activist work consists mostly of putting out fires where necessary,"" she says.
Nevertheless, EkoFundacja has in recent decades pushed through important changes in Poland's flood prevention system: relocating dikes, reintroducing natural retention areas and creating the country's largest dry polder.
Recently, a joint initiative of Polish and German activist groups won a court case in Warsaw to stop the canalization of the Oder, which was already underway. But despite the court's ruling, the canalization work continues.
""What are we supposed to do?"" asks Radoslaw Gawlik, whose NGO (EKO-UNIA) forced this judicial reassessment. ""Legally we've come to a dead end. Now it's the government's duty to apply this ruling.""
Limits and obstacles to cooperation
Theresa Wagner of the environmental organization BUND in Germany — and an important voice within the Time for the Oder alliance — is aware of the problems citizen initiatives face in Poland.
In her view, the challenges are structural. ""There is not a lot of funding for non-governmental environmental organizations [in Poland],"" she says.
Chmielowiec-Tyszko points out that while German NGOs benefit from stronger structures, slow bureaucracy is a major obstacle for them. Taking quick action, like in Poland, is often impossible.
Stefanie Bartel highlights the limits of voluntary work: ""We meet each other in workshops and exchange knowledge and ideas, but if you need to find funding for projects and to run them, you need someone who does this professionally. We all have regular jobs, too.""
Increased awareness and momentum
Despite these frustrations, crossborder cooperation has raised awareness and achieved political momentum.
A petition to grant the Oder River legal personhood in Poland was recently signed by nearly 100,000 people.
Polish lawmaker Anita Kucharczyk-Dziedzic sees this as a sign of change: ""The fact that so many people signed the petition shows significant interest in a healthy river.""
Success stories
And there are cross-border success stories, too: The EURENI project, which ran from 2021 to 2025 and was funded by Germany's Environment Ministry to the tune of over €370,000 ($428,000), linked NGOs from Poland, Germany and Czechia, fostering trilateral cooperation that seeks to ensure a sustainable future for the Oder basin.
For Dorota Chmielowiec-Tyszko, the project's true legacy goes beyond dialogue forums, training workshops, reports and expert conferences. It lies in the education and cross-border networking that will keep environmental activism alive long after the project's end.
Indeed, all environmental activists who spoke to DW stressed that raising awareness is a main focus of their work.
Since the disaster in 2022, Polish environmentalists now regularly participate in a roundtable format, discussing further protective measures with political and industrial stakeholders. This is a totally new inclusive format for Poland and a big step forward for activists.
Developments like these show that applying pressure on political actors can lead to change, but also that it requires patience and endurance. It also shows that despite obstacles, cross-border cooperation is possible and can bear fruit.
Edited by: Aingeal Flanagan
This article is part of a four-part series on crossborder civil society in Europe conducted with the support of Journalismfund Europe."
TechCrunch,"SoftBank’s Nvidia sale rattles market, raises questions",https://techcrunch.com/2025/11/11/softbanks-nvidia-sale-rattles-market-raises-questions/,Wall Street can’t help but wonder: does Son see something right now that others do not?,"Tue, 11 Nov 2025 19:52:31 +0000",https://techcrunch.com/?p=3066831,Connie Loizos,techcrunch.com,2025-11-11T22:17:50.596349+00:00,"Masayoshi Son isn’t known for half measures. The SoftBank founder’s career has been studded with eyebrow-raising bets, each one seemingly more outrageous than the last.
His latest move is to cash out his entire $5.8 billion Nvidia stake to go all-in on AI. And while it surprised the business world on Tuesday, it maybe should not. At this point, it’s almost more surprising when the 68-year-old Son doesn’t push his chips to the center of the table.
Consider that during the late 1990s dot-com bubble, Son’s net worth soared to about $78 billion by February 2000, briefly making him the richest person in the world. Then came the ugly dot-com implosion months later. He lost $70 billion personally – which, at the time, was the largest financial loss by any individual in history — as SoftBank’s market cap plummeted 98% from $180 billion to just $2.5 billion.
Amid that terribleness, Son made what would become his most legendary bet: a $20 million investment in Alibaba in 2000, one decided (the story goes) after just a six-minute meeting with Jack Ma. That stake would eventually grow to be worth $150 billion by 2020, transforming him into one of the venture industry’s most celebrated figures and funding his comeback.
That Alibaba success has often made it harder to see when Son has stayed too long at the table. When Son needed capital to launch his first Vision Fund in 2017, he didn’t hesitate to seek $45 billion from Saudi Arabia’s Public Investment Fund – long before taking Saudi money became acceptable in Silicon Valley.
After journalist Jamal Khashoggi was murdered in October 2018, Son condemned the killing as “horrific and deeply regrettable” but insisted SoftBank couldn’t “turn our backs on the Saudi people,” maintaining the firm’s commitment to managing the kingdom’s capital. In fact, the Vision Fund actually ramped up dealmaking soon after.
That didn’t turn out so well.
Join the Disrupt 2026 Waitlist
Add yourself to the Disrupt 2026 waitlist to be first in line when Early Bird tickets drop. Past Disrupts have brought Google Cloud, Netflix, Microsoft, Box, Phia, a16z, ElevenLabs, Wayve, Hugging Face, Elad Gil, and Vinod Khosla to the stages — part of 250+ industry leaders driving 200+ sessions built to fuel your growth and sharpen your edge. Plus, meet the hundreds of startups innovating across every sector.
Join the Disrupt 2026 Waitlist
Add yourself to the Disrupt 2026 waitlist to be first in line when Early Bird tickets drop. Past Disrupts have brought Google Cloud, Netflix, Microsoft, Box, Phia, a16z, ElevenLabs, Wayve, Hugging Face, Elad Gil, and Vinod Khosla to the stages — part of 250+ industry leaders driving 200+ sessions built to fuel your growth and sharpen your edge. Plus, meet the hundreds of startups innovating across every sector.
A big bet on Uber generated paper losses for years. Then came WeWork. Son overrode his lieutenants’ objections, fell “in love” with founder Adam Neumann, and assigned the co-working company a dizzying valuation of $47 billion in early 2019 after making several previous investments in the company. But WeWork’s IPO plans collapsed after it published a famously troubling S-1 filing. The company never quite recovered – even after pushing out Neumann and instituting a series of belt-tightening measures – ultimately costing SoftBank $11.5 billion in equity losses and another $2.2 billion in debt. (Son reportedly later called it “a stain on my life.”)
Son has been mounting another comeback for years, and Tuesday will undoubtedly be remembered as an important moment in his turnaround tale. Indeed, it will likely be recalled as the day SoftBank sold all 32.1 million of its Nvidia shares – not to diversify its bets but instead to double down elsewhere, including on a planned $30 billion commitment to OpenAI and to participate (it reportedly hopes) in a $1 trillion AI manufacturing hub in Arizona.
If selling that position still gives Son some heartburn, that’s understandable. At about $181.58 per share, SoftBank exited just 14% below Nvidia’s all-time high of $212.19, which is a strong look. That’s remarkably close to peak valuation for such a huge position. Still, the move marks SoftBank’s second complete exit from NVIDIA, and the first one was exceedingly costly. (In 2019, SoftBank sold a $4 billion stake in the company for $3.6 billion, shares that would now be worth more than $150 billion.)
The move also rattled the market. As of this writing, Nvidia shares are down nearly 3% following the disclosure, even as analysts emphasize that the sale “should not be seen as a cautious or negative stance on Nvidia,” but rather reflects SoftBank needing capital for its AI ambitions.
Wall Street can’t help but wonder: does Son see something right now that others do not? Judging by his track record, maybe — and that ambiguity is all investors have to go on."
TechCrunch,"Google Pixel update adds battery-saving maps mode, AI photo remixing, and smarter notifications",https://techcrunch.com/2025/11/11/google-pixel-update-adds-battery-saving-maps-mode-ai-photo-remixing-and-smarter-notifications/,Google says the new power saving mode for Google Maps can save you up to four hours of battery life,"Tue, 11 Nov 2025 19:00:00 +0000",https://techcrunch.com/?p=3066734,Ivan Mehta,techcrunch.com,2025-11-11T22:17:51.647584+00:00,"Google announced its November software update for Pixel phones, called Pixel Drop — a quarterly feature release that brings new capabilities to existing devices — with features including notification summaries, a power-saving mode for the Maps app, prompt-based edits for Photos, and Gemini Nano-powered photo edits in Messages.
Apple introduced notification summaries with its Apple Intelligence suite of features last year. Now, Google is catching up with its own notification summaries for longer chats and conversations on Pixel 9 and later devices. The company said that in December, it will roll out a feature that would silence low-priority notifications. By comparison, Apple has a Priority Notification feature that highlights important notifications.
Google is introducing a new low-power mode for its Maps app that will darken the screen and only show important information, including the navigation route and details of the next turn. The company said that with this feature, which will be available to Pixel 10 series users, you can save up to four hours of battery life.
The company previously introduced scam detection for phone calls using Gemini Nano and on-device speech detection for users in the U.S. with Pixel 9 and later models. It is now expanding this feature to users in the U.K., Ireland, India, Australia, and Canada.
Google is also adding a way to indicate when a message is potentially a scam, by including a “Likely a scam” button in the notification for the message. This builds on the company’s existing feature that analyzes a message’s content and detects spam or scam.
The company’s Nano Banana image model has been popular among users. It is now adding a feature called Remix, powered by that model along with Gemini in the Messages app, which lets you use a photo and reimagine it using prompts. The feature is being rolled out to users in the U.S., U.K., Australia, Canada, India, Ireland, and New Zealand with RCS enabled and support for the English language.
Google added a Pixel VIPs feature in June that let’s you designate eight of your closest contacts and get updates from them through a home screen widget. With the November Pixel Drop, notifications from these contacts will be prioritized. Plus, if an incident like a flood has occurred in area they live in, you would see a crisis badge in the contacts widget.
Join the Disrupt 2026 Waitlist
Add yourself to the Disrupt 2026 waitlist to be first in line when Early Bird tickets drop. Past Disrupts have brought Google Cloud, Netflix, Microsoft, Box, Phia, a16z, ElevenLabs, Wayve, Hugging Face, Elad Gil, and Vinod Khosla to the stages — part of 250+ industry leaders driving 200+ sessions built to fuel your growth and sharpen your edge. Plus, meet the hundreds of startups innovating across every sector.
Join the Disrupt 2026 Waitlist
Add yourself to the Disrupt 2026 waitlist to be first in line when Early Bird tickets drop. Past Disrupts have brought Google Cloud, Netflix, Microsoft, Box, Phia, a16z, ElevenLabs, Wayve, Hugging Face, Elad Gil, and Vinod Khosla to the stages — part of 250+ industry leaders driving 200+ sessions built to fuel your growth and sharpen your edge. Plus, meet the hundreds of startups innovating across every sector.
The company is also adding a new AI-powered editing feature for Google Photos. Users can tap on “Help me edit” and ask Photos to “Remove Riley’s sunglasses, open my eyes, make Engel smile and open her eyes.” The feature will use Google Photo’s face groups feature to recognize people and apply edits.
The November drop also expands support for a call transcription feature, called Call Notes, to Australia, Canada, the U.K., Ireland, and Japan. And it brings a “Wicked: For Good” theme pack with new wallpapers, icons, system sounds, and GIFs based on the movie for Pixel 6 and later devices."
TechCrunch,"Threads targets podcasters with new features, aiming to become the home for show discussions",https://techcrunch.com/2025/11/11/threads-targets-podcasters-with-new-features-aiming-to-become-the-place-fans-discuss-shows/,"Threads is targeting podcasters with new features, including dedicated links in the bio and more visible links in the feed.","Tue, 11 Nov 2025 18:00:00 +0000",https://techcrunch.com/?p=3066746,Sarah Perez,techcrunch.com,2025-11-11T22:17:52.696571+00:00,"Threads, Meta’s competitor to X, will now begin targeting a specific type of creator: podcasters. The company said on Tuesday that Threads will focus on bringing more discussions around podcasts to its app and helping creators promote their shows.
Initially, Threads will roll out a couple of new features to help on this front. For one, it will give podcast links in the feed a unique and more pronounced look, with colorful backgrounds and image thumbnails, making them easier to spot.
Creators, meanwhile, will get a dedicated spot in their user profile to add a link to their podcast. Threads says these links, which are similarly designed to stand out, will help podcasters better promote their shows and grow their audiences.
In the year ahead, these features will be followed by others that will also focus on serving podcasters and their listeners, a Meta spokesperson told TechCrunch.
Meta explained it’s interested in the podcast community because it sees the potential in becoming the de facto place for people to talk about shows and engage with creators. Today, such discussions are distributed across social media, on places like Reddit, X, Facebook and Instagram, as well as on the platforms where podcasts are streamed, like YouTube and Spotify (the latter added support for comments last year).
The company’s also trying to tap podcasts’ deep ties to culture, which can drive discussions and encourage interactions. Threads currently has more than 400 million monthly active users and 150 million daily active users, less than its rival X, which claims as many as 600 million monthly active users. Capturing the podcast community, or even a portion of that, could help to narrow that gap significantly.
However, while Threads will target the discussions that result from podcasts, the company told TechCrunch it doesn’t intend to be a podcast distribution platform.
Join the Disrupt 2026 Waitlist
Add yourself to the Disrupt 2026 waitlist to be first in line when Early Bird tickets drop. Past Disrupts have brought Google Cloud, Netflix, Microsoft, Box, Phia, a16z, ElevenLabs, Wayve, Hugging Face, Elad Gil, and Vinod Khosla to the stages — part of 250+ industry leaders driving 200+ sessions built to fuel your growth and sharpen your edge. Plus, meet the hundreds of startups innovating across every sector.
Join the Disrupt 2026 Waitlist
Add yourself to the Disrupt 2026 waitlist to be first in line when Early Bird tickets drop. Past Disrupts have brought Google Cloud, Netflix, Microsoft, Box, Phia, a16z, ElevenLabs, Wayve, Hugging Face, Elad Gil, and Vinod Khosla to the stages — part of 250+ industry leaders driving 200+ sessions built to fuel your growth and sharpen your edge. Plus, meet the hundreds of startups innovating across every sector.
Instead, the company will focus on giving podcast hosts more insight and analytics on how the conversations around their shows are resonating with fans. It also intends to develop more features that would help people discover podcasts they might like, and connect podcasters and listeners through conversations.
This isn’t the first time Threads has targeted creators as a way to differentiate its social network from X, Bluesky, and others in the space.
The company in May gave creators the ability to add up to five links in their profile, allowing them to promote their broader presence across the web, including on other social media sites, video platforms, blogs, and portfolios. The company more recently also began allowing creators to share longer thoughts and perspectives through a text attachment feature.
Meta says users can expect to see Threads explore more features focused on podcast discussions in the months ahead."
TechCrunch,"Immortality startup Eternos nabs $10.3M, pivots to personal AI that sounds like you",https://techcrunch.com/2025/11/11/immortality-startup-eternos-pivots-to-a-personal-ai-that-sounds-like-you/,Uare.ai raised $10.3 million in seed funding led by Mayfield and Boldstart Ventures.,"Tue, 11 Nov 2025 17:29:58 +0000",https://techcrunch.com/?p=3066803,Marina Temkin,techcrunch.com,2025-11-11T22:17:53.750776+00:00,"In 2023, after nearly three decades as CEO of the company he founded, Robert LoCascio stepped down as CEO of LivePerson, the public firm credited with pioneering web chat in 1997.
Generative AI advances inspired his next project, which he calls “the highest bar” for the technology: replicating human beings with their life stories and personality. In 2024, he founded and self-funded, Eternos, a legacy service that allows people to preserve their voice and stories for loved ones after they pass away. Now, it’s got a new name and modified mission.
The startup gained significant media attention after its first client, the terminally ill Michael Bommer, revealed how he worked with Eternos to create a digital replica of himself after spending 25 hours talking to Eternos about his life, interests, and worldview.
LoCascio was set on building a legacy business, but what surprised him was that most of the people considering using Eternos weren’t preparing for death.
Eternos developed the Human Life Model (HLM) — a framework that uses only an individual’s data, rather than general LLM data, to capture their unique values, life story, and decision-making traits. LoCascio saw an opportunity to use this technology to help individuals create personal AIs for professional and personal use.
The company announced Tuesday it has rebranded as Uare.ai and raised $10.3 million in seed funding led by Mayfield and Boldstart Ventures.
“I started to realize that the big models, they’re taking our datasets, and they’re getting smarter because of us,” LoCascio told TechCrunch. “We don’t have to take that path. You own the model, and you can share it and monetize it.”
Join the Disrupt 2026 Waitlist
Add yourself to the Disrupt 2026 waitlist to be first in line when Early Bird tickets drop. Past Disrupts have brought Google Cloud, Netflix, Microsoft, Box, Phia, a16z, ElevenLabs, Wayve, Hugging Face, Elad Gil, and Vinod Khosla to the stages — part of 250+ industry leaders driving 200+ sessions built to fuel your growth and sharpen your edge. Plus, meet the hundreds of startups innovating across every sector.
Join the Disrupt 2026 Waitlist
Add yourself to the Disrupt 2026 waitlist to be first in line when Early Bird tickets drop. Past Disrupts have brought Google Cloud, Netflix, Microsoft, Box, Phia, a16z, ElevenLabs, Wayve, Hugging Face, Elad Gil, and Vinod Khosla to the stages — part of 250+ industry leaders driving 200+ sessions built to fuel your growth and sharpen your edge. Plus, meet the hundreds of startups innovating across every sector.
The vision for Uare.ai is to be a scaling tool for creators and professionals. Since the personal AI models hold the individual’s full expertise, a digital replica can be put to work to generate content, handle customer interactions, and even execute projects.
Once Uare.ai’s platform launches later this year, individuals will be able to start training their HLMs by responding to Uare.ai questions about their lives using text, voice, and even video.
“The first part is getting a human life story. Where’d you come from? Tell me a story about your childhood. What’s a crossroad in your life when you were younger?” LoCascio said.
Uare.ai then asks the person to submit additional facts about their life, including information about their profession. “We blend the facts with this human life story, and that gives us your model,” he said.
Unlike Character.ai and other chatbots, Uare.ai’s model won’t turn to general LLMs to fill the gaps about anything that’s not in HLM. “Our AIs will say, I don’t know if they can’t answer the question,” LoCascio said.
Uare.ai intends to generate revenue through subscription fees or take a share of the revenue generated by customers who earn income from their digital twins.
Another startup developing personal AIs is Sequoia-backed Delphi, which has attracted people with large followings, including Arnold Schwarzenegger, and enables others to interact with his replicated knowledge via voice or text.
Navin Chaddha, managing partner at Mayfield, believes Uare.ai stands out from competitors because it targets individual professionals like CPAs. Plus, it has LoCascio, a very successful entrepreneur at the helm, he told TechCrunch."
TechCrunch,How AI startups should be thinking about product-market fit,https://techcrunch.com/2025/11/11/how-ai-startups-should-be-thinking-about-product-market-fit/,Two experienced investors share their tips for founders and operators hoping to nail product-market fit at their AI startups.,"Tue, 11 Nov 2025 17:15:00 +0000",https://techcrunch.com/?p=3066512,Tim De Chant,techcrunch.com,2025-11-11T22:17:54.805758+00:00,"For all their pitches promising something new, AI startups share many of the same questions as startups in years past: How do they know when they’ve achieved the holy grail of product-market fit?
Product-market fit has been studied extensively over the years; entire books have been written about how to master the art. But as with so many things, AI is upending established practices.
“Honestly, it just could not be more different from all the playbooks that we’ve all been taught in tech in the past,” Ann Bordetsky, a partner at New Enterprise Associates, told a standing room-only crowd at TechCrunch Disrupt in San Francisco. “It’s a completely different ball game.”
Top of the list is the pace of change in the AI world. “The technology itself isn’t static,” she said.
Even still, there are ways that founders and operators can evaluate whether they have product-market fit.
One of the best things to watch, Murali Joshi, a partner at Iconiq, told the audience, is “durability of spend.” AI is still early in the adoption curve at many companies, and so much of their spend is focused on experimentation rather than integration.
“Increasingly, we’re seeing people really shift away from just experimental AI budgets to core office of the CXO budgets,” Joshi said. “Digging into that is super critical to ensure that this is a tool, a solution, a platform that’s here to stay, versus something that they’re just testing and trying out.”
Join the Disrupt 2026 Waitlist
Add yourself to the Disrupt 2026 waitlist to be first in line when Early Bird tickets drop. Past Disrupts have brought Google Cloud, Netflix, Microsoft, Box, Phia, a16z, ElevenLabs, Wayve, Hugging Face, Elad Gil, and Vinod Khosla to the stages — part of 250+ industry leaders driving 200+ sessions built to fuel your growth and sharpen your edge. Plus, meet the hundreds of startups innovating across every sector.
Join the Disrupt 2026 Waitlist
Add yourself to the Disrupt 2026 waitlist to be first in line when Early Bird tickets drop. Past Disrupts have brought Google Cloud, Netflix, Microsoft, Box, Phia, a16z, ElevenLabs, Wayve, Hugging Face, Elad Gil, and Vinod Khosla to the stages — part of 250+ industry leaders driving 200+ sessions built to fuel your growth and sharpen your edge. Plus, meet the hundreds of startups innovating across every sector.
Joshi also suggested startups consider classic metrics: daily, weekly, and monthly active users. “How frequently are your customers engaging with the tool and the product that they’re paying for?”
Bordetsky agreed, adding that qualitative data can help provide nuance to some of the quantitative metrics which might suggest, but not confirm, whether customers are likely to stick with a product.
“If you talk to customers or users, even in qualitative interviews, which we do tend to do a lot early on, that comes through very clearly,” she said.
Interviewing people in the executive suite can be helpful, too, Joshi said. “Where does this sit in the tech stack?” he suggests asking them. He said that startups should think about how they can make themselves “more sticky as a product in terms of the core workflows.”
Lastly, it’s important for AI startups to think about product-market fit as a continuum, Bordetsky said. Product-market fit is not sort of one point in time,” she said. “It’s learning to think about how you maybe start with a little bit of product market fit in your space, but then really strengthen that over time.”"
TechCrunch,"Google Photos adds new AI features for editing, expands AI-powered search to over 100 countries",https://techcrunch.com/2025/11/11/google-photos-adds-new-ai-features-for-editing-expands-ai-powered-search-to-over-100-countries/,Google Photos is getting an image edit feature powered by the Nano Banana model.,"Tue, 11 Nov 2025 17:00:00 +0000",https://techcrunch.com/?p=3066747,Ivan Mehta,techcrunch.com,2025-11-11T22:17:55.859279+00:00,"Google Photos has rolled out a series of new AI-powered features, including a way to edit objects and people in images, a new Ask button for AI-powered answers about the photo or edit requests, AI templates to create new photos, and the expansion of natural language search.
The company first introduced prompt-based editing for Pixel 10 series phones in August. Now, iOS users in the U.S. can describe their edits using voice or text to modify images, Google announced Tuesday. The company is also bringing its redesigned photo editor with easy editing options to iOS.
The upgrade includes a new personalized edits feature that recognizes people from Google Photos’ face groups. Users can find the “Help me edit” option and type several instructions applicable to people within the photo. For instance, “Remove Riley’s sunglasses, open my eyes, make Engel smile, and open her eyes” to get edits related to each person, as the image below shows.
The company is adding its popular AI image model, Nano Banana, to Google Photos to let users edit their photos to recreate images in new styles like a Renaissance portrait or cartoon strip.
Google is also adding AI templates to easily let users convert one photo into a specific format. With Nano Banana, formats like turning images into retro portraits or action figures became popular. The company said this feature will roll out next week on Android under the Create tab in the U.S. and India, where Nano Banana is used the most.
Google Photos is also getting a slight design change with a new Ask button that will act as a starting point for different AI requests. Users can ask for information about the photo, discover related moments, and edit it using prompts. The company will also show some suggestion chips to indicate what users can do with this feature, which is rolling out to users in the U.S. on iOS and Android.
Last year, Google introduced an AI-powered search feature for the Photos app with an initial launch in the United States. Today, the company is expanding the search to more than 100 countries, including Argentina, Australia, Brazil, Chile, Colombia, India, Indonesia, Japan, Mexico, New Zealand, Saudi Arabia, Singapore, and South Africa. It will support more than 17 new languages such as Arabic, Bengali, French, German, Hindi, Indonesian, Italian, Japanese, Portugese, and Spanish."
TechCrunch,Wonderful raised $100M Series A to put AI agents on the front lines of customer service,https://techcrunch.com/2025/11/11/wonderful-raised-100m-series-a-to-put-ai-agents-on-the-front-lines-of-customer-service/,"Israeli AI agent startup Wonderful has raised $100 million in a Series A round led by Index Ventures, with participation from Insight Partners, IVP, Bessemer, and Vine Ventures. The large round, in a market already crowded with AI agent startups, suggests Wonderful has convinced top tier investors it’s not just another GPT wrapper, but a company building the infrastructure and orchestration that could scale if […]","Tue, 11 Nov 2025 16:08:47 +0000",https://techcrunch.com/?p=3066789,Rebecca Bellan,techcrunch.com,2025-11-11T22:17:56.913012+00:00,"Israeli AI agent startup Wonderful has raised $100 million in a Series A round led by Index Ventures, with participation from Insight Partners, IVP, Bessemer, and Vine Ventures.
The large round, in a market already crowded with AI agent startups, suggests Wonderful has convinced top tier investors it’s not just another GPT wrapper, but a company building the infrastructure and orchestration that could scale if multi-agent systems take off.
The round brings Wonderful’s total funding to $134 million just four months after the startup came out of stealth with a seed round and a promise to help enterprises deploy customer-facing AI agents across voice, chat, and email in every market and every language. The startup says it tailors the platform to each market it serves, fine-tuning for language, cultural norms, and regulatory environments, and even organizes local teams to manage deployment.
That approach has led to rapid growth for the young startup, which claims its AI agents are already managing tens of thousands of customer requests daily with an 80% resolve rate. Since launching, Wonderful has expanded to Italy, Switzerland, the Netherlands, Greece, Poland, Romania, the Baltics, the Adriatics and the UAE.
With its fresh funding, Wonderful intends to launch in Germany, Austria, the Nordics and Portugal in 2025, and plans to expand in the Asia-Pacific region in early 2026. But the company doesn’t intend to stop with customer support agents.
Since its system plugs deeply into an enterprise customer’s existing software and can be tailored for each market, the startup says it will be able to give agents the capabilities to perform new tasks with minimal extra effort. It is currently exploring areas like employee training, sales enablement, regulatory compliance, internal IT support, and onboarding, the company said.
“The promise of AI agents is clear, but putting that into practice, and critically, into production, is a huge challenge,” Bar Winkler, CEO and co-founder of Wonderful, said in a statement. “It requires marrying best-in-class technology together with flawless delivery, on the ground with customers. That’s been our approach with Wonderful, and it’s what has driven the accelerated adoption we’ve seen across markets in the last few months.”
Join the Disrupt 2026 Waitlist
Add yourself to the Disrupt 2026 waitlist to be first in line when Early Bird tickets drop. Past Disrupts have brought Google Cloud, Netflix, Microsoft, Box, Phia, a16z, ElevenLabs, Wayve, Hugging Face, Elad Gil, and Vinod Khosla to the stages — part of 250+ industry leaders driving 200+ sessions built to fuel your growth and sharpen your edge. Plus, meet the hundreds of startups innovating across every sector.
Join the Disrupt 2026 Waitlist
Add yourself to the Disrupt 2026 waitlist to be first in line when Early Bird tickets drop. Past Disrupts have brought Google Cloud, Netflix, Microsoft, Box, Phia, a16z, ElevenLabs, Wayve, Hugging Face, Elad Gil, and Vinod Khosla to the stages — part of 250+ industry leaders driving 200+ sessions built to fuel your growth and sharpen your edge. Plus, meet the hundreds of startups innovating across every sector.
Customer-facing AI agents are emerging as the first real beachhead for the technology, and investors were likely attracted by Wonderful’s focus here. These use cases help enterprises cut costs by augmenting or replacing human support staff, and they integrate readily into existing call centre infrastructure. Crucially, they also carry less risk than having an AI make internal decisions autonomously — a use case that most enterprises aren’t ready to adopt at scale yet.
Index Ventures partner Hannah Seal pointed to Wonderful’s ability to “[move] from concept to global scale in less than a year” as a source of confidence for investors. The company’s true edge, she said, is its ability to deploy agents for global enterprises that function across every market and language.
Jeff Horing, co-founder and managing director at Insight Partners, said the adoption Wonderful is seeing across industries shows “just how valuable culturally fluent agents can be.”"
TechCrunch,How founders can prepare for their late-stage fundraises from the start,https://techcrunch.com/2025/11/11/how-founders-can-prepare-for-their-late-stage-fundraises-from-the-start/,Startups should start forging connections with late-stage investors while they are still at the early stages.,"Tue, 11 Nov 2025 16:00:00 +0000",https://techcrunch.com/?p=3065933,Rebecca Szkutak,techcrunch.com,2025-11-11T22:17:57.954309+00:00,"Raising a $250 million Series D round may seem like a distant and unnecessary distraction to startup founders pitching investors for that first $1 million in seed money. But it shouldn’t be, according to several founders and venture capitalists. In their view, founders should be charting out a strategy for those later stage fundraises from the beginning.
Aven co-founder and CEO Sadi Khan said, while on stage at TechCrunch Disrupt, startup founders should start thinking about their later rounds before they raise their first financing. This strategy allows founders to determine how much capital they’ll likely need throughout the growth of their startup.
“We’re a very capital-intensive company; we provide asset-backed credit cards to consumers,” Khan said. “We require large amounts of capital to scale up, and we’ll require large, large amounts of capital to grow. From day zero, we knew that we needed to have an intensive pipeline of investors that we want to work with over a long period of time.”
Founders who understand how much capital they need can focus on finding the right investors for an early-stage round while building relationships with later-stage investors of the same flavor.
Lila Preston, head of growth equity at Generation Investment Management, said startups should start building these relationships at least two years before they need the capital.
Starting these relationships early gives investors time to get to know the business and the market it operates in, Preston added. It also gives investors a peek into the company’s growth.
Some later-stage investors — like Generation Investment Management, Preston said — can add value to a company long before they invest, if they think an idea is promising.
Join the Disrupt 2026 Waitlist
Add yourself to the Disrupt 2026 waitlist to be first in line when Early Bird tickets drop. Past Disrupts have brought Google Cloud, Netflix, Microsoft, Box, Phia, a16z, ElevenLabs, Wayve, Hugging Face, Elad Gil, and Vinod Khosla to the stages — part of 250+ industry leaders driving 200+ sessions built to fuel your growth and sharpen your edge. Plus, meet the hundreds of startups innovating across every sector.
Join the Disrupt 2026 Waitlist
Add yourself to the Disrupt 2026 waitlist to be first in line when Early Bird tickets drop. Past Disrupts have brought Google Cloud, Netflix, Microsoft, Box, Phia, a16z, ElevenLabs, Wayve, Hugging Face, Elad Gil, and Vinod Khosla to the stages — part of 250+ industry leaders driving 200+ sessions built to fuel your growth and sharpen your edge. Plus, meet the hundreds of startups innovating across every sector.
“When we show up, even at Series A or B, we’ve done the homework so that we’re an additive worthwhile conversation,” Preston said. “‘What are your milestones?’ ‘What does success look like to you?’ As the entrepreneur, [if you are] able to articulate that, you can come back and say, ‘yes, you’ve been able to hit the milestones you set out.’”
Zeya Yang, a partner at IVP, agreed and added that later-stage rounds are closing quicker than ever. Giving investors time to learn about your company in advance helps both sides, Yang noted.
“It definitely helps to get to know those people earlier than you think you need to,” Yang said. “When you’re actually raising, you’re talking to folks, one that you know you probably get along with, two who’ve already thought about your business a bit, etc. So it’s definitely helpful to think about it well in advance.”
Yang added that when early-stage companies start talking to later stage investors they don’t have to necessarily share all their numbers or metrics quite yet. Instead, they can share the general direction of the company and the overall vision of what it’s building.
Startups looking to find these late-stage investors should start by turning to their existing cap table, Khan said. A company’s existing investors can connect the founder to other VCs — his early investors introduced him to Khosla Ventures which led the company’s Series E round — that would be a good fit or have worked well the investors on the cap table in the past.
“At any given stage of fundraising, we always thought about what the next set of investors would be,” Khan said. “We try to build relationships in the previous round with an investor who really focuses on the next stage round. And sometimes we would let them come in on like a symbolic check to really start establishing a relationship.”"
TechCrunch,EU considers law to phase out Huawei and ZTE equipment from bloc’s telecom networks,https://techcrunch.com/2025/11/11/eu-considers-law-to-phase-out-huawei-and-zte-equipment-from-blocs-telecom-networks/,"The EC had in 2020 recommended that member nations stop using tech from ""high-risk"" vendors like Huawei and ZTE, and now its vice president, Henna Virkkunen, is pushing to turn that recommendation into regulation, Bloomberg reported.","Tue, 11 Nov 2025 15:05:59 +0000",https://techcrunch.com/?p=3066760,Kate Park,techcrunch.com,2025-11-11T22:17:59.001139+00:00,"The European Commission is stepping up efforts to bolster the security of Europe’s telecommunications networks by urging member states to phase out equipment from vendors such as Chinese tech giants Huawei and ZTE from its 5G and next-gen networks, Bloomberg reported, citing anonymous sources.
The EC had in 2020 recommended that member nations stop using tech from “high-risk” vendors like Huawei and ZTE, and now its vice president, Henna Virkkunen, is pushing to turn that recommendation into regulation, Bloomberg reported.
Virkkunen’s proposal could push EU countries to follow the Commission’s security guidance more closely. If the recommendations become legally binding, member states that ignore the rules might face infringement procedures and even financial penalties, the report said. Virkkunen is looking at limiting Chinese vendors’ involvement in fiber network projects amid a push for faster broadband rollout.
Huawei and ZTE did not respond to requests for comment.
The move comes amid a broader effort to limit China’s influence in key infrastructure as EU’s ties fray with the world’s second-largest economy. Last year, Germany’s top security official said that, starting in 2026, the country would prohibit the use of key components from Chinese firms ZTE and Huawei. In addition, Finland reportedly plans to broaden the scope of its ban on the use of Huawei components in 5G networks.
In recent years, the U.S. has persuaded European allies like the U.K. and Sweden to restrict or ban Huawei gear over concerns that Beijing could exploit it for cyber-espionage or disrupt critical communications."
TechCrunch,Meta’s chief AI scientist Yann LeCun reportedly plans to leave to build his own startup,https://techcrunch.com/2025/11/11/metas-chief-ai-scientist-yann-lecun-reportedly-plans-to-leave-to-build-his-own-startup/,"Yann LeCun, a chief AI scientist at Meta, is planning to leave the company to build his own startup, which will focus on continuing his work on world models.","Tue, 11 Nov 2025 14:58:45 +0000",https://techcrunch.com/?p=3066759,Ram Iyer,techcrunch.com,2025-11-11T22:18:00.042704+00:00,"Meta may be about to lose one of its most renowned AI heads: Yann LeCun, a chief AI scientist at the company, is planning to leave the company to build his own startup, the Financial Times reported, citing anonymous sources.
LeCun, a professor at New York University, senior researcher at Meta, and winner of the prestigious A.M. Turing Award, plans to leave in the coming months, and is already in talks to raise capital for a startup that would focus on continuing his work on world models, the report added.
A world model is an AI system that develops an internal understanding of its environment so it can simulate cause-and-effect scenarios to predict outcomes. Top labs and startups like Google DeepMind and World Labs are also developing world models.
LeCun’s departure would come at a pivotal time for Meta, which has of late changed how it approaches AI development in response to concerns that it is being outpaced by rivals like OpenAI, Google, and Anthropic.
The company has reportedly started revamping its AI organization after hiring over 50 engineers and researchers from its competitors to build out a new AI unit, dubbed Meta Superintelligence Labs (MSL). Notably, Meta in June invested $14.3 billion in data-labeling vendor Scale AI and brought on board its CEO Alexandr Wang to run the new division.
Those decisions, sources told TechCrunch in August, have made things increasingly chaotic at Meta’s AI unit, with new talent expressing frustration with navigating the bureaucracy of a big company, while Meta’s previous generative AI team has seen its scope limited.
LeCun’s long-term research work at the company under its Fundamental AI Research Lab (FAIR) division has been overshadowed by CEO Mark Zuckerberg’s decisions to overhaul things after the company’s previous family of AI models, Llama 4, failed to keep up with rival models. Unlike MSL, FAIR is designed to focus on long-term AI research — techniques that may be used five to 10 years from now.
Join the Disrupt 2026 Waitlist
Add yourself to the Disrupt 2026 waitlist to be first in line when Early Bird tickets drop. Past Disrupts have brought Google Cloud, Netflix, Microsoft, Box, Phia, a16z, ElevenLabs, Wayve, Hugging Face, Elad Gil, and Vinod Khosla to the stages — part of 250+ industry leaders driving 200+ sessions built to fuel your growth and sharpen your edge. Plus, meet the hundreds of startups innovating across every sector.
Join the Disrupt 2026 Waitlist
Add yourself to the Disrupt 2026 waitlist to be first in line when Early Bird tickets drop. Past Disrupts have brought Google Cloud, Netflix, Microsoft, Box, Phia, a16z, ElevenLabs, Wayve, Hugging Face, Elad Gil, and Vinod Khosla to the stages — part of 250+ industry leaders driving 200+ sessions built to fuel your growth and sharpen your edge. Plus, meet the hundreds of startups innovating across every sector.
LeCun has been openly skeptical about how AI technology — specifically LLMs — is currently being marketed as the cure for all of humankind’s ails. He even tweeted that AI systems have a long way to go.
“It seems to me that before ‘urgently figuring out how to control AI systems much smarter than us’ we need to have the beginning of a hint of a design for a system smarter than a house cat,” he wrote.
Meta did not immediately return a request for comment outside regular business hours."
TechCrunch,"A former physician has launched Robyn, an empathetic AI companion",https://techcrunch.com/2025/11/11/a-former-physician-has-launched-robyn-an-empathetic-ai-companion/,Robyn wants to position it self as an empathetic chatbot and not as a companion or a therapy app,"Tue, 11 Nov 2025 14:00:00 +0000",https://techcrunch.com/?p=3066373,Ivan Mehta,techcrunch.com,2025-11-11T22:18:01.094341+00:00,"Jenny Shao was a practicing physician and was in residency at Harvard. During the pandemic, Shao saw that people in isolation had a neurological impact, and they needed support. This drove her to leave her medical career, the Harvard residency, to launch a start offering an AI assistant called Robyn.
Robyn is intended to be an empathic, emotionally intelligent AI for people.
Navigating human relationships with AI assistants is a tricky space. On the one hand, there are general-purpose chatbots like ChatGPT; on the other, there are companion/friendship/avatar apps like Character.AI, Replika, and Friend, and even therapy apps like Feeling Great. A study in July indicated that 72% of U.S. teens have used AI companion apps. These apps have been accused of playing a part in the suicides of multiple people through various lawsuits.
Shao said that it is trying to position Robyn in a way that it is neither a friendship app nor a replacement for a therapist or a clinical practitioner.
“As a physician, I have seen things go badly when tech companies try to replace your doctor. Robyn is and won’t ever be a clinical [replacement]. It is equivalent to someone who knows you very well. Usually, their role is to support you. You can think of Robyn as your emotionally intelligent partner,” Shao said.
The founder said that with Robyn, her startup has tried to replicate the way humans remember things. Shao previously worked under Nobel Laureate Eric Kandel’s, who won the 2000 Nobel Prize in Physiology or Medicine, lab to research human memory. Shao said she put those learnings into Robyn to have the AI understand users more.
Robyn, which is available on iOS, has an onboarding process like many journaling or mental health apps. The app asks you about yourself, your goals, how you react when you are challenged, and what kind of tone you Robyn to respond in.
Join the Disrupt 2026 Waitlist
Add yourself to the Disrupt 2026 waitlist to be first in line when Early Bird tickets drop. Past Disrupts have brought Google Cloud, Netflix, Microsoft, Box, Phia, a16z, ElevenLabs, Wayve, Hugging Face, Elad Gil, and Vinod Khosla to the stages — part of 250+ industry leaders driving 200+ sessions built to fuel your growth and sharpen your edge. Plus, meet the hundreds of startups innovating across every sector.
Join the Disrupt 2026 Waitlist
Add yourself to the Disrupt 2026 waitlist to be first in line when Early Bird tickets drop. Past Disrupts have brought Google Cloud, Netflix, Microsoft, Box, Phia, a16z, ElevenLabs, Wayve, Hugging Face, Elad Gil, and Vinod Khosla to the stages — part of 250+ industry leaders driving 200+ sessions built to fuel your growth and sharpen your edge. Plus, meet the hundreds of startups innovating across every sector.
Once you complete the onboarding, you can chat with Robyn about different topics. For instance, when I asked it to build a morning routine for me, it asked me a bunch of questions and also had a detailed conversation about having a minimum screen time at the beginning of the day.
As you chat more with Robyn, the app will give you more insights into your pattern and also describe different traits about you, including your emotional fingerprint, attachment style, love language, growth edge, and inner critic. The startup has also made a demo website to analyze profiles on X and give insights as to what kinds of insights they would get out of Robyn.
Shao said that the company takes safety seriously and has been putting in guardrails even when she was testing the chatbot as a solo user. The app gives users a crisis line number and points them to the nearest ER if they talk about self-harm. The assistant also pushes back on certain topics and answers. If you ask it to show the latest sports score or ask it to count to 1,000, Robyn will say that it can’t perform these actions but help you with any personal stuff.
The company has raised $5.5 million in seed funding led by M13 with participation from Google Maps co-founder Lars Rasmussen, early Canva investor Bill Tai, ex-Yahoo CFO Ken Goldman, and X.ai co-founder Christian Szegedy. The startup had three team members at the start of the year and has now grown to 10 people.
Rasmussen said that the app’s emotional memory system was impressive, and Shao’s mission of helping people attracted him to invest in the app.
“We’re living through a massive disconnection problem. People are surrounded by technology but feel less understood than ever. Robyn tackles that head-on. It’s solving emotional disconnection, helping people reflect, recognize their own patterns, and reconnect with who they are. It’s not about therapy or replacing l relationships. It’s about strengthening someone’s capacity to connect — with themselves first, and then with others,” he told TechCrunch over email.
A big challenge for Robyn would be to maintain the safety of its users and also make sure users don’t anthropomorphize the chatbot.
Latif Parecha, a partner at M13, said that Robyn’s ultimate goal is to foster human connections, but for AIs operating in this realm, there needs to be guardrails.
“There needs to be guardrails in place for escalation for situations where people are in real danger. Especially, as AI will be part of our lives just like are family and friends are,” Parecha told TechCrunch over a call.
The startup has been testing Robyn with a select set of users for a few months and launching today in the U.S. The app is paid, and the subscription costs $19.99 a month or $199 a year."
TechCrunch,Lovable says it’s nearing 8 million users as the year-old AI coding startup eyes more corporate employees,https://techcrunch.com/2025/11/10/lovable-says-its-nearing-8-million-users-as-the-year-old-ai-coding-startup-eyes-more-corporate-employees/,"The platform has attracted an eclectic user base. More than half of Fortune 500 companies are using Lovable to ""supercharge creativity,"" according to Osika, who insisted retention remains strong.","Mon, 10 Nov 2025 23:53:01 +0000",https://techcrunch.com/?p=3066680,Connie Loizos,techcrunch.com,2025-11-11T22:18:02.149553+00:00,"Lovable, the Stockholm-based AI coding platform, is closing in on 8 million users, CEO Anton Osika told this editor during a sit-down on Monday, a major jump from the 2.3 million active users number the company shared in July. Osika said the company — which was founded almost exactly one year ago — is also seeing “100,000 new products built on Lovable every single day.”
The metrics suggest rapid growth of the startup, which has raised $228 million in total funding to date, including a $200 million round this summer that valued the company at $1.8 billion. Rumors have swirled in recent weeks — potentially sparked by its own investors — that new backers want to invest at a $5 billion valuation, though Osika said the company isn’t capital constrained and declined to discuss fundraising plans.
Speaking to me onstage at the Web Summit event in Lisbon, Osika notably didn’t mention another number: Lovable’s current annual recurring revenue. The company, which uses a mix of free and paid tiers, hit $100 million in ARR this June, a milestone it shared publicly. But questions have emerged since about whether the vibe coding boom is sustainable.
Research from Barclays this summer, along with Google Trends data, showed that traffic to some of the buzziest services, including Lovable and Vercel’s v0, had declined after peaking earlier this year. (Traffic to Lovable was down 40% as of September, according to the Barclays analysts.) “This waning traffic begs the question on whether app/site vibecoding has peaked out already or has just had a bit of a lull before interest ramps up,” they reportedly wrote in a note to investors.
Still, Osika said retention remains strong, citing more than 100% net dollar retention — meaning users spend more over time. He also said the company has “just passed” the 100-employee mark and is now importing leadership talent from San Francisco to bolster its Stockholm headquarters.
Lovable emerged from GPT Engineer, an open source tool Osika built that went viral among developers. But he says he quickly realized the bigger opportunity lay with the 99% of people who don’t know how to code. “I woke up a few days after building GPT Engineer and I realized, look, we’re going to reimagine how you build software,” Osika said. “I biked to my co-founder’s place, and I said, I have this great idea. I woke him up.”
The platform has attracted an eclectic user base. More than half of Fortune 500 companies are using Lovable to “supercharge creativity,” according to Osika. At the same time, he said, an 11-year-old in Lisbon built a Facebook clone for his school, while a Swedish duo is making $700,000 annually from a startup they launched seven months ago on the platform.
Join the Disrupt 2026 Waitlist
Add yourself to the Disrupt 2026 waitlist to be first in line when Early Bird tickets drop. Past Disrupts have brought Google Cloud, Netflix, Microsoft, Box, Phia, a16z, ElevenLabs, Wayve, Hugging Face, Elad Gil, and Vinod Khosla to the stages — part of 250+ industry leaders driving 200+ sessions built to fuel your growth and sharpen your edge. Plus, meet the hundreds of startups innovating across every sector.
Join the Disrupt 2026 Waitlist
Add yourself to the Disrupt 2026 waitlist to be first in line when Early Bird tickets drop. Past Disrupts have brought Google Cloud, Netflix, Microsoft, Box, Phia, a16z, ElevenLabs, Wayve, Hugging Face, Elad Gil, and Vinod Khosla to the stages — part of 250+ industry leaders driving 200+ sessions built to fuel your growth and sharpen your edge. Plus, meet the hundreds of startups innovating across every sector.
“What I hear from people trying Lovable is, ‘It just works,’” Osika said, crediting what he described as Swedish design sensibility.
Security remains a thornier issue for the vibe coding sector. When I raised a recent incident in which an app built with vibe coding tools leaked 72,000 images into the wild, including GPS data and user IDs, Osika acknowledged the problem.
“The part of the engineering organization where we’re moving the quickest on hiring is security engineers,” he said, adding that his goal is to make building with Lovable “more secure than building with just human-written code.” In fact, he said, before users can deploy, Lovable now runs multiple security checks, though the platform still requires users building sensitive applications — banking apps, for instance — to hire security experts, just as they would with traditional development.
Osika was similarly matter-of-fact when I asked about competition from OpenAI and Anthropic, the AI giants whose models power Lovable but that have also released their own coding agents. He sees the market as big enough for multiple winners. “If we can unlock more human creativity and human agency . . . and just driving the change so that anyone can create if they have good ideas, [and] build businesses on top of that, that should be celebrated, regardless of whoever does that.”
It’s a decidedly collegial stance in an industry not known for it. (Even Osika has engaged in some light social media sparring with Amjad Masad of competitor Replit.) But he said his focus right now is on building “the most intuitive experience for humans” rather than obsessing over rivals.
Osika described Lovable’s mission as building “the last piece of software” — a platform where everything a product organization needs, from understanding users to deploying mission-critical features, can be done through a simple interface.
“Demo, don’t memo,” a popular phrase among product leaders, captures how companies now use Lovable, he said. Employees can now quickly prototype ideas rather than writing long presentations, then test them with early users before committing resources.
For all the hypergrowth and investor attention, Osika — dressed simply in a beige T-shirt and matching button-down, floppy hair framing his face — appeared very much at ease. The 30-something former particle physicist, who was the first employee at AI company Sana Labs before founding Lovable, has gone from open source developer to venture-backed founder to must-have conference guest in rapid succession. Yet he seemed more interested in discussing European work culture than dwelling on his company’s trajectory or the attention suddenly being showered on him.
“What I care about is that everyone who’s at the company, they’re mission driven, they really care about what they’re doing and how we as a team succeed,” he said, pushing back against Silicon Valley’s intensifying hustle culture. “The best people in my team today, most of them, they have kids, and they really, really care about what we’re doing. They’re not working 12 hours, six days a week.”
Though he added: “Although it’s a startup, so they’re probably working more than most jobs.”"
TechCrunch,The circular money problem at the heart of AI’s biggest deals,https://techcrunch.com/video/the-circular-money-problem-at-the-heart-of-ais-biggest-deals/,"SoftBank and OpenAI announced a new 50-50 joint venture this week to sell enterprise AI tools in Japan under the brand “Crystal Intelligence.” On paper, it’s a straightforward international expansion deal. But SoftBank’s role as a major investor in OpenAI is raising questions about whether AI’s biggest deals are creating real economic value or just moving money in circles. […]","Mon, 10 Nov 2025 23:32:36 +0000",https://techcrunch.com/?post_type=tc_video&p=3066088,Theresa Loconsolo,techcrunch.com,2025-11-11T22:18:03.202416+00:00,"SoftBank and OpenAI announced a new 50-50 joint venture this week to sell enterprise AI tools in Japan under the brand “Crystal Intelligence.” On paper, it’s a straightforward international expansion deal. But SoftBank’s role as a major investor in OpenAI is raising questions about whether AI’s biggest deals are creating real economic value or just moving money in circles.
On TechCrunch’s Equity podcast, Kirsten Korosec, Anthony Ha, and AI editor Russell Brandom break down why this deal has people skeptical, and what it signals about the sustainability of AI’s current investment model, and more.
Subscribe to Equity on Apple Podcasts, Overcast, Spotify and all the casts. You also can follow Equity on X and Threads, at @EquityPod."
TechCrunch,VC Jennifer Neundorfer explains how founders can stand out in a crowded AI market,https://techcrunch.com/2025/11/10/vc-jennifer-neundorfer-explains-how-founders-can-stand-out-in-a-crowded-ai-market/,January Ventures co-founder Jennifer Neundorfer discussed this AI-driven funding market on the Equity podcast during TechCrunch Disrupt.,"Mon, 10 Nov 2025 23:30:00 +0000",https://techcrunch.com/?p=3066484,Dominic-Madori Davis,techcrunch.com,2025-11-11T22:18:04.256239+00:00,"January Ventures co-founder Jennifer Neundorfer stopped by the Equity podcast during TechCrunch Disrupt to chat about fundraising in this very AI-driven market.
Founders and investors alike are obsessed with AI, and even Neundorfer said her firm is looking at ways to use AI to make their work more efficient, such as helping to do due diligence on the market and competition. As for companies being built, she has a preference for the founders looking to create something entirely new.
“Where I tend to get excited is when I see someone who is using AI to do something that isn’t 10x better. It’s actually to create a whole new experience or workflow or behavior,” she said. “That’s what we’re looking at. Less of the incremental changes and more totally new behaviors.”
This is getting harder for founders because fatigue, she said, has hit as more AI ideas start to sound the same.
“Where I think founders are breaking through is when they can communicate to investors why what they’re doing is really different than the other dozens of startups that are doing that and why they are the team to go after that,” she said.
Whether we are in the so-called AI bubble or not, Neundorfer says a market correction is probably coming, and a lot of the companies getting windfalls of investor money now might not survive. The winners will navigate this moment building “truly category-defining companies,” capturing where the tech is going next. “Founders who can stay ahead of that curve, build at the edge of what’s possible today, and build for what’s coming,” she listed. “Founders who are able to really read the market and understand what it is their customer wants versus just building what is possible. Those are the founders that will have an advantage.”
Elsewhere on the pod, she spoke about her life before venture, where she worked at YouTube and 21st Century Fox.
Join the Disrupt 2026 Waitlist
Add yourself to the Disrupt 2026 waitlist to be first in line when Early Bird tickets drop. Past Disrupts have brought Google Cloud, Netflix, Microsoft, Box, Phia, a16z, ElevenLabs, Wayve, Hugging Face, Elad Gil, and Vinod Khosla to the stages — part of 250+ industry leaders driving 200+ sessions built to fuel your growth and sharpen your edge. Plus, meet the hundreds of startups innovating across every sector.
Join the Disrupt 2026 Waitlist
Add yourself to the Disrupt 2026 waitlist to be first in line when Early Bird tickets drop. Past Disrupts have brought Google Cloud, Netflix, Microsoft, Box, Phia, a16z, ElevenLabs, Wayve, Hugging Face, Elad Gil, and Vinod Khosla to the stages — part of 250+ industry leaders driving 200+ sessions built to fuel your growth and sharpen your edge. Plus, meet the hundreds of startups innovating across every sector.
“So much of what I did was meet with people who had great technology,” she recalled of her time at 21st Century Fox. Meeting and talking technology with people was the part of the job that gave her the most joy, and helped her realize how much she would probably love working with early-stage founders.
But the learning curve was steep when she decided to transition to investing. In the early days, she said she would constantly check in with founders and give detailed input on their companies.
“That’s appropriate for some cases, but it’s really about the relationship with the founder, supporting not only weighing in on the business, but supporting them as a person,” she said.
Now, she’s comfortable in the job. She serves as a mentor for various organizations, such as Techstars, and has made more than 50 investments at January Ventures, according to PitchBook, nabbing some exits in the meantime.
Throughout the conversation, Neundorfer spoke about the changing venture market, funding levels for minorities and women, and about venture markets outside of San Francisco that are seeing success. Her biggest advice to diverse founders right now actually goes for many founders building in this climate: ignore the noise and focus on building a good company.
“Anything else becomes something they can’t control, and the worry isn’t worth it.”"
TechCrunch,A better way of thinking about the AI bubble,https://techcrunch.com/2025/11/10/a-better-way-of-thinking-about-the-ai-bubble/,"AI isn't all or nothing, and even good bets can turn sour if you aren't careful about how you make them.","Mon, 10 Nov 2025 21:16:41 +0000",https://techcrunch.com/?p=3066596,Russell Brandom,techcrunch.com,2025-11-11T22:18:05.311077+00:00,"People often think about tech bubbles in apocalyptic terms, but it doesn’t have to be as serious as all that. In economic terms, a bubble is a bet that turned out to be too big, leaving you with more supply than demand.
The upshot: It’s not all or nothing, and even good bets can turn sour if you aren’t careful about how you make them.
What makes the question of the AI bubble so tricky to answer is mismatched timelines between the breakneck pace of AI software development and the slow crawl of constructing and powering a data center.
Because these data centers take years to build, a lot will inevitably change between now and when they come online. The supply chain that powers AI services is so complex and fluid that it’s hard to have any clarity on how much supply we’ll need a few years from now. It isn’t simply a matter of how much people will be using AI in 2028, but how they’ll be using it, and whether we’ll have any breakthroughs in energy, semiconductor design, or power transmission in the meantime.
When a bet is this big, there are lots of ways it can go wrong — and AI bets are getting very big indeed.
Last week, Reuters reported that an Oracle-linked data center campus in New Mexico has drawn as much as $18 billion in credit from a consortium of 20 banks. Oracle has already contracted $300 billion in cloud services to OpenAI, and the companies have joined with SoftBank to build $500 billion in total AI infrastructure as part of the “Stargate” project. Meta, not to be outdone, has pledged to spend $600 billion on infrastructure over the next three years. We’ve been tracking all the major commitments here — and the sheer volume has made it hard to keep up.
At the same time, there is real uncertainty about how fast demand for AI services will grow.
Join the Disrupt 2026 Waitlist
Add yourself to the Disrupt 2026 waitlist to be first in line when Early Bird tickets drop. Past Disrupts have brought Google Cloud, Netflix, Microsoft, Box, Phia, a16z, ElevenLabs, Wayve, Hugging Face, Elad Gil, and Vinod Khosla to the stages — part of 250+ industry leaders driving 200+ sessions built to fuel your growth and sharpen your edge. Plus, meet the hundreds of startups innovating across every sector.
Join the Disrupt 2026 Waitlist
Add yourself to the Disrupt 2026 waitlist to be first in line when Early Bird tickets drop. Past Disrupts have brought Google Cloud, Netflix, Microsoft, Box, Phia, a16z, ElevenLabs, Wayve, Hugging Face, Elad Gil, and Vinod Khosla to the stages — part of 250+ industry leaders driving 200+ sessions built to fuel your growth and sharpen your edge. Plus, meet the hundreds of startups innovating across every sector.
A McKinsey survey released last week looked at how top firms are employing AI tools. The results were mixed. Almost all the businesses contacted are using AI in some way, yet few are using it on any real scale. AI has allowed companies to cost-cut in specific use cases, but it’s not making a dent on the overall business. In short, most companies are still in “wait and see” mode. If you’re counting on those companies to buy space in your data center, you may be waiting a long time.
But even if AI demand is endless, these projects could run into more straightforward infrastructure problems. Last week, Satya Nadella surprised podcast listeners by saying he was more concerned with running out of data center space than running out of chips. (As he put it, “It’s not a supply issue of chips; it’s the fact that I don’t have warm shells to plug into.”) At the same time, whole data centers are sitting idle because they can’t handle the power demands of the latest generation of chips.
While Nvidia and OpenAI have been moving forward as fast as they possibly can, the electrical grid and built environment are still moving at the same pace they always have. That leaves lots of opportunity for expensive bottlenecks, even if everything else goes right.
We get deeper into the idea in this week’s Equity podcast, which you can listen to below."
TechCrunch,Rad Power Bikes faces shutdown in January without new funding,https://techcrunch.com/2025/11/10/rad-power-bikes-faces-shutdown-in-january-without-new-funding/,"Seattle-based Rad Power has gone through multiple rounds of layoffs over the last few years coming out of the pandemic. However, the company is ""still fighting to find ways to continue"" according to an email viewed by TechCrunch.","Mon, 10 Nov 2025 21:14:56 +0000",https://techcrunch.com/?p=3066598,"Sean O'Kane, Kirsten Korosec",techcrunch.com,2025-11-11T22:18:06.365889+00:00,"Rad Power Bikes has informed its employees that it will shut down in January if it is unable to find new funding or get acquired, according to an internal staff email viewed by TechCrunch.
The company’s leadership is “still fighting to find ways to continue,” and “the cessation of Rad’s operations is not a forgone conclusion,” according to the email, which was sent by Rad Power’s “people team.” Rad Power employees were told there had been a “very promising” option to keep the company alive that “appeared to be likely to close,” but the deal — which was not specified in the email — “did not come to fruition.”
“Rad is nothing without its people and wants to ensure that all employees are taken care of and provided for to the fullest extent feasible. Executive leaders are hopeful that a viable solution will be found to ensure that Rad team members remain gainfully employed for the foreseeable future. However, to be fully transparent, despite our collective efforts, it is possible that this may not happen, and Rad may be forced to cease operations,” the email reads. GeekWire was first to report the contents of the email.
Seattle-based Rad Power has gone through multiple rounds of layoffs over the last few years coming out of the pandemic. While the early pandemic days were a boon to micromobility companies like Rad Power, a “sudden drop in consumer demand” left the company saddled with excess inventory, according to the email viewed by TechCrunch. “Rad continues to face significant financial challenges, including in the form of tariffs and the macroeconomic landscape.”
“At this time, Rad’s leadership is focused on supporting our employees, serving our Rad Riders, and giving Rad the best chance for longevity,” a spokesperson for the company said.
Rad Power is far from the only company in the e-bike or micromobility space to run into trouble recently. A number of others have gone out of business or had to restructure over the last few years, like Cake, VanMoof, Superpedestrian, and Bird.
Despite the industry turmoil, Rad Power was still considered to make some of the most compelling e-bikes on the market. But faced with escalating financial pressure, the company swapped CEOs earlier this year. It brought in an executive named Kathi Lentzsch who has spent decades turning around underperforming companies.
Join the Disrupt 2026 Waitlist
Add yourself to the Disrupt 2026 waitlist to be first in line when Early Bird tickets drop. Past Disrupts have brought Google Cloud, Netflix, Microsoft, Box, Phia, a16z, ElevenLabs, Wayve, Hugging Face, Elad Gil, and Vinod Khosla to the stages — part of 250+ industry leaders driving 200+ sessions built to fuel your growth and sharpen your edge. Plus, meet the hundreds of startups innovating across every sector.
Join the Disrupt 2026 Waitlist
Add yourself to the Disrupt 2026 waitlist to be first in line when Early Bird tickets drop. Past Disrupts have brought Google Cloud, Netflix, Microsoft, Box, Phia, a16z, ElevenLabs, Wayve, Hugging Face, Elad Gil, and Vinod Khosla to the stages — part of 250+ industry leaders driving 200+ sessions built to fuel your growth and sharpen your edge. Plus, meet the hundreds of startups innovating across every sector.
Lentzsch and the other executives at Rad Power have spent the last few months exploring “strategic partnerships with other companies that could acquire [Rad Power] or provide funding so the company could keep moving forward,” per the email.
Last week, the company issued a Worker Adjustment and Retraining Notification notice to the employees at its Seattle headquarters, which told them that the 64 people working there could be laid off as soon as January 9. But this isn’t a targeted layoff, according to the email — it’s just the only Rad Power office with enough workers to necessitate this kind of mandated warning.
“In the event the company is forced to close, Rad would be required to cease operations on January 9, 2026, or within 14 days thereafter,” according to the email. “In that case, Rad expects that any cessation of operations will affect all locations and departments, will be permanent in nature, and that all employees will be terminated effective January 9, 2026.”"
TechCrunch,"Kaltura acquires eSelf, founded by creator of Snap’s AI, in $27M deal",https://techcrunch.com/2025/11/10/kaltura-acquires-eself-founded-by-creator-of-snaps-ai-in-27m-deal/,Kaltura acquires AI avatar startup eSelf to integrate generative AI into enterprise video and learning tools.,"Mon, 10 Nov 2025 21:05:00 +0000",https://techcrunch.com/?p=3066374,Kate Park,techcrunch.com,2025-11-11T22:18:07.423503+00:00,"Kaltura, a New York-headquartered AI video platform company, is acquiring eSelf.ai, an Israel-based startup behind conversational avatars — AI-generated digital humans that can talk with users — for about $27 million. Kaltura announced today that it has signed a definitive agreement to acquire eSelf, a platform supporting more than 30 languages and featuring a user-friendly studio for creating, customizing, and deploying photorealistic digital avatars.
Co-founded in 2023 by CEO Alan Bekker, who previously sold his first startup, Voca, to Snap in 2020 — and CTO Eylon Shoshan, eSelf brings deep technical expertise in speech-to-video generation, low-latency speech recognition, and screen understanding, which allows avatars to see and respond to what’s on a user’s screen. The eSelf co-founders will join Kaltura to oversee the integration of eSelf’s technology into the company, with all current eSelf employees coming on board as well.
The two-year-old startup has a small but strong team of around 15 AI experts, Ron Yekutiel, co-founder and CEO of Kaltura, told TechCrunch. He noted that Bekker’s former company specialized in natural language processing, which helps computers understand human speech, and computer vision, saying it was a “very leading company in the area of conversational speech bots. And so he’s an expert [in this field], and that’s what we bought,” Yekutiel said.
Kaltura offers a suite of cloud-based software solutions designed for advanced video applications, including a corporate video portal akin to a private YouTube, tools for webinars and virtual events, and integrations that embed video learning into university learning management systems, or platforms that organize online coursework.
The Nasdaq-listed company also delivers virtual classroom products and end-to-end TV streaming solutions. Kaltura’s video platform serves over 800 enterprise customers, helping them engage users across sales, marketing, customer care, education, and entertainment. Its clients include tech giants like Amazon, Oracle, Salesforce, SAP, Adobe, and IBM, as well as leading banks, insurance companies, consulting firms, pharmaceutical companies, and universities in the U.S.
Kaltura plans to integrate eSelf.ai’s virtual agent technology across its video offerings; the integration aims to enable agents that can listen, speak, and interpret user screens in real time.
“This acquisition was so strategic. We were actively evaluating multiple companies to find the right fit. We determined that they [eSelf] were best-in-class for real-time, synchronous conversation — not just video-on-demand lip-syncing — and that they had an impressive speech-to-text and text-to-speech technology stack,” Yekutiel said in an interview with TechCrunch. “Beyond the technology, there was also a strong cultural and geographic alignment, which was critical for us.”
Join the Disrupt 2026 Waitlist
Add yourself to the Disrupt 2026 waitlist to be first in line when Early Bird tickets drop. Past Disrupts have brought Google Cloud, Netflix, Microsoft, Box, Phia, a16z, ElevenLabs, Wayve, Hugging Face, Elad Gil, and Vinod Khosla to the stages — part of 250+ industry leaders driving 200+ sessions built to fuel your growth and sharpen your edge. Plus, meet the hundreds of startups innovating across every sector.
Join the Disrupt 2026 Waitlist
Add yourself to the Disrupt 2026 waitlist to be first in line when Early Bird tickets drop. Past Disrupts have brought Google Cloud, Netflix, Microsoft, Box, Phia, a16z, ElevenLabs, Wayve, Hugging Face, Elad Gil, and Vinod Khosla to the stages — part of 250+ industry leaders driving 200+ sessions built to fuel your growth and sharpen your edge. Plus, meet the hundreds of startups innovating across every sector.
Why a video company is betting on conversational avatars
For the past two decades, businesses have mostly used video for streaming, uploading, and managing content. But that’s changing fast. Thanks to AI, videos can now be generated instantly — hyper-personalized and contextual — giving every viewer their own custom experience, tailored exactly to what they need in that moment, Yekutiel explained.
“We started with video, then moved to personalized video, and now, with eSelf’s technology, we’re adding human-like capabilities — faces, eyes, mouths, ears — to make our AI agents conversational and expressive,” Yekutiel said.
Kaltura is evolving from a video platform into a video-based customer and employee experience provider, where video serves as the interface. Unlike most avatar companies that offer only a “face,” it delivers the full workflow — avatar, intelligence, and enterprise-connected knowledge. The focus isn’t just streaming video; it’s driving measurable business results and ROI, the CEO added.
The company plans to launch standalone, embeddable agents for uses including sales, marketing, customer support, and training. Target sectors include education, media and telecom, e-commerce, financial services, healthcare, and pharmaceuticals.
Asked about media reports saying Kaltura was exploring a sale or merger at a $400 million to $500 million valuation, Yekutiel told TechCrunch that Kaltura has explored opportunities with a range of companies, including potential “acquisitions, mergers with similarly sized firms, and connections with some larger players.” But it never got close to a transaction like the ones being reported, he said. He also pointed to Kaltura’s recent acquisitions, including its fourth company, as evidence of the company’s continued commitment to its current strategy.
This marks Kaltura’s fourth acquisition to date. The company acquired cloud TV solution Tvinci in 2014, followed by Rapt Media in 2018, and video conferencing platform Newrow in 2020. eSelf’s most recent funding round was its $4.5 million announced in December 2024.
Kaltura, which went public in 2021, reports around $180 million in revenue, is profitable on an adjusted EBITDA and cash flow basis, and has about 600 employees."
TechCrunch,Google brings Gemini to the Google TV Streamer,https://techcrunch.com/2025/11/10/google-brings-gemini-to-the-google-tv-streamer/,The tech giant says the change will enable users to use their voice more naturally to access content and more.,"Mon, 10 Nov 2025 19:28:57 +0000",https://techcrunch.com/?p=3066467,Aisha Malik,techcrunch.com,2025-11-11T22:18:08.472548+00:00,"Google announced on Monday that it’s starting to roll out Gemini to the Google TV Streamer, replacing Google Assistant. The tech giant says the change will enable users to use their voice more naturally to access content and more.
For example, users can now ask something like, “I like dramas but my wife likes comedies. What’s a movie we can watch together?” when looking for movie recommendations.
Or, users could quickly catch up on a show they’re returning to by asking something like, “What happened at the end of Outlander last season?” In another example, Google says users can even ask something like “What’s the new hospital drama everyone’s talking about?”
Google says Gemini for TV goes beyond entertainment, as users can ask the AI assistant any other type of question as well, just like they can with Gemini on their phone.
For example, users could bring learning to their TV by asking Gemini to “Explain why volcanoes erupt to my third grader.” Gemini can also guide users through DIY projects or recipes with YouTube videos, Google says.
To access Gemini on the Google TV Streamer, you need to press your remote’s microphone button.
Google says the update is rolling out “over the next few weeks” to users aged 18 and older.
Join the Disrupt 2026 Waitlist
Add yourself to the Disrupt 2026 waitlist to be first in line when Early Bird tickets drop. Past Disrupts have brought Google Cloud, Netflix, Microsoft, Box, Phia, a16z, ElevenLabs, Wayve, Hugging Face, Elad Gil, and Vinod Khosla to the stages — part of 250+ industry leaders driving 200+ sessions built to fuel your growth and sharpen your edge. Plus, meet the hundreds of startups innovating across every sector.
Join the Disrupt 2026 Waitlist
Add yourself to the Disrupt 2026 waitlist to be first in line when Early Bird tickets drop. Past Disrupts have brought Google Cloud, Netflix, Microsoft, Box, Phia, a16z, ElevenLabs, Wayve, Hugging Face, Elad Gil, and Vinod Khosla to the stages — part of 250+ industry leaders driving 200+ sessions built to fuel your growth and sharpen your edge. Plus, meet the hundreds of startups innovating across every sector.
The move comes as Google announced back in September that it was introducing Gemini for Google TV to select TCL devices. The company said at the time that later in the year, Gemini would be arriving on the 2025 Hisense U7, U8, and UX models, and 2025 TCL QM7K, QM8K, and X11K models.
In addition to the Google TV Streamer, Gemini is also available on the Walmart Onn 4K Pro streaming device.
Monday’s announcement doesn’t come as a surprise, as the change is part of Google’s plans to replace Google Assistant with Gemini across all of its devices and platforms. Plus, the company had announced at CES in January that Gemini would be coming to Google TV this year."
TechCrunch,"AI PowerPoint-killer Gamma hits $2.1B valuation, $100M ARR, founder says",https://techcrunch.com/2025/11/10/ai-powerpoint-killer-gamma-hits-2-1b-valuation-100m-arr-founder-says/,"Gamma is growing quickly, and profitably, its co-founder CEO Grant Lee says.","Mon, 10 Nov 2025 19:28:03 +0000",https://techcrunch.com/?p=3066533,Julie Bort,techcrunch.com,2025-11-11T22:18:09.519596+00:00,"Gamma, a startup that creates AI-generated presentations, websites, and social media posts, announced on Monday a $68 million Series B round at a $2.1 billion valuation led by Andreessen Horowitz.
Co-founder and CEO Grant Lee posted on X that the company has profitably hit $100 million in ARR, with 70 million users. The startup hit $50 million profitably in its first two years, Lee previously posted. Gamma last raised a $12 million Series A round led by Accel in 2024.
Gamma isn’t exactly a new-to-the-scene AI startup (at least by AI standards). It was founded in late 2020, according to Lee’s LinkedIn, with its product first launching in 2022.
Its more cautious raising trajectory (by AI standards) helped it hit a double-unicorn valuation on a total fundraising of about $90 million. This was achieved with only about 50 employees, Lee said. And the round included a $20 million secondary offering that gave liquidity to early employees, the company tells TechCrunch. The latest round also included participation from Accel and Uncork Capital, and its other backers include South Park Commons, Hustle Fund, and others."
TechCrunch,"Wikipedia urges AI companies to use its paid API, and stop scraping",https://techcrunch.com/2025/11/10/wikipedia-urges-ai-companies-to-use-its-paid-api-and-stop-scraping/,"Wikipedia, the online nonprofit encyclopedia, laid out a simple plan to ensure its website continues to be supported in the AI era, despite its declining traffic.","Mon, 10 Nov 2025 18:30:59 +0000",https://techcrunch.com/?p=3066445,Sarah Perez,techcrunch.com,2025-11-11T22:18:10.569922+00:00,"Wikipedia on Monday laid out a simple plan to ensure its website continues to be supported in the AI era, despite its declining traffic.
In a blog post, the Wikimedia Foundation, the organization that runs the popular online encyclopedia, called on AI developers to use its content “responsibly” by ensuring its contributions are properly attributed and that content is accessed through its paid product, the Wikimedia Enterprise platform.
The opt-in, paid product allows companies to use Wikipedia’s content at scale without “severely taxing Wikipedia’s servers,” the Wikimedia Foundation blog post explains. In addition, the product’s paid nature allows AI companies to support the organization’s nonprofit mission.
While the post doesn’t go so far as to threaten penalties or any sort of legal action for use of its material through scraping, Wikipedia recently noted that AI bots had been scraping its website while trying to appear human. After updating its bot-detection systems, the organization found that its unusually high traffic in May and June had come from AI bots that were trying to “evade detection.” Meanwhile, it said that “human page views” had declined 8% year-over-year.
Now Wikipedia is laying out its guidelines for AI developers and providers, saying that generative AI developers should provide attribution to give credit to the human contributors whose content it uses to create its outputs.
“For people to trust information shared on the internet, platforms should make it clear where the information is sourced from and elevate opportunities to visit and participate in those sources,” the post reads. “With fewer visits to Wikipedia, fewer volunteers may grow and enrich the content, and fewer individual donors may support this work.”
Earlier this year, the organization released its AI strategy for editors, which said it would use AI to help editors with workflows around tedious tasks, automating translation, and other tools that help its editors, not replace them."
